{
"type": "FeatureCollection",
"name": "beneficiarios",
"crs": { "type": "name", "properties": { "name": "urn:ogc:def:crs:OGC:1.3:CRS84" } },
"features": [
{ "type": "Feature", "properties": { "CI": "105146567", "GENERO": "MUJER", "PROVINCIA": "AZUAY", "PARROQUIA": "OCTAVIO CORDERO PALACIOS", "SECTOR": "URBANO", "PLANIFICAC": "613 BIRF", "X": -78.953067, "Y": -2.783344, "CANTON": "CUENCA", "NOMBRE": "TAMAY LEMA BLANCA IDUVINCES" }, "geometry": { "type": "Point", "coordinates": [ -78.953066933733879, -2.783343854227424 ] } },
{ "type": "Feature", "properties": { "CI": "703817601", "GENERO": "HOMBRE", "PROVINCIA": "AZUAY", "PARROQUIA": "SANTA ISABEL", "SECTOR": "URBANO", "PLANIFICAC": "613 BIRF", "X": -79.341717, "Y": -3.284584, "CANTON": "SANTA ISABEL", "NOMBRE": "GUAMAN MERCHAN HECTOR ANIBAL" }, "geometry": { "type": "Point", "coordinates": [ -79.341717059955926, -3.28458388504633 ] } },
{ "type": "Feature", "properties": { "CI": "703816967", "GENERO": "MUJER", "PROVINCIA": "AZUAY", "PARROQUIA": "SANTA ISABEL", "SECTOR": "URBANO", "PLANIFICAC": "613 BIRF", "X": -79.335388, "Y": -3.302913, "CANTON": "SANTA ISABEL", "NOMBRE": "GUAMAN MERCHAN MIRIAN AZUCENA" }, "geometry": { "type": "Point", "coordinates": [ -79.33538825405445, -3.302912914431881 ] } },
{ "type": "Feature", "properties": { "CI": "1207466838", "GENERO": "MUJER", "PROVINCIA": "BOLIVAR", "PARROQUIA": "ECHEANDIA", "SECTOR": "URBANO", "PLANIFICAC": "613 BIRF", "X": -79.265529, "Y": -1.431183, "CANTON": "ECHEANDIA", "NOMBRE": "IBARRA POVEDA BETTY NARCISA" }, "geometry": { "type": "Point", "coordinates": [ -79.265529255503822, -1.431182796811273 ] } },
{ "type": "Feature", "properties": { "CI": "1719074708", "GENERO": "MUJER", "PROVINCIA": "BOLIVAR", "PARROQUIA": "ECHEANDIA (EL TRIUNFO ORONGO)", "SECTOR": "URBANO", "PLANIFICAC": "613 BIRF", "X": -79.326781, "Y": -1.446575, "CANTON": "ECHEANDIA", "NOMBRE": "SANUNGA CAGUANA YESICA PATRICIA" }, "geometry": { "type": "Point", "coordinates": [ -79.326781423639616, -1.446575209644924 ] } },
{ "type": "Feature", "properties": { "CI": "401302229", "GENERO": "HOMBRE", "PROVINCIA": "CARCHI", "PARROQUIA": "BOLIVAR", "SECTOR": "URBANO", "PLANIFICAC": "613 BIRF", "X": -77.869837, "Y": 0.576992, "CANTON": "BOLIVAR", "NOMBRE": "MUESES CUASQUER DARWIN HERNAN" }, "geometry": { "type": "Point", "coordinates": [ -77.869836511133457, 0.576991985104807 ] } },
{ "type": "Feature", "properties": { "CI": "602392060", "GENERO": "MUJER", "PROVINCIA": "CHIMBORAZO", "PARROQUIA": "CAJABAMBA", "SECTOR": "URBANO", "PLANIFICAC": "613 BIRF", "X": -78.742885, "Y": -1.659451, "CANTON": "COLTA", "NOMBRE": "LLANGARI LLANGARI DOLORES JOSEFINA" }, "geometry": { "type": "Point", "coordinates": [ -78.742885415886633, -1.65945093515347 ] } },
{ "type": "Feature", "properties": { "CI": "601626047", "GENERO": "MUJER", "PROVINCIA": "CHIMBORAZO", "PARROQUIA": "CUMANDA", "SECTOR": "URBANO", "PLANIFICAC": "613 BIRF", "X": -79.12465, "Y": -2.207692, "CANTON": "CUMANDA", "NOMBRE": "CUENCA AME MARIA CRUZ" }, "geometry": { "type": "Point", "coordinates": [ -79.124650259027192, -2.20769171683174 ] } },
{ "type": "Feature", "properties": { "CI": "915014393", "GENERO": "HOMBRE", "PROVINCIA": "GUAYAS", "PARROQUIA": "BALZAR", "SECTOR": "URBANO", "PLANIFICAC": "613 BIRF", "X": -79.858187, "Y": -1.199089, "CANTON": "BALZAR", "NOMBRE": "ARIAS BAZURTO IGNACIO FRANCISCA" }, "geometry": { "type": "Point", "coordinates": [ -79.858187185163629, -1.199088561727665 ] } },
{ "type": "Feature", "properties": { "CI": "917062648", "GENERO": "HOMBRE", "PROVINCIA": "GUAYAS", "PARROQUIA": "BALZAR", "SECTOR": "URBANO", "PLANIFICAC": "613 BIRF", "X": -79.847812, "Y": -1.311501, "CANTON": "BALZAR", "NOMBRE": "BAZURTO CASTRO SANTO RAFAEL" }, "geometry": { "type": "Point", "coordinates": [ -79.847812038525873, -1.311500793541553 ] } },
{ "type": "Feature", "properties": { "CI": "908367824", "GENERO": "HOMBRE", "PROVINCIA": "GUAYAS", "PARROQUIA": "BALZAR", "SECTOR": "URBANO", "PLANIFICAC": "613 BIRF", "X": -79.842802, "Y": -1.197662, "CANTON": "BALZAR", "NOMBRE": "PILOSO CAMPOS BERNARDO SIXTO" }, "geometry": { "type": "Point", "coordinates": [ -79.842802239986838, -1.197661928911104 ] } },
{ "type": "Feature", "properties": { "CI": "907534036", "GENERO": "HOMBRE", "PROVINCIA": "GUAYAS", "PARROQUIA": "BALZAR", "SECTOR": "URBANO", "PLANIFICAC": "613 BIRF", "X": -79.853088, "Y": -1.208349, "CANTON": "BALZAR", "NOMBRE": "ESPINOZA GARAVI LUIS FORTUNATO" }, "geometry": { "type": "Point", "coordinates": [ -79.853087743763069, -1.208348957437096 ] } },
{ "type": "Feature", "properties": { "CI": "910628726", "GENERO": "HOMBRE", "PROVINCIA": "GUAYAS", "PARROQUIA": "BALZAR", "SECTOR": "URBANO", "PLANIFICAC": "613 BIRF", "X": -79.851328, "Y": -1.181682, "CANTON": "BALZAR", "NOMBRE": "PERALTA GUERRERO PEDRO CELESTINO" }, "geometry": { "type": "Point", "coordinates": [ -79.851328399781536, -1.181682236187989 ] } },
{ "type": "Feature", "properties": { "CI": "1104143522", "GENERO": "HOMBRE", "PROVINCIA": "LOJA", "PARROQUIA": "CARIAMANGA", "SECTOR": "URBANO", "PLANIFICAC": "613 BIRF", "X": -79.564343, "Y": -4.336123, "CANTON": "CALVAS", "NOMBRE": "JIMENEZ CASTILLO PATRICIO YOVANY" }, "geometry": { "type": "Point", "coordinates": [ -79.564343487024473, -4.336123116288275 ] } },
{ "type": "Feature", "properties": { "CI": "1104729981", "GENERO": "MUJER", "PROVINCIA": "LOJA", "PARROQUIA": "CATAMAYO", "SECTOR": "URBANO", "PLANIFICAC": "613 BIRF", "X": -79.36404, "Y": -4.227361, "CANTON": "CATAMAYO", "NOMBRE": "HERRERA VARGAS LUZ MIREYA" }, "geometry": { "type": "Point", "coordinates": [ -79.36403997069371, -4.227360680482114 ] } },
{ "type": "Feature", "properties": { "CI": "1104526247", "GENERO": "MUJER", "PROVINCIA": "LOJA", "PARROQUIA": "AMALUZA", "SECTOR": "URBANO", "PLANIFICAC": "613 BIRF", "X": -79.422217, "Y": -4.57925, "CANTON": "ESPINDOLA", "NOMBRE": "ALVAREZ PINTADO MARIA MARTHA" }, "geometry": { "type": "Point", "coordinates": [ -79.422217268552728, -4.579250297101993 ] } },
{ "type": "Feature", "properties": { "CI": "1104003262", "GENERO": "HOMBRE", "PROVINCIA": "LOJA", "PARROQUIA": "AMALUZA", "SECTOR": "URBANO", "PLANIFICAC": "613 BIRF", "X": -79.413555, "Y": -4.620568, "CANTON": "ESPINDOLA", "NOMBRE": "MARIA LUISA GUAYANAY JIMENEZ" }, "geometry": { "type": "Point", "coordinates": [ -79.413555480408348, -4.620567977897456 ] } },
{ "type": "Feature", "properties": { "CI": "1103680789", "GENERO": "MUJER", "PROVINCIA": "LOJA", "PARROQUIA": "MACARA", "SECTOR": "URBANO", "PLANIFICAC": "613 BIRF", "X": -79.952635, "Y": -4.385118, "CANTON": "MACARA", "NOMBRE": "CHIRIBOGA MELINA YAMARA" }, "geometry": { "type": "Point", "coordinates": [ -79.952635409677299, -4.385117923906998 ] } },
{ "type": "Feature", "properties": { "CI": "1103688105", "GENERO": "MUJER", "PROVINCIA": "LOJA", "PARROQUIA": "QUILANGA", "SECTOR": "URBANO", "PLANIFICAC": "613 BIRF", "X": -79.372294, "Y": -4.298711, "CANTON": "QUILANGA", "NOMBRE": "ABAD RUILOVA DIANA EDITHA" }, "geometry": { "type": "Point", "coordinates": [ -79.372293809835242, -4.298710664851374 ] } },
{ "type": "Feature", "properties": { "CI": "1104006190", "GENERO": "MUJER", "PROVINCIA": "LOJA", "PARROQUIA": "QUILANGA", "SECTOR": "URBANO", "PLANIFICAC": "613 BIRF", "X": -79.372312, "Y": -4.298783, "CANTON": "QUILANGA", "NOMBRE": "ABAD RUILOVA LIDIA MERCEDES" }, "geometry": { "type": "Point", "coordinates": [ -79.372311672874673, -4.298783048403715 ] } },
{ "type": "Feature", "properties": { "CI": "1105266637", "GENERO": "MUJER", "PROVINCIA": "LOJA", "PARROQUIA": "QUILANGA", "SECTOR": "URBANO", "PLANIFICAC": "613 BIRF", "X": -79.371898, "Y": -4.298637, "CANTON": "QUILANGA", "NOMBRE": "GRANDA GRANDA MERCY JANINA" }, "geometry": { "type": "Point", "coordinates": [ -79.37189759952642, -4.298637472210336 ] } },
{ "type": "Feature", "properties": { "CI": "1104927098", "GENERO": "MUJER", "PROVINCIA": "LOJA", "PARROQUIA": "QUILANGA", "SECTOR": "URBANO", "PLANIFICAC": "613 BIRF", "X": -79.414623, "Y": -4.329656, "CANTON": "QUILANGA", "NOMBRE": "CORREA CALVA FLOR MARICELA" }, "geometry": { "type": "Point", "coordinates": [ -79.414623180329656, -4.329655918227441 ] } },
{ "type": "Feature", "properties": { "CI": "1105594202", "GENERO": "MUJER", "PROVINCIA": "LOJA", "PARROQUIA": "QUILANGA", "SECTOR": "URBANO", "PLANIFICAC": "613 BIRF", "X": -79.409025, "Y": -4.296681, "CANTON": "QUILANGA", "NOMBRE": "JIMENEZ VILLALTA MARITZA" }, "geometry": { "type": "Point", "coordinates": [ -79.40902523207204, -4.296681223416401 ] } },
{ "type": "Feature", "properties": { "CI": "1104239692", "GENERO": "HOMBRE", "PROVINCIA": "LOJA", "PARROQUIA": "QUILANGA", "SECTOR": "URBANO", "PLANIFICAC": "613 BIRF", "X": -79.275795, "Y": -4.174631, "CANTON": "QUILANGA", "NOMBRE": "JIMENEZ PARDO ANGEL HUMBERTO" }, "geometry": { "type": "Point", "coordinates": [ -79.275794753921531, -4.174630769440544 ] } },
{ "type": "Feature", "properties": { "CI": "1102553979", "GENERO": "MUJER", "PROVINCIA": "LOJA", "PARROQUIA": "QUILANGA", "SECTOR": "URBANO", "PLANIFICAC": "613 BIRF", "X": -79.412344, "Y": -4.312315, "CANTON": "QUILANGA", "NOMBRE": "CABRERA TANDAZO CELFORA POLIGENEA" }, "geometry": { "type": "Point", "coordinates": [ -79.412343979146556, -4.312315048979327 ] } },
{ "type": "Feature", "properties": { "CI": "1205507039", "GENERO": "MUJER", "PROVINCIA": "LOS RIOS", "PARROQUIA": "BABA", "SECTOR": "URBANO", "PLANIFICAC": "613 BIRF", "X": -79.626434, "Y": -1.755534, "CANTON": "BABA", "NOMBRE": "GUERRERO DUARTE NORMA SILVANA" }, "geometry": { "type": "Point", "coordinates": [ -79.626433578702745, -1.7555342093858 ] } },
{ "type": "Feature", "properties": { "CI": "1202897615", "GENERO": "MUJER", "PROVINCIA": "LOS RIOS", "PARROQUIA": "BABA", "SECTOR": "URBANO", "PLANIFICAC": "613 BIRF", "X": -79.73443, "Y": -1.788377, "CANTON": "BABA", "NOMBRE": "CEDEÑO ALVARADO BLANCA EMILIA" }, "geometry": { "type": "Point", "coordinates": [ -79.734430008705885, -1.788376987522501 ] } },
{ "type": "Feature", "properties": { "CI": "1207394261", "GENERO": "HOMBRE", "PROVINCIA": "LOS RIOS", "PARROQUIA": "BABA", "SECTOR": "URBANO", "PLANIFICAC": "613 BIRF", "X": -79.675135, "Y": -1.790455, "CANTON": "BABA", "NOMBRE": "RENDON BENITES LUIS ESTEBAN" }, "geometry": { "type": "Point", "coordinates": [ -79.675135048468491, -1.790455349759743 ] } },
{ "type": "Feature", "properties": { "CI": "1204736381", "GENERO": "HOMBRE", "PROVINCIA": "LOS RIOS", "PARROQUIA": "BABA", "SECTOR": "URBANO", "PLANIFICAC": "613 BIRF", "X": -79.686177, "Y": -1.733508, "CANTON": "BABA", "NOMBRE": "CHAVEZ VELOZ JAIME WILFRIDO" }, "geometry": { "type": "Point", "coordinates": [ -79.686177142099865, -1.733508001245209 ] } },
{ "type": "Feature", "properties": { "CI": "800482994", "GENERO": "MUJER", "PROVINCIA": "LOS RIOS", "PARROQUIA": "BABAHOYO", "SECTOR": "URBANO", "PLANIFICAC": "613 BIRF", "X": -79.516231, "Y": -1.810076, "CANTON": "BABAHOYO", "NOMBRE": "DELGADO CHALA BLANCA ROSARIO" }, "geometry": { "type": "Point", "coordinates": [ -79.516231383755212, -1.810076318083738 ] } },
{ "type": "Feature", "properties": { "CI": "1310126766", "GENERO": "MUJER", "PROVINCIA": "LOS RIOS", "PARROQUIA": "SAN JACINTO DE BUENA FE", "SECTOR": "URBANO", "PLANIFICAC": "613 BIRF", "X": -79.446818, "Y": -0.666296, "CANTON": "BUENA FE", "NOMBRE": "SABANDO SABANDO MARIA VERONICA" }, "geometry": { "type": "Point", "coordinates": [ -79.446817716381602, -0.666295921842673 ] } },
{ "type": "Feature", "properties": { "CI": "1205948571", "GENERO": "HOMBRE", "PROVINCIA": "LOS RIOS", "PARROQUIA": "SAN JACINTO DE BUENA FE", "SECTOR": "URBANO", "PLANIFICAC": "613 BIRF", "X": -79.48204, "Y": -0.872113, "CANTON": "BUENA FE", "NOMBRE": "MOREJON SANCHEZ SIMON BOLIVAR" }, "geometry": { "type": "Point", "coordinates": [ -79.482040017680944, -0.872113023300419 ] } },
{ "type": "Feature", "properties": { "CI": "1206573105", "GENERO": "MUJER", "PROVINCIA": "LOS RIOS", "PARROQUIA": "MOCACHE", "SECTOR": "URBANO", "PLANIFICAC": "613 BIRF", "X": -79.516402, "Y": -1.18202, "CANTON": "MOCACHE", "NOMBRE": "GONZALES ZAMORA BERTHA SARA" }, "geometry": { "type": "Point", "coordinates": [ -79.516401765061374, -1.182019952638395 ] } },
{ "type": "Feature", "properties": { "CI": "924062979", "GENERO": "MUJER", "PROVINCIA": "LOS RIOS", "PARROQUIA": "MOCACHE", "SECTOR": "URBANO", "PLANIFICAC": "613 BIRF", "X": -79.64, "Y": -1.187321, "CANTON": "MOCACHE", "NOMBRE": "VERA BURGOS ELI ESTHER" }, "geometry": { "type": "Point", "coordinates": [ -79.639999712340497, -1.187320538290341 ] } },
{ "type": "Feature", "properties": { "CI": "1204392151", "GENERO": "MUJER", "PROVINCIA": "LOS RIOS", "PARROQUIA": "MOCACHE", "SECTOR": "URBANO", "PLANIFICAC": "613 BIRF", "X": -79.463754, "Y": -1.24841, "CANTON": "MOCACHE", "NOMBRE": "AVILES BURGOS GLORIA ESPERANZA" }, "geometry": { "type": "Point", "coordinates": [ -79.463754100276091, -1.248410288954144 ] } },
{ "type": "Feature", "properties": { "CI": "1204800716", "GENERO": "MUJER", "PROVINCIA": "LOS RIOS", "PARROQUIA": "MOCACHE", "SECTOR": "URBANO", "PLANIFICAC": "613 BIRF", "X": -79.514481, "Y": -1.178401, "CANTON": "MOCACHE", "NOMBRE": "MACIAS GARCIA MONICA MARIBEL" }, "geometry": { "type": "Point", "coordinates": [ -79.514480764366525, -1.17840123231581 ] } },
{ "type": "Feature", "properties": { "CI": "1203210883", "GENERO": "MUJER", "PROVINCIA": "LOS RIOS", "PARROQUIA": "MOCACHE", "SECTOR": "URBANO", "PLANIFICAC": "613 BIRF", "X": -79.495381, "Y": -1.18928, "CANTON": "MOCACHE", "NOMBRE": "PUNINA GUAQUIPANA ROSARIO YOLANDA" }, "geometry": { "type": "Point", "coordinates": [ -79.495380588487265, -1.18928005444558 ] } },
{ "type": "Feature", "properties": { "CI": "1207114255", "GENERO": "MUJER", "PROVINCIA": "LOS RIOS", "PARROQUIA": "MOCACHE", "SECTOR": "URBANO", "PLANIFICAC": "613 BIRF", "X": -79.526743, "Y": -1.18388, "CANTON": "MOCACHE", "NOMBRE": "GAVILANES GARCIA MAYRA ELIZABETH" }, "geometry": { "type": "Point", "coordinates": [ -79.526743252970533, -1.183879569152677 ] } },
{ "type": "Feature", "properties": { "CI": "1205749573", "GENERO": "HOMBRE", "PROVINCIA": "LOS RIOS", "PARROQUIA": "MOCACHE", "SECTOR": "URBANO", "PLANIFICAC": "613 BIRF", "X": -79.481056, "Y": -1.176185, "CANTON": "MOCACHE", "NOMBRE": "COELLO BARRE JAIRO BERNARDINO" }, "geometry": { "type": "Point", "coordinates": [ -79.481055798980535, -1.176185376871036 ] } },
{ "type": "Feature", "properties": { "CI": "914149539", "GENERO": "HOMBRE", "PROVINCIA": "LOS RIOS", "PARROQUIA": "MOCACHE", "SECTOR": "URBANO", "PLANIFICAC": "613 BIRF", "X": -79.545163, "Y": -1.186576, "CANTON": "MOCACHE", "NOMBRE": "CARRIEL MEDRANO LORENZO SEGUNDO" }, "geometry": { "type": "Point", "coordinates": [ -79.545162534662296, -1.18657552846132 ] } },
{ "type": "Feature", "properties": { "CI": "1204342180", "GENERO": "HOMBRE", "PROVINCIA": "LOS RIOS", "PARROQUIA": "MOCACHE", "SECTOR": "URBANO", "PLANIFICAC": "613 BIRF", "X": -79.471034, "Y": -1.181145, "CANTON": "MOCACHE", "NOMBRE": "ULLON AVILES ENRIQUE ALBERTO" }, "geometry": { "type": "Point", "coordinates": [ -79.471034338287893, -1.181145043685562 ] } },
{ "type": "Feature", "properties": { "CI": "1204905556", "GENERO": "MUJER", "PROVINCIA": "LOS RIOS", "PARROQUIA": "MOCACHE", "SECTOR": "URBANO", "PLANIFICAC": "613 BIRF", "X": -79.521532, "Y": -1.18299, "CANTON": "MOCACHE", "NOMBRE": "BUSTAMANTE MORA NORALMA MARIBEL" }, "geometry": { "type": "Point", "coordinates": [ -79.521532044510153, -1.182990440977294 ] } },
{ "type": "Feature", "properties": { "CI": "1200648044", "GENERO": "MUJER", "PROVINCIA": "LOS RIOS", "PARROQUIA": "MOCACHE", "SECTOR": "URBANO", "PLANIFICAC": "613 BIRF", "X": -79.487389, "Y": -1.179309, "CANTON": "MOCACHE", "NOMBRE": "GARCIA MONCADA MARITZA VERONICA" }, "geometry": { "type": "Point", "coordinates": [ -79.487388867328193, -1.17930905520056 ] } },
{ "type": "Feature", "properties": { "CI": "1206045898", "GENERO": "MUJER", "PROVINCIA": "LOS RIOS", "PARROQUIA": "MOCACHE", "SECTOR": "URBANO", "PLANIFICAC": "613 BIRF", "X": -79.537256, "Y": -1.184808, "CANTON": "MOCACHE", "NOMBRE": "CARPIO RENDON SANDRA MARIBEL" }, "geometry": { "type": "Point", "coordinates": [ -79.537256018805053, -1.184807691385086 ] } },
{ "type": "Feature", "properties": { "CI": "1203532088", "GENERO": "HOMBRE", "PROVINCIA": "LOS RIOS", "PARROQUIA": "MOCACHE", "SECTOR": "URBANO", "PLANIFICAC": "613 BIRF", "X": -79.504462, "Y": -1.177537, "CANTON": "MOCACHE", "NOMBRE": "MOREIRA CARCAMO CARLOS ALBERTO" }, "geometry": { "type": "Point", "coordinates": [ -79.504462307591595, -1.177536639545459 ] } },
{ "type": "Feature", "properties": { "CI": "1204039471", "GENERO": "MUJER", "PROVINCIA": "LOS RIOS", "PARROQUIA": "MOCACHE", "SECTOR": "URBANO", "PLANIFICAC": "613 BIRF", "X": -79.490518, "Y": -1.208541, "CANTON": "MOCACHE", "NOMBRE": "IBARRA IBARRA MIREYA SORAIDA" }, "geometry": { "type": "Point", "coordinates": [ -79.490517843795345, -1.208541348742801 ] } },
{ "type": "Feature", "properties": { "CI": "1205001751", "GENERO": "MUJER", "PROVINCIA": "LOS RIOS", "PARROQUIA": "MOCACHE", "SECTOR": "URBANO", "PLANIFICAC": "613 BIRF", "X": -79.509851, "Y": -1.18208, "CANTON": "MOCACHE", "NOMBRE": "VELOZ ARAUZ MONICA MARITZA" }, "geometry": { "type": "Point", "coordinates": [ -79.509851228498675, -1.182079731636034 ] } },
{ "type": "Feature", "properties": { "CI": "921583738", "GENERO": "HOMBRE", "PROVINCIA": "LOS RIOS", "PARROQUIA": "MOCACHE", "SECTOR": "URBANO", "PLANIFICAC": "613 BIRF", "X": -79.479299, "Y": -1.183827, "CANTON": "MOCACHE", "NOMBRE": "MONTOYA RENDON TEODORO ALEJANDRO" }, "geometry": { "type": "Point", "coordinates": [ -79.479299486145678, -1.183826653233147 ] } },
{ "type": "Feature", "properties": { "CI": "902535871", "GENERO": "HOMBRE", "PROVINCIA": "LOS RIOS", "PARROQUIA": "MOCACHE", "SECTOR": "URBANO", "PLANIFICAC": "613 BIRF", "X": -79.524679, "Y": -1.17847, "CANTON": "MOCACHE", "NOMBRE": "CEDEÑO MONCAYO PEDRO MELANIO" }, "geometry": { "type": "Point", "coordinates": [ -79.524679404465331, -1.178469998047159 ] } },
{ "type": "Feature", "properties": { "CI": "201626827", "GENERO": "HOMBRE", "PROVINCIA": "LOS RIOS", "PARROQUIA": "MONTALVO", "SECTOR": "URBANO", "PLANIFICAC": "613 BIRF", "X": -79.369706, "Y": -1.80607, "CANTON": "MONTALVO", "NOMBRE": "NUÑEZ RODRIGUEZ MIGUEL RUBEN" }, "geometry": { "type": "Point", "coordinates": [ -79.369705780064791, -1.806070052934391 ] } },
{ "type": "Feature", "properties": { "CI": "914255955", "GENERO": "HOMBRE", "PROVINCIA": "LOS RIOS", "PARROQUIA": "PALENQUE", "SECTOR": "URBANO", "PLANIFICAC": "613 BIRF", "X": -79.754056, "Y": -1.432226, "CANTON": "PALENQUE", "NOMBRE": "GOYA MORENO IVAN NARCISO" }, "geometry": { "type": "Point", "coordinates": [ -79.754056033400758, -1.432225905110894 ] } },
{ "type": "Feature", "properties": { "CI": "1203872914", "GENERO": "HOMBRE", "PROVINCIA": "LOS RIOS", "PARROQUIA": "PALENQUE", "SECTOR": "URBANO", "PLANIFICAC": "613 BIRF", "X": -79.748752, "Y": -1.431662, "CANTON": "PALENQUE", "NOMBRE": "LARA ZAMBRANO EUSEBIO FLORENCIO" }, "geometry": { "type": "Point", "coordinates": [ -79.748752250570305, -1.4316622017754 ] } },
{ "type": "Feature", "properties": { "CI": "1203390768", "GENERO": "MUJER", "PROVINCIA": "LOS RIOS", "PARROQUIA": "PALENQUE", "SECTOR": "URBANO", "PLANIFICAC": "613 BIRF", "X": -79.741431, "Y": -1.430889, "CANTON": "PALENQUE", "NOMBRE": "PAREDES GOYA JENNY SOFIA" }, "geometry": { "type": "Point", "coordinates": [ -79.741431383034865, -1.430889338967462 ] } },
{ "type": "Feature", "properties": { "CI": "1201082433", "GENERO": "HOMBRE", "PROVINCIA": "LOS RIOS", "PARROQUIA": "PALENQUE", "SECTOR": "URBANO", "PLANIFICAC": "613 BIRF", "X": -79.752458, "Y": -1.401815, "CANTON": "PALENQUE", "NOMBRE": "VERA BARBOTO EUSEBIO ANTONIO" }, "geometry": { "type": "Point", "coordinates": [ -79.752457540285533, -1.401815397833602 ] } },
{ "type": "Feature", "properties": { "CI": "1200636726", "GENERO": "MUJER", "PROVINCIA": "LOS RIOS", "PARROQUIA": "PALENQUE", "SECTOR": "URBANO", "PLANIFICAC": "613 BIRF", "X": -79.745159, "Y": -1.431823, "CANTON": "PALENQUE", "NOMBRE": "ZAMBRANO PEÑAFIEL LUZ MARIA" }, "geometry": { "type": "Point", "coordinates": [ -79.745159460552955, -1.431823037080166 ] } },
{ "type": "Feature", "properties": { "CI": "1200360327", "GENERO": "HOMBRE", "PROVINCIA": "LOS RIOS", "PARROQUIA": "PALENQUE", "SECTOR": "URBANO", "PLANIFICAC": "613 BIRF", "X": -79.732573, "Y": -1.430704, "CANTON": "PALENQUE", "NOMBRE": "CAICE ZAMBRANO FAUSTO ANASTACIO" }, "geometry": { "type": "Point", "coordinates": [ -79.732573117304625, -1.430703530188472 ] } },
{ "type": "Feature", "properties": { "CI": "1203059710", "GENERO": "MUJER", "PROVINCIA": "LOS RIOS", "PARROQUIA": "SAN CAMILO", "SECTOR": "URBANO", "PLANIFICAC": "613 BIRF", "X": -79.491457, "Y": -1.04222, "CANTON": "QUEVEDO", "NOMBRE": "CEDEÑO MONTOYA FELIPA LORETA" }, "geometry": { "type": "Point", "coordinates": [ -79.49145694561129, -1.042220429850911 ] } },
{ "type": "Feature", "properties": { "CI": "1205314881", "GENERO": "MUJER", "PROVINCIA": "LOS RIOS", "PARROQUIA": "SAN CARLOS", "SECTOR": "URBANO", "PLANIFICAC": "613 BIRF", "X": -79.442372, "Y": -1.112422, "CANTON": "QUEVEDO", "NOMBRE": "RIZZO ENRIQUEZ DAVID MANUEL" }, "geometry": { "type": "Point", "coordinates": [ -79.442372241646424, -1.112422404105256 ] } },
{ "type": "Feature", "properties": { "CI": "1205357518", "GENERO": "MUJER", "PROVINCIA": "LOS RIOS", "PARROQUIA": "SAN CARLOS", "SECTOR": "URBANO", "PLANIFICAC": "613 BIRF", "X": -79.437029, "Y": -1.123064, "CANTON": "QUEVEDO", "NOMBRE": "VERA PARRAGA KERLY SILVANA" }, "geometry": { "type": "Point", "coordinates": [ -79.437029478072873, -1.123064222255584 ] } },
{ "type": "Feature", "properties": { "CI": "1201939715", "GENERO": "MUJER", "PROVINCIA": "LOS RIOS", "PARROQUIA": "SAN CRISTOBAL", "SECTOR": "URBANO", "PLANIFICAC": "613 BIRF", "X": -79.457596, "Y": -1.015235, "CANTON": "QUEVEDO", "NOMBRE": "GARCIA SANTANA JUSTINA FRANCISCA" }, "geometry": { "type": "Point", "coordinates": [ -79.457596382615975, -1.015234752835269 ] } },
{ "type": "Feature", "properties": { "CI": "1206866715", "GENERO": "MUJER", "PROVINCIA": "LOS RIOS", "PARROQUIA": "SAN CARLOS", "SECTOR": "URBANO", "PLANIFICAC": "613 BIRF", "X": -79.371094, "Y": -1.129793, "CANTON": "QUEVEDO", "NOMBRE": "VALDIVIEZO CHILA LEYDY LISBETH" }, "geometry": { "type": "Point", "coordinates": [ -79.371094143886523, -1.129792594162281 ] } },
{ "type": "Feature", "properties": { "CI": "1303095432", "GENERO": "MUJER", "PROVINCIA": "LOS RIOS", "PARROQUIA": "QUINSALOMA", "SECTOR": "URBANO", "PLANIFICAC": "613 BIRF", "X": -79.328697, "Y": -1.077642, "CANTON": "QUINSALOMA", "NOMBRE": "VELEZ BRIONES BERTINA VENERANDA" }, "geometry": { "type": "Point", "coordinates": [ -79.328697352914332, -1.077642150383937 ] } },
{ "type": "Feature", "properties": { "CI": "1308580651", "GENERO": "MUJER", "PROVINCIA": "LOS RIOS", "PARROQUIA": "QUINSALOMA", "SECTOR": "URBANO", "PLANIFICAC": "613 BIRF", "X": -79.328697, "Y": -1.077642, "CANTON": "QUINSALOMA", "NOMBRE": "VARGAS GARCIA SENIA JACOBA" }, "geometry": { "type": "Point", "coordinates": [ -79.328697352914332, -1.077642150383937 ] } },
{ "type": "Feature", "properties": { "CI": "928686823", "GENERO": "MUJER", "PROVINCIA": "LOS RIOS", "PARROQUIA": "QUINSALOMA", "SECTOR": "URBANO", "PLANIFICAC": "613 BIRF", "X": -79.323919, "Y": -1.074357, "CANTON": "QUINSALOMA", "NOMBRE": "PLUAS CASTRO MIRELLA ABIGAIL" }, "geometry": { "type": "Point", "coordinates": [ -79.323919408978597, -1.074356757793096 ] } },
{ "type": "Feature", "properties": { "CI": "1307199784", "GENERO": "MUJER", "PROVINCIA": "LOS RIOS", "PARROQUIA": "QUINSALOMA", "SECTOR": "URBANO", "PLANIFICAC": "613 BIRF", "X": -79.339639, "Y": -1.080696, "CANTON": "QUINSALOMA", "NOMBRE": "RIVERA GARCIA ANGELITA DEL ROSARIO" }, "geometry": { "type": "Point", "coordinates": [ -79.339638823840261, -1.080695820288921 ] } },
{ "type": "Feature", "properties": { "CI": "2100370713", "GENERO": "MUJER", "PROVINCIA": "LOS RIOS", "PARROQUIA": "QUINSALOMA", "SECTOR": "URBANO", "PLANIFICAC": "613 BIRF", "X": -79.318533, "Y": -1.067119, "CANTON": "QUINSALOMA", "NOMBRE": "VEGA PAMBABAY LAURA SUSANA" }, "geometry": { "type": "Point", "coordinates": [ -79.318532691933044, -1.067119087999651 ] } },
{ "type": "Feature", "properties": { "CI": "1203838139", "GENERO": "MUJER", "PROVINCIA": "LOS RIOS", "PARROQUIA": "VALENCIA", "SECTOR": "URBANO", "PLANIFICAC": "613 BIRF", "X": -79.355316, "Y": -0.939083, "CANTON": "VALENCIA", "NOMBRE": "URIBE CAMPAÑA BETTY PATRICIA" }, "geometry": { "type": "Point", "coordinates": [ -79.355316229208142, -0.939082641207439 ] } },
{ "type": "Feature", "properties": { "CI": "801261934", "GENERO": "HOMBRE", "PROVINCIA": "LOS RIOS", "PARROQUIA": "VALENCIA", "SECTOR": "URBANO", "PLANIFICAC": "613 BIRF", "X": -79.341361, "Y": -0.945524, "CANTON": "VALENCIA", "NOMBRE": "CABRERA HERRERA ALFREDO DESIDERIO" }, "geometry": { "type": "Point", "coordinates": [ -79.341360735873351, -0.945524000130918 ] } },
{ "type": "Feature", "properties": { "CI": "1201079488", "GENERO": "MUJER", "PROVINCIA": "LOS RIOS", "PARROQUIA": "VALENCIA", "SECTOR": "URBANO", "PLANIFICAC": "613 BIRF", "X": -79.367156, "Y": -0.840784, "CANTON": "VALENCIA", "NOMBRE": "MALDONADO LOPEZ SANTA LUCIA" }, "geometry": { "type": "Point", "coordinates": [ -79.3671557825664, -0.840784350848535 ] } },
{ "type": "Feature", "properties": { "CI": "1204974958", "GENERO": "HOMBRE", "PROVINCIA": "LOS RIOS", "PARROQUIA": "VALENCIA", "SECTOR": "URBANO", "PLANIFICAC": "613 BIRF", "X": -79.300751, "Y": -0.89195, "CANTON": "VALENCIA", "NOMBRE": "LICTAPUZON TONATO JOSE ALFONSO" }, "geometry": { "type": "Point", "coordinates": [ -79.300751056951228, -0.891949882306417 ] } },
{ "type": "Feature", "properties": { "CI": "1307022994", "GENERO": "MUJER", "PROVINCIA": "LOS RIOS", "PARROQUIA": "VALENCIA", "SECTOR": "URBANO", "PLANIFICAC": "613 BIRF", "X": -79.337267, "Y": -0.958309, "CANTON": "VALENCIA", "NOMBRE": "VERA CHICA BARBARA AUXILIADORA" }, "geometry": { "type": "Point", "coordinates": [ -79.337266815453816, -0.958309474833434 ] } },
{ "type": "Feature", "properties": { "CI": "1304560574", "GENERO": "MUJER", "PROVINCIA": "LOS RIOS", "PARROQUIA": "VALENCIA", "SECTOR": "URBANO", "PLANIFICAC": "613 BIRF", "X": -79.333413, "Y": -0.957702, "CANTON": "VALENCIA", "NOMBRE": "LOOR RODRIGUEZ PAUBLA ENEDINA" }, "geometry": { "type": "Point", "coordinates": [ -79.333412896131293, -0.957701678922 ] } },
{ "type": "Feature", "properties": { "CI": "1305757021", "GENERO": "MUJER", "PROVINCIA": "LOS RIOS", "PARROQUIA": "VALENCIA", "SECTOR": "URBANO", "PLANIFICAC": "613 BIRF", "X": -79.338354, "Y": -0.959061, "CANTON": "VALENCIA", "NOMBRE": "VILLAFUERTE RIVERA MARIA HILDA" }, "geometry": { "type": "Point", "coordinates": [ -79.338353540367393, -0.959060612950311 ] } },
{ "type": "Feature", "properties": { "CI": "1205201823", "GENERO": "MUJER", "PROVINCIA": "LOS RIOS", "PARROQUIA": "VALENCIA", "SECTOR": "URBANO", "PLANIFICAC": "613 BIRF", "X": -79.328472, "Y": -0.956795, "CANTON": "VALENCIA", "NOMBRE": "REYES VILLAFUERTE MARYURI CECIBEL" }, "geometry": { "type": "Point", "coordinates": [ -79.328472048489317, -0.956794915203642 ] } },
{ "type": "Feature", "properties": { "CI": "1723272959", "GENERO": "MUJER", "PROVINCIA": "LOS RIOS", "PARROQUIA": "VALENCIA", "SECTOR": "URBANO", "PLANIFICAC": "613 BIRF", "X": -79.33476, "Y": -0.958155, "CANTON": "VALENCIA", "NOMBRE": "MESIAS MESIAS BETTY CONSUELO" }, "geometry": { "type": "Point", "coordinates": [ -79.334760303324984, -0.958154510432403 ] } },
{ "type": "Feature", "properties": { "CI": "1204074494", "GENERO": "HOMBRE", "PROVINCIA": "LOS RIOS", "PARROQUIA": "VALENCIA", "SECTOR": "URBANO", "PLANIFICAC": "613 BIRF", "X": -79.339701, "Y": -0.959513, "CANTON": "VALENCIA", "NOMBRE": "MONSERRATE TROYA FRANCISCO MAURICIO" }, "geometry": { "type": "Point", "coordinates": [ -79.339700951828405, -0.959513444574299 ] } },
{ "type": "Feature", "properties": { "CI": "1206709089", "GENERO": "HOMBRE", "PROVINCIA": "LOS RIOS", "PARROQUIA": "VINCES", "SECTOR": "URBANO", "PLANIFICAC": "613 BIRF", "X": -79.327574, "Y": -0.956342, "CANTON": "VINCES", "NOMBRE": "CARPIO GUTIERREZ EDIN RAUL" }, "geometry": { "type": "Point", "coordinates": [ -79.327573853460009, -0.956342303980576 ] } },
{ "type": "Feature", "properties": { "CI": "1206676551", "GENERO": "MUJER", "PROVINCIA": "LOS RIOS", "PARROQUIA": "MOCACHE", "SECTOR": "URBANO", "PLANIFICAC": "613 BIRF", "X": -79.500682, "Y": -1.190269, "CANTON": "MOCACHE", "NOMBRE": "CASTRO VERA SUSANA MIRELLA" }, "geometry": { "type": "Point", "coordinates": [ -79.500681537651275, -1.190268771429051 ] } },
{ "type": "Feature", "properties": { "CI": "1204712432", "GENERO": "MUJER", "PROVINCIA": "LOS RIOS", "PARROQUIA": "MOCACHE", "SECTOR": "URBANO", "PLANIFICAC": "613 BIRF", "X": -79.514481, "Y": -1.178401, "CANTON": "MOCACHE", "NOMBRE": "CHEVE ALVARADO BETTY REBECA" }, "geometry": { "type": "Point", "coordinates": [ -79.514480764366525, -1.17840123231581 ] } },
{ "type": "Feature", "properties": { "CI": "1207100395", "GENERO": "MUJER", "PROVINCIA": "LOS RIOS", "PARROQUIA": "MONTALVO", "SECTOR": "URBANO", "PLANIFICAC": "613 BIRF", "X": -79.369706, "Y": -1.80607, "CANTON": "MONTALVO", "NOMBRE": "ROSARIO LOPEZ JESSICA PAOLA" }, "geometry": { "type": "Point", "coordinates": [ -79.369705780064791, -1.806070052934391 ] } },
{ "type": "Feature", "properties": { "CI": "1203390750", "GENERO": "HOMBRE", "PROVINCIA": "LOS RIOS", "PARROQUIA": "PALENQUE", "SECTOR": "URBANO", "PLANIFICAC": "613 BIRF", "X": -79.752458, "Y": -1.401815, "CANTON": "PALENQUE", "NOMBRE": "PAREDES GOYA WELLINGTON AUBERTO" }, "geometry": { "type": "Point", "coordinates": [ -79.752457540285533, -1.401815397833602 ] } },
{ "type": "Feature", "properties": { "CI": "1307841120", "GENERO": "HOMBRE", "PROVINCIA": "MANABI", "PARROQUIA": "FLAVIO ALFARO", "SECTOR": "URBANO", "PLANIFICAC": "613 BIRF", "X": -79.90379, "Y": -0.41169, "CANTON": "FLAVIO ALFARO", "NOMBRE": "LOOR MOREIRA DENNYS JACINTO" }, "geometry": { "type": "Point", "coordinates": [ -79.903790001356072, -0.411689999006903 ] } },
{ "type": "Feature", "properties": { "CI": "1312377920", "GENERO": "MUJER", "PROVINCIA": "MANABI", "PARROQUIA": "FLAVIO ALFARO", "SECTOR": "URBANO", "PLANIFICAC": "613 BIRF", "X": -79.906, "Y": -0.39641, "CANTON": "FLAVIO ALFARO", "NOMBRE": "ZAMBRANO MARCILLO MARIA GISELLA" }, "geometry": { "type": "Point", "coordinates": [ -79.906000000403267, -0.396409996195284 ] } },
{ "type": "Feature", "properties": { "CI": "1307913879", "GENERO": "HOMBRE", "PROVINCIA": "MANABI", "PARROQUIA": "FLAVIO ALFARO", "SECTOR": "URBANO", "PLANIFICAC": "613 BIRF", "X": -79.90585, "Y": -0.39684, "CANTON": "FLAVIO ALFARO", "NOMBRE": "MENDOZA MUÑOZ ANGEL RIGUBERTO" }, "geometry": { "type": "Point", "coordinates": [ -79.905849997047113, -0.396839997338855 ] } },
{ "type": "Feature", "properties": { "CI": "1312909391", "GENERO": "MUJER", "PROVINCIA": "MANABI", "PARROQUIA": "FLAVIO ALFARO", "SECTOR": "URBANO", "PLANIFICAC": "613 BIRF", "X": -79.90771, "Y": -0.41049, "CANTON": "FLAVIO ALFARO", "NOMBRE": "BALDERRAMOS BALDA MELVA ROCIO" }, "geometry": { "type": "Point", "coordinates": [ -79.907709995866966, -0.410490001401886 ] } },
{ "type": "Feature", "properties": { "CI": "941676389", "GENERO": "MUJER", "PROVINCIA": "MANABI", "PARROQUIA": "FLAVIO ALFARO", "SECTOR": "URBANO", "PLANIFICAC": "613 BIRF", "X": -79.90589, "Y": -0.39743, "CANTON": "FLAVIO ALFARO", "NOMBRE": "LALANGUI ASITIMBAY JENY CATALINA" }, "geometry": { "type": "Point", "coordinates": [ -79.905890002945071, -0.397429996068268 ] } },
{ "type": "Feature", "properties": { "CI": "1312807769", "GENERO": "MUJER", "PROVINCIA": "MANABI", "PARROQUIA": "FLAVIO ALFARO", "SECTOR": "URBANO", "PLANIFICAC": "613 BIRF", "X": -79.90218, "Y": -0.32271, "CANTON": "FLAVIO ALFARO", "NOMBRE": "VELEZ MITTE NORMA ANGELICA" }, "geometry": { "type": "Point", "coordinates": [ -79.902180003412369, -0.322710004144123 ] } },
{ "type": "Feature", "properties": { "CI": "1305225169", "GENERO": "MUJER", "PROVINCIA": "MANABI", "PARROQUIA": "FLAVIO ALFARO", "SECTOR": "URBANO", "PLANIFICAC": "613 BIRF", "X": -79.96025, "Y": -0.41583, "CANTON": "FLAVIO ALFARO", "NOMBRE": "VARELA MONTES FLOR ESTRELLA" }, "geometry": { "type": "Point", "coordinates": [ -79.960249998278215, -0.415830000607138 ] } },
{ "type": "Feature", "properties": { "CI": "1309467924", "GENERO": "MUJER", "PROVINCIA": "MANABI", "PARROQUIA": "FLAVIO ALFARO", "SECTOR": "URBANO", "PLANIFICAC": "613 BIRF", "X": -79.90979, "Y": -0.39507, "CANTON": "FLAVIO ALFARO", "NOMBRE": "MOREIRA ESMERALDA CLARA PURA" }, "geometry": { "type": "Point", "coordinates": [ -79.909790002717557, -0.395069995819492 ] } },
{ "type": "Feature", "properties": { "CI": "1310624968", "GENERO": "MUJER", "PROVINCIA": "MANABI", "PARROQUIA": "FLAVIO ALFARO", "SECTOR": "URBANO", "PLANIFICAC": "613 BIRF", "X": -79.90096, "Y": -0.40422, "CANTON": "FLAVIO ALFARO", "NOMBRE": "BUMVILA BRAVO JESSENIA ESPERANZA" }, "geometry": { "type": "Point", "coordinates": [ -79.900960001783616, -0.404220002948078 ] } },
{ "type": "Feature", "properties": { "CI": "1307153120", "GENERO": "MUJER", "PROVINCIA": "MANABI", "PARROQUIA": "FLAVIO ALFARO", "SECTOR": "URBANO", "PLANIFICAC": "613 BIRF", "X": -79.90608, "Y": -0.39823, "CANTON": "FLAVIO ALFARO", "NOMBRE": "FALCONEZ LOPEZ GEMA MARIA" }, "geometry": { "type": "Point", "coordinates": [ -79.906079999856743, -0.398230000549016 ] } },
{ "type": "Feature", "properties": { "CI": "1313352187", "GENERO": "MUJER", "PROVINCIA": "MANABI", "PARROQUIA": "FLAVIO ALFARO", "SECTOR": "URBANO", "PLANIFICAC": "613 BIRF", "X": -79.90587, "Y": -0.41099, "CANTON": "FLAVIO ALFARO", "NOMBRE": "ROSERO MUÑOZ LIZBETH ALEXANDRA" }, "geometry": { "type": "Point", "coordinates": [ -79.905870001848825, -0.410989999661373 ] } },
{ "type": "Feature", "properties": { "CI": "1304627696", "GENERO": "MUJER", "PROVINCIA": "MANABI", "PARROQUIA": "FLAVIO ALFARO", "SECTOR": "URBANO", "PLANIFICAC": "613 BIRF", "X": -79.92673, "Y": -0.395442, "CANTON": "FLAVIO ALFARO", "NOMBRE": "ZAMBRANO MOREIRA ELSA FLORIDA" }, "geometry": { "type": "Point", "coordinates": [ -79.926730003488089, -0.395441995816171 ] } },
{ "type": "Feature", "properties": { "CI": "1308991684", "GENERO": "MUJER", "PROVINCIA": "MANABI", "PARROQUIA": "FLAVIO ALFARO", "SECTOR": "URBANO", "PLANIFICAC": "613 BIRF", "X": -79.90945, "Y": -0.39534, "CANTON": "FLAVIO ALFARO", "NOMBRE": "ALBIA ZAMBRANO GLENDY ESPERANZA" }, "geometry": { "type": "Point", "coordinates": [ -79.909449998874109, -0.395340000023385 ] } },
{ "type": "Feature", "properties": { "CI": "1312769902", "GENERO": "MUJER", "PROVINCIA": "MANABI", "PARROQUIA": "FLAVIO ALFARO", "SECTOR": "URBANO", "PLANIFICAC": "613 BIRF", "X": -79.90157, "Y": -0.40784, "CANTON": "FLAVIO ALFARO", "NOMBRE": "VELIZ MOREIRA MARIA ELOISA" }, "geometry": { "type": "Point", "coordinates": [ -79.901570001870368, -0.407839995607029 ] } },
{ "type": "Feature", "properties": { "CI": "1311419145", "GENERO": "MUJER", "PROVINCIA": "MANABI", "PARROQUIA": "FLAVIO ALFARO", "SECTOR": "URBANO", "PLANIFICAC": "613 BIRF", "X": -79.90531, "Y": -0.41211, "CANTON": "FLAVIO ALFARO", "NOMBRE": "ZAMBRANO GOMEZ VERONICA LORENA" }, "geometry": { "type": "Point", "coordinates": [ -79.905310000387445, -0.412109999624016 ] } },
{ "type": "Feature", "properties": { "CI": "1305077081", "GENERO": "HOMBRE", "PROVINCIA": "MANABI", "PARROQUIA": "FLAVIO ALFARO", "SECTOR": "URBANO", "PLANIFICAC": "613 BIRF", "X": -79.90167, "Y": -0.40809, "CANTON": "FLAVIO ALFARO", "NOMBRE": "VERA MONTESDEOCA TULIO MANUEL" }, "geometry": { "type": "Point", "coordinates": [ -79.90167000144163, -0.408090003582675 ] } },
{ "type": "Feature", "properties": { "CI": "1309089868", "GENERO": "MUJER", "PROVINCIA": "MANABI", "PARROQUIA": "FLAVIO ALFARO", "SECTOR": "URBANO", "PLANIFICAC": "613 BIRF", "X": -79.9007, "Y": -0.40454, "CANTON": "FLAVIO ALFARO", "NOMBRE": "PROAÑO BARRE FLERIDA CONSUELO" }, "geometry": { "type": "Point", "coordinates": [ -79.900699995890591, -0.40454000201049 ] } },
{ "type": "Feature", "properties": { "CI": "1302709694", "GENERO": "MUJER", "PROVINCIA": "MANABI", "PARROQUIA": "FLAVIO ALFARO", "SECTOR": "URBANO", "PLANIFICAC": "613 BIRF", "X": -79.90668, "Y": -0.79281, "CANTON": "FLAVIO ALFARO", "NOMBRE": "VILLAPRADO VILLAPRADO MARIANA MARGARITA" }, "geometry": { "type": "Point", "coordinates": [ -79.906679999238719, -0.792810000600202 ] } },
{ "type": "Feature", "properties": { "CI": "1307932820", "GENERO": "HOMBRE", "PROVINCIA": "MANABI", "PARROQUIA": "FLAVIO ALFARO", "SECTOR": "URBANO", "PLANIFICAC": "613 BIRF", "X": -79.96104, "Y": -0.41456, "CANTON": "FLAVIO ALFARO", "NOMBRE": "ZAMBRANO VARELA CARLOS ALBERTO" }, "geometry": { "type": "Point", "coordinates": [ -79.96103999799162, -0.414560001000661 ] } },
{ "type": "Feature", "properties": { "CI": "1315322295", "GENERO": "MUJER", "PROVINCIA": "MANABI", "PARROQUIA": "FLAVIO ALFARO", "SECTOR": "URBANO", "PLANIFICAC": "613 BIRF", "X": -79.93848, "Y": -0.3678, "CANTON": "FLAVIO ALFARO", "NOMBRE": "MONTES CHAVARRIA LETTY ELIZABETH" }, "geometry": { "type": "Point", "coordinates": [ -79.938480001859006, -0.367799995609926 ] } },
{ "type": "Feature", "properties": { "CI": "1312908690", "GENERO": "HOMBRE", "PROVINCIA": "MANABI", "PARROQUIA": "FLAVIO ALFARO", "SECTOR": "URBANO", "PLANIFICAC": "613 BIRF", "X": -79.901303, "Y": -0.40484, "CANTON": "FLAVIO ALFARO", "NOMBRE": "ACOSTA VILLA JOHN FERNANDO" }, "geometry": { "type": "Point", "coordinates": [ -79.901302815637862, -0.404840001273827 ] } },
{ "type": "Feature", "properties": { "CI": "1303537219", "GENERO": "HOMBRE", "PROVINCIA": "MANABI", "PARROQUIA": "FLAVIO ALFARO", "SECTOR": "URBANO", "PLANIFICAC": "613 BIRF", "X": -79.90604, "Y": -0.39649, "CANTON": "FLAVIO ALFARO", "NOMBRE": "CHAVARRIA VELASQUEZ MARIANO FILAMIR" }, "geometry": { "type": "Point", "coordinates": [ -79.906040001498098, -0.396490001238356 ] } },
{ "type": "Feature", "properties": { "CI": "1311636284", "GENERO": "HOMBRE", "PROVINCIA": "MANABI", "PARROQUIA": "FLAVIO ALFARO", "SECTOR": "URBANO", "PLANIFICAC": "613 BIRF", "X": -79.9271, "Y": -0.41572, "CANTON": "FLAVIO ALFARO", "NOMBRE": "SORNOZA ZAMBRANO CARLOS JULIO" }, "geometry": { "type": "Point", "coordinates": [ -79.927100001566771, -0.415719998462888 ] } },
{ "type": "Feature", "properties": { "CI": "1307340982", "GENERO": "HOMBRE", "PROVINCIA": "MANABI", "PARROQUIA": "FLAVIO ALFARO", "SECTOR": "URBANO", "PLANIFICAC": "613 BIRF", "X": -79.76803, "Y": -0.31928, "CANTON": "FLAVIO ALFARO", "NOMBRE": "INTRIAGO RODRIGUEZ SEGUNDO CELSO" }, "geometry": { "type": "Point", "coordinates": [ -79.768029999183653, -0.319279999292335 ] } },
{ "type": "Feature", "properties": { "CI": "1307173672", "GENERO": "MUJER", "PROVINCIA": "MANABI", "PARROQUIA": "FLAVIO ALFARO", "SECTOR": "URBANO", "PLANIFICAC": "613 BIRF", "X": -79.90954, "Y": -0.39498, "CANTON": "FLAVIO ALFARO", "NOMBRE": "MOREIRA MENDOZA SHIRLEY LORENA" }, "geometry": { "type": "Point", "coordinates": [ -79.909539997871576, -0.394980003702157 ] } },
{ "type": "Feature", "properties": { "CI": "1725206534", "GENERO": "MUJER", "PROVINCIA": "MANABI", "PARROQUIA": "FLAVIO ALFARO", "SECTOR": "URBANO", "PLANIFICAC": "613 BIRF", "X": -79.90931, "Y": -0.394816, "CANTON": "FLAVIO ALFARO", "NOMBRE": "CAICEDO SOLORZANO JENNIFER ANDREA" }, "geometry": { "type": "Point", "coordinates": [ -79.909310004017883, -0.394816002651412 ] } },
{ "type": "Feature", "properties": { "CI": "1310925357", "GENERO": "MUJER", "PROVINCIA": "MANABI", "PARROQUIA": "FLAVIO ALFARO", "SECTOR": "URBANO", "PLANIFICAC": "613 BIRF", "X": -79.91077, "Y": -0.3957, "CANTON": "FLAVIO ALFARO", "NOMBRE": "GARCIA ZAMBRANO YESSICA ALINA" }, "geometry": { "type": "Point", "coordinates": [ -79.910770003764213, -0.395700001916775 ] } },
{ "type": "Feature", "properties": { "CI": "1306276294", "GENERO": "HOMBRE", "PROVINCIA": "MANABI", "PARROQUIA": "FLAVIO ALFARO", "SECTOR": "URBANO", "PLANIFICAC": "613 BIRF", "X": -79.858249, "Y": -0.436663, "CANTON": "FLAVIO ALFARO", "NOMBRE": "MUÑOZ LOOR PABLO ORIOL" }, "geometry": { "type": "Point", "coordinates": [ -79.858249000591613, -0.436662596779434 ] } },
{ "type": "Feature", "properties": { "CI": "1305646133", "GENERO": "MUJER", "PROVINCIA": "MANABI", "PARROQUIA": "FLAVIO ALFARO", "SECTOR": "URBANO", "PLANIFICAC": "613 BIRF", "X": -79.9661, "Y": -0.3053, "CANTON": "FLAVIO ALFARO", "NOMBRE": "JAMA ZAMBRANO CARMEN AUXILIADORA" }, "geometry": { "type": "Point", "coordinates": [ -79.966099997267619, -0.305300000262708 ] } },
{ "type": "Feature", "properties": { "CI": "1305240259", "GENERO": "MUJER", "PROVINCIA": "MANABI", "PARROQUIA": "FLAVIO ALFARO", "SECTOR": "URBANO", "PLANIFICAC": "613 BIRF", "X": -79.909202, "Y": -0.394671, "CANTON": "FLAVIO ALFARO", "NOMBRE": "ALMEIDA ANDRADE ROSA LINDAURA" }, "geometry": { "type": "Point", "coordinates": [ -79.909202001357784, -0.394671266889008 ] } },
{ "type": "Feature", "properties": { "CI": "1304497249", "GENERO": "MUJER", "PROVINCIA": "MANABI", "PARROQUIA": "FLAVIO ALFARO", "SECTOR": "URBANO", "PLANIFICAC": "613 BIRF", "X": -79.9393, "Y": -0.4576, "CANTON": "FLAVIO ALFARO", "NOMBRE": "BRAVO CUADROS MARIA ISABEL" }, "geometry": { "type": "Point", "coordinates": [ -79.939299999412242, -0.457599996815792 ] } },
{ "type": "Feature", "properties": { "CI": "928836972", "GENERO": "MUJER", "PROVINCIA": "MANABI", "PARROQUIA": "FLAVIO ALFARO", "SECTOR": "URBANO", "PLANIFICAC": "613 BIRF", "X": -79.909912, "Y": -0.394201, "CANTON": "FLAVIO ALFARO", "NOMBRE": "KUFFO GARCIA ANA MARIA" }, "geometry": { "type": "Point", "coordinates": [ -79.909912001746207, -0.394200977180372 ] } },
{ "type": "Feature", "properties": { "CI": "1313912345", "GENERO": "MUJER", "PROVINCIA": "MANABI", "PARROQUIA": "FLAVIO ALFARO", "SECTOR": "URBANO", "PLANIFICAC": "613 BIRF", "X": -79.8967, "Y": -0.3064, "CANTON": "FLAVIO ALFARO", "NOMBRE": "CEDEÑO MOREIRA GINA MARIBEL" }, "geometry": { "type": "Point", "coordinates": [ -79.896700004226986, -0.306399996205856 ] } },
{ "type": "Feature", "properties": { "CI": "1308779287", "GENERO": "MUJER", "PROVINCIA": "MANABI", "PARROQUIA": "FLAVIO ALFARO", "SECTOR": "URBANO", "PLANIFICAC": "613 BIRF", "X": -79.898, "Y": -0.3039, "CANTON": "FLAVIO ALFARO", "NOMBRE": "MACIAS ALCIVAR NELLYS MERCEDES" }, "geometry": { "type": "Point", "coordinates": [ -79.89800000374116, -0.303900001142206 ] } },
{ "type": "Feature", "properties": { "CI": "1303093189", "GENERO": "HOMBRE", "PROVINCIA": "MANABI", "PARROQUIA": "FLAVIO ALFARO", "SECTOR": "URBANO", "PLANIFICAC": "613 BIRF", "X": -79.909049, "Y": -0.395313, "CANTON": "FLAVIO ALFARO", "NOMBRE": "RIVADENEIRA FAJARDO CARMELO RENE" }, "geometry": { "type": "Point", "coordinates": [ -79.909048996465529, -0.395313397981708 ] } },
{ "type": "Feature", "properties": { "CI": "1305249391", "GENERO": "MUJER", "PROVINCIA": "MANABI", "PARROQUIA": "FLAVIO ALFARO", "SECTOR": "URBANO", "PLANIFICAC": "613 BIRF", "X": -79.91357, "Y": -0.321799, "CANTON": "FLAVIO ALFARO", "NOMBRE": "VERA VALDEZ MARIA CRISTINA" }, "geometry": { "type": "Point", "coordinates": [ -79.91357000400653, -0.321798997250834 ] } },
{ "type": "Feature", "properties": { "CI": "1315092112", "GENERO": "MUJER", "PROVINCIA": "MANABI", "PARROQUIA": "FLAVIO ALFARO", "SECTOR": "URBANO", "PLANIFICAC": "613 BIRF", "X": -79.909562, "Y": -0.395069, "CANTON": "FLAVIO ALFARO", "NOMBRE": "CEDEÑO ANCHUNDIA KARLA GEMA" }, "geometry": { "type": "Point", "coordinates": [ -79.909561595968569, -0.395068997758669 ] } },
{ "type": "Feature", "properties": { "CI": "1312479106", "GENERO": "MUJER", "PROVINCIA": "MANABI", "PARROQUIA": "FLAVIO ALFARO", "SECTOR": "URBANO", "PLANIFICAC": "613 BIRF", "X": -79.9097, "Y": -0.3955, "CANTON": "FLAVIO ALFARO", "NOMBRE": "VELEZ HERRERA JESSENIA MARISELA" }, "geometry": { "type": "Point", "coordinates": [ -79.909700003562648, -0.395499996536947 ] } },
{ "type": "Feature", "properties": { "CI": "1310401052", "GENERO": "MUJER", "PROVINCIA": "MANABI", "PARROQUIA": "FLAVIO ALFARO", "SECTOR": "URBANO", "PLANIFICAC": "613 BIRF", "X": -79.8998, "Y": -0.40557, "CANTON": "FLAVIO ALFARO", "NOMBRE": "ZAMBRANO PALMA KATHERINE ELIZABETH" }, "geometry": { "type": "Point", "coordinates": [ -79.899799996798322, -0.405569995570705 ] } },
{ "type": "Feature", "properties": { "CI": "1309999173", "GENERO": "HOMBRE", "PROVINCIA": "MANABI", "PARROQUIA": "ROCAFUERTE", "SECTOR": "URBANO", "PLANIFICAC": "613 BIRF", "X": -80.308148, "Y": -0.924972, "CANTON": "ROCAFUERTE", "NOMBRE": "COBEÑA VELASQUEZ GEORGE MEDARDO" }, "geometry": { "type": "Point", "coordinates": [ -80.308148002286501, -0.924972001014749 ] } },
{ "type": "Feature", "properties": { "CI": "1313079095", "GENERO": "MUJER", "PROVINCIA": "MANABI", "PARROQUIA": "ROCAFUERTE", "SECTOR": "URBANO", "PLANIFICAC": "613 BIRF", "X": -80.463062, "Y": -0.949355, "CANTON": "ROCAFUERTE", "NOMBRE": "DELGADO MUÑOZ CARMEN AUXILIADORA" }, "geometry": { "type": "Point", "coordinates": [ -80.463062002735143, -0.949354996330101 ] } },
{ "type": "Feature", "properties": { "CI": "1301151179", "GENERO": "HOMBRE", "PROVINCIA": "MANABI", "PARROQUIA": "ROCAFUERTE", "SECTOR": "URBANO", "PLANIFICAC": "613 BIRF", "X": -80.355522, "Y": -0.881879, "CANTON": "ROCAFUERTE", "NOMBRE": "VERA LOOR NORBERTO AQUILINO" }, "geometry": { "type": "Point", "coordinates": [ -80.355521995656346, -0.881878998928673 ] } },
{ "type": "Feature", "properties": { "CI": "1307416956", "GENERO": "HOMBRE", "PROVINCIA": "MANABI", "PARROQUIA": "ROCAFUERTE", "SECTOR": "URBANO", "PLANIFICAC": "613 BIRF", "X": -80.360297, "Y": -0.879413, "CANTON": "ROCAFUERTE", "NOMBRE": "AVILA NAPA ELIO POMPEYO" }, "geometry": { "type": "Point", "coordinates": [ -80.360297002604085, -0.879413003281881 ] } },
{ "type": "Feature", "properties": { "CI": "1310711922", "GENERO": "HOMBRE", "PROVINCIA": "MANABI", "PARROQUIA": "ROCAFUERTE", "SECTOR": "URBANO", "PLANIFICAC": "613 BIRF", "X": -80.337023, "Y": -0.897212, "CANTON": "ROCAFUERTE", "NOMBRE": "VERA BRAVO ROGER ALEXANDER" }, "geometry": { "type": "Point", "coordinates": [ -80.337023001872396, -0.89721199935752 ] } },
{ "type": "Feature", "properties": { "CI": "1308755642", "GENERO": "HOMBRE", "PROVINCIA": "MANABI", "PARROQUIA": "ROCAFUERTE", "SECTOR": "URBANO", "PLANIFICAC": "613 BIRF", "X": -80.360185, "Y": -0.880377, "CANTON": "ROCAFUERTE", "NOMBRE": "ZAMBRANO ZAMBRANO PEDRO JOSE" }, "geometry": { "type": "Point", "coordinates": [ -80.360185001217587, -0.880377002938378 ] } },
{ "type": "Feature", "properties": { "CI": "1309994786", "GENERO": "MUJER", "PROVINCIA": "MANABI", "PARROQUIA": "ROCAFUERTE", "SECTOR": "URBANO", "PLANIFICAC": "613 BIRF", "X": -80.489979, "Y": -0.921858, "CANTON": "ROCAFUERTE", "NOMBRE": "BAILON CALDERON LORENA AUXILIADORA" }, "geometry": { "type": "Point", "coordinates": [ -80.489978995567597, -0.921857999532597 ] } },
{ "type": "Feature", "properties": { "CI": "1309183315", "GENERO": "HOMBRE", "PROVINCIA": "MANABI", "PARROQUIA": "ROCAFUERTE", "SECTOR": "URBANO", "PLANIFICAC": "613 BIRF", "X": -80.479925, "Y": -0.926549, "CANTON": "ROCAFUERTE", "NOMBRE": "VELEZ MENDOZA LEONEL RIGOBERTO" }, "geometry": { "type": "Point", "coordinates": [ -80.479924997411999, -0.926548998747585 ] } },
{ "type": "Feature", "properties": { "CI": "1302695273", "GENERO": "HOMBRE", "PROVINCIA": "MANABI", "PARROQUIA": "ROCAFUERTE", "SECTOR": "URBANO", "PLANIFICAC": "613 BIRF", "X": -80.487578, "Y": -0.89887, "CANTON": "ROCAFUERTE", "NOMBRE": "SALTOS VERGARA JULIAN EDILBERTO" }, "geometry": { "type": "Point", "coordinates": [ -80.48757800102149, -0.89886999992488 ] } },
{ "type": "Feature", "properties": { "CI": "1305725507", "GENERO": "HOMBRE", "PROVINCIA": "MANABI", "PARROQUIA": "ROCAFUERTE", "SECTOR": "URBANO", "PLANIFICAC": "613 BIRF", "X": -80.491188, "Y": -0.910898, "CANTON": "ROCAFUERTE", "NOMBRE": "SANTANA PALACIO JOSE RAFAEL" }, "geometry": { "type": "Point", "coordinates": [ -80.491188000777839, -0.910897997054753 ] } },
{ "type": "Feature", "properties": { "CI": "1308623246", "GENERO": "MUJER", "PROVINCIA": "MANABI", "PARROQUIA": "TOSAGUA", "SECTOR": "URBANO", "PLANIFICAC": "613 BIRF", "X": -80.251303, "Y": -0.774247, "CANTON": "TOSAGUA", "NOMBRE": "ZAMBRANO RODRIGUEZ MONSERRATE MARICELA" }, "geometry": { "type": "Point", "coordinates": [ -80.251303003442928, -0.774246999243968 ] } },
{ "type": "Feature", "properties": { "CI": "1308815917", "GENERO": "MUJER", "PROVINCIA": "MANABI", "PARROQUIA": "TOSAGUA", "SECTOR": "URBANO", "PLANIFICAC": "613 BIRF", "X": -80.257717, "Y": -0.838216, "CANTON": "TOSAGUA", "NOMBRE": "MOREIRA VERGARA ANGELA MARIA" }, "geometry": { "type": "Point", "coordinates": [ -80.257716996530263, -0.838215996955454 ] } },
{ "type": "Feature", "properties": { "CI": "1314006188", "GENERO": "MUJER", "PROVINCIA": "MANABI", "PARROQUIA": "TOSAGUA", "SECTOR": "URBANO", "PLANIFICAC": "613 BIRF", "X": -80.254401, "Y": -0.838487, "CANTON": "TOSAGUA", "NOMBRE": "CEDEÑO FERNANDEZ KATHERINE AUXILIADORA" }, "geometry": { "type": "Point", "coordinates": [ -80.254400997883806, -0.838487002834857 ] } },
{ "type": "Feature", "properties": { "CI": "1306425123", "GENERO": "MUJER", "PROVINCIA": "MANABI", "PARROQUIA": "TOSAGUA", "SECTOR": "URBANO", "PLANIFICAC": "613 BIRF", "X": -80.26617, "Y": -0.758156, "CANTON": "TOSAGUA", "NOMBRE": "PAZMIÑO BAILON NILA YOLANDA" }, "geometry": { "type": "Point", "coordinates": [ -80.266169998706545, -0.758156118716069 ] } },
{ "type": "Feature", "properties": { "CI": "1301215552", "GENERO": "HOMBRE", "PROVINCIA": "MANABI", "PARROQUIA": "TOSAGUA", "SECTOR": "URBANO", "PLANIFICAC": "613 BIRF", "X": -80.261419, "Y": -0.794839, "CANTON": "TOSAGUA", "NOMBRE": "BURBANO JACINTO RAMON" }, "geometry": { "type": "Point", "coordinates": [ -80.261418997680607, -0.794839000276986 ] } },
{ "type": "Feature", "properties": { "CI": "1301161996", "GENERO": "MUJER", "PROVINCIA": "MANABI", "PARROQUIA": "TOSAGUA", "SECTOR": "URBANO", "PLANIFICAC": "613 BIRF", "X": -80.242291, "Y": -0.764819, "CANTON": "TOSAGUA", "NOMBRE": "DELGADO GARCIA MERCEDES ELENA" }, "geometry": { "type": "Point", "coordinates": [ -80.242290997436882, -0.7648191958027 ] } },
{ "type": "Feature", "properties": { "CI": "1307684280", "GENERO": "MUJER", "PROVINCIA": "MANABI", "PARROQUIA": "TOSAGUA", "SECTOR": "URBANO", "PLANIFICAC": "613 BIRF", "X": -80.241635, "Y": -0.815759, "CANTON": "TOSAGUA", "NOMBRE": "SALAZAR MOREIRA EVA MARILUD" }, "geometry": { "type": "Point", "coordinates": [ -80.241635000225727, -0.815759000670019 ] } },
{ "type": "Feature", "properties": { "CI": "1303145872", "GENERO": "HOMBRE", "PROVINCIA": "MANABI", "PARROQUIA": "TOSAGUA", "SECTOR": "URBANO", "PLANIFICAC": "613 BIRF", "X": -80.232048, "Y": -0.752722, "CANTON": "TOSAGUA", "NOMBRE": "FARIAS SOLORZANO CARLOS" }, "geometry": { "type": "Point", "coordinates": [ -80.232048002921331, -0.752722002469747 ] } },
{ "type": "Feature", "properties": { "CI": "1310159189", "GENERO": "MUJER", "PROVINCIA": "MANABI", "PARROQUIA": "TOSAGUA", "SECTOR": "URBANO", "PLANIFICAC": "613 BIRF", "X": -80.240286, "Y": -0.772264, "CANTON": "TOSAGUA", "NOMBRE": "RIVAS CEDEÑO REYNALDA MARICELY" }, "geometry": { "type": "Point", "coordinates": [ -80.240285996273343, -0.772263997472436 ] } },
{ "type": "Feature", "properties": { "CI": "2100499686", "GENERO": "MUJER", "PROVINCIA": "ORELLANA", "PARROQUIA": "EL COCA", "SECTOR": "URBANO", "PLANIFICAC": "613 BIRF", "X": -76.721088, "Y": -0.423354, "CANTON": "FRANCISCO DE ORELLANA", "NOMBRE": "SISA RAMÍREZ  LOURDES ALEXANDRA" }, "geometry": { "type": "Point", "coordinates": [ -76.721088045750406, -0.423353823922168 ] } },
{ "type": "Feature", "properties": { "CI": "1713828729", "GENERO": "MUJER", "PROVINCIA": "ORELLANA", "PARROQUIA": "EL DORADO", "SECTOR": "URBANO", "PLANIFICAC": "613 BIRF", "X": -77.007756, "Y": -0.43677, "CANTON": "FRANCISCO DE ORELLANA", "NOMBRE": "CASTILLO JIMENEZ CLARA ESTHER" }, "geometry": { "type": "Point", "coordinates": [ -77.00775631151329, -0.436769798751641 ] } },
{ "type": "Feature", "properties": { "CI": "2200133821", "GENERO": "MUJER", "PROVINCIA": "ORELLANA", "PARROQUIA": "EL COCA", "SECTOR": "URBANO", "PLANIFICAC": "613 BIRF", "X": -77.015272, "Y": -0.378078, "CANTON": "FRANCISCO DE ORELLANA", "NOMBRE": "CAUTULLIN GAVI LOURDES VICTORIA" }, "geometry": { "type": "Point", "coordinates": [ -77.015271754442622, -0.378077801107137 ] } },
{ "type": "Feature", "properties": { "CI": "2200013171", "GENERO": "HOMBRE", "PROVINCIA": "ORELLANA", "PARROQUIA": "LA JOYA DE LOS SACHAS", "SECTOR": "URBANO", "PLANIFICAC": "613 BIRF", "X": -77.004319, "Y": -0.431255, "CANTON": "LA JOYA DE LOS SACHAS", "NOMBRE": "TOCTA CHELA LUIS HOMERO" }, "geometry": { "type": "Point", "coordinates": [ -77.004318554792775, -0.431254813420185 ] } },
{ "type": "Feature", "properties": { "CI": "2100941497", "GENERO": "HOMBRE", "PROVINCIA": "ORELLANA", "PARROQUIA": "LA JOYA DE LOS SACHAS", "SECTOR": "URBANO", "PLANIFICAC": "613 BIRF", "X": -76.93464, "Y": -0.280559, "CANTON": "LA JOYA DE LOS SACHAS", "NOMBRE": "LUCERO REVELO SIXTO RAMIRO" }, "geometry": { "type": "Point", "coordinates": [ -76.934639951196303, -0.280559419585032 ] } },
{ "type": "Feature", "properties": { "CI": "2100491105", "GENERO": "MUJER", "PROVINCIA": "SUCUMBIOS", "PARROQUIA": "NUEVA TRONCAL", "SECTOR": "URBANO", "PLANIFICAC": "613 BIRF", "X": -77.18616, "Y": 0.04051, "CANTON": "CASCALES", "NOMBRE": "ABRIL FAJARDO MERCEDES ALEXANDRA" }, "geometry": { "type": "Point", "coordinates": [ -77.186159997705317, 0.040509997500037 ] } },
{ "type": "Feature", "properties": { "CI": "2100071915", "GENERO": "MUJER", "PROVINCIA": "SUCUMBIOS", "PARROQUIA": "CASCALES", "SECTOR": "URBANO", "PLANIFICAC": "613 BIRF", "X": -77.230812, "Y": 0.07294, "CANTON": "CASCALES", "NOMBRE": "ERREYES CHUQUI CLARA ISABEL" }, "geometry": { "type": "Point", "coordinates": [ -77.230812110629245, 0.072939945061441 ] } },
{ "type": "Feature", "properties": { "CI": "1710108844", "GENERO": "HOMBRE", "PROVINCIA": "SUCUMBIOS", "PARROQUIA": "LUMBAQUI", "SECTOR": "URBANO", "PLANIFICAC": "613 BIRF", "X": -77.32501, "Y": 0.04478, "CANTON": "GONZALO PIZARRO", "NOMBRE": "CHAMBA GONZALEZ JOSE ORLANDO" }, "geometry": { "type": "Point", "coordinates": [ -77.325010001544541, 0.044779998546344 ] } },
{ "type": "Feature", "properties": { "CI": "2101168538", "GENERO": "MUJER", "PROVINCIA": "SUCUMBIOS", "PARROQUIA": "LUMBAQUI", "SECTOR": "URBANO", "PLANIFICAC": "613 BIRF", "X": -77.325961, "Y": 0.044449, "CANTON": "GONZALO PIZARRO", "NOMBRE": "CHUQUIAN ZURITA NATALY SILVANA" }, "geometry": { "type": "Point", "coordinates": [ -77.325960821359004, 0.044448670115613 ] } },
{ "type": "Feature", "properties": { "CI": "2400169310", "GENERO": "MUJER", "PROVINCIA": "SANTA ELENA", "PARROQUIA": "SANTA ELENA", "SECTOR": "URBANO", "PLANIFICAC": "613 BIRF", "X": -80.885406, "Y": -2.210189, "CANTON": "SANTA ELENA", "NOMBRE": "ZAMBRANO BALON MAYRA SOLANGE" }, "geometry": { "type": "Point", "coordinates": [ -80.885406260272035, -2.210189000907056 ] } },
{ "type": "Feature", "properties": { "CI": "1207681899", "GENERO": "HOMBRE", "PROVINCIA": "LOS RIOS", "PARROQUIA": "PIMOCHA", "SECTOR": "URBANO", "PLANIFICAC": "613 BIRF", "X": -79.561856, "Y": -1.76415, "CANTON": "BABAHOYO", "NOMBRE": "VECILLA VALENCIA WLADIMIR ALBERTO" }, "geometry": { "type": "Point", "coordinates": [ -79.561855609523704, -1.764149854826489 ] } },
{ "type": "Feature", "properties": { "CI": "907444889", "GENERO": "HOMBRE", "PROVINCIA": "GUAYAS", "PARROQUIA": "BALZAR", "SECTOR": "URBANO", "PLANIFICAC": "613 BIRF", "X": -79.886136, "Y": -1.386035, "CANTON": "BALZAR", "NOMBRE": "TOBAR PERALTA UBENCIO ESTEBAN" }, "geometry": { "type": "Point", "coordinates": [ -79.886136023887104, -1.38603544673475 ] } },
{ "type": "Feature", "properties": { "CI": "942713116", "GENERO": "MUJER", "PROVINCIA": "GUAYAS", "PARROQUIA": "ENGABAO", "SECTOR": "URBANO", "PLANIFICAC": "613 BIRF", "X": -80.479219, "Y": -2.566472, "CANTON": "PLAYAS", "NOMBRE": "CRESPIN LINDAO MARTHA GEORGINA" }, "geometry": { "type": "Point", "coordinates": [ -80.47921852644437, -2.566472411120567 ] } },
{ "type": "Feature", "properties": { "CI": "603474826", "GENERO": "MUJER", "PROVINCIA": "CHIMBORAZO", "PARROQUIA": "PALLATANGA", "SECTOR": "URBANO", "PLANIFICAC": "613 BIRF", "X": -78.973707, "Y": -1.965985, "CANTON": "PALLATANGA", "NOMBRE": "LEMA TENEZACA MARÍA NORMA" }, "geometry": { "type": "Point", "coordinates": [ -78.973707344053551, -1.965984632996666 ] } },
{ "type": "Feature", "properties": { "CI": "1720203387", "GENERO": "MUJER", "PROVINCIA": "LOS RIOS", "PARROQUIA": "MOCACHE", "SECTOR": "URBANO", "PLANIFICAC": "613 BIRF", "X": -79.490189, "Y": -1.099261, "CANTON": "MOCACHE", "NOMBRE": "MERO TOMALA JESSICA CRISTINA" }, "geometry": { "type": "Point", "coordinates": [ -79.490189092238012, -1.099261095974166 ] } },
{ "type": "Feature", "properties": { "CI": "604922401", "GENERO": "HOMBRE", "PROVINCIA": "CHIMBORAZO", "PARROQUIA": "GUAMOTE", "SECTOR": "URBANO", "PLANIFICAC": "613 BIRF", "X": -78.600899, "Y": -2.117871, "CANTON": "GUAMOTE", "NOMBRE": "PILAMUNGA ALVARADO JOSE ANTONIO" }, "geometry": { "type": "Point", "coordinates": [ -78.600899363232855, -2.117870915899192 ] } },
{ "type": "Feature", "properties": { "CI": "1205008186", "GENERO": "HOMBRE", "PROVINCIA": "LOS RIOS", "PARROQUIA": "MOCACHE", "SECTOR": "URBANO", "PLANIFICAC": "613 BIRF", "X": -79.484579, "Y": -1.106729, "CANTON": "MOCACHE", "NOMBRE": "BUSTAMANTE ARIAS CLAUDIO ROGELIO" }, "geometry": { "type": "Point", "coordinates": [ -79.484578524446448, -1.106728658958137 ] } },
{ "type": "Feature", "properties": { "CI": "202064523", "GENERO": "MUJER", "PROVINCIA": "BOLIVAR", "PARROQUIA": "GUANUJO", "SECTOR": "URBANO", "PLANIFICAC": "613 BIRF", "X": -79.011621, "Y": -1.588754, "CANTON": "GUARANDA", "NOMBRE": "LUZ ENMA CHISAG CHISAG" }, "geometry": { "type": "Point", "coordinates": [ -79.011620561689554, -1.588754341200973 ] } },
{ "type": "Feature", "properties": { "CI": "202388682", "GENERO": "MUJER", "PROVINCIA": "BOLIVAR", "PARROQUIA": "SAN JOSÉ DE CHIMBO", "SECTOR": "URBANO", "PLANIFICAC": "613 BIRF", "X": -79.012021, "Y": -1.646292, "CANTON": "CHIMBO", "NOMBRE": "ARGUELLO VARGAS ARMIDA GRISELDA" }, "geometry": { "type": "Point", "coordinates": [ -79.012021146287765, -1.64629211055997 ] } },
{ "type": "Feature", "properties": { "CI": "201934379", "GENERO": "MUJER", "PROVINCIA": "BOLIVAR", "PARROQUIA": "GUANUJO", "SECTOR": "URBANO", "PLANIFICAC": "613 BIRF", "X": -79.029892, "Y": -1.508632, "CANTON": "GUARANDA", "NOMBRE": "ALUCHO PEÑA MARIA FRANCISCA" }, "geometry": { "type": "Point", "coordinates": [ -79.029891742351936, -1.508631773940606 ] } },
{ "type": "Feature", "properties": { "CI": "401744164", "GENERO": "MUJER", "PROVINCIA": "CARCHI", "PARROQUIA": "BOLIVAR", "SECTOR": "URBANO", "PLANIFICAC": "613 BIRF", "X": -77.870245, "Y": 0.576807, "CANTON": "BOLIVAR", "NOMBRE": "PAZ PAGUAY MARIA ALEXANDRA" }, "geometry": { "type": "Point", "coordinates": [ -77.870244915909097, 0.576807020212555 ] } },
{ "type": "Feature", "properties": { "CI": "941330656", "GENERO": "MUJER", "PROVINCIA": "LOS RIOS", "PARROQUIA": "LA UNION", "SECTOR": "URBANO", "PLANIFICAC": "613 BIRF", "X": -79.447555, "Y": -1.754652, "CANTON": "BABAHOYO", "NOMBRE": "IZQUIERDO JUNCO MARIA JOSE" }, "geometry": { "type": "Point", "coordinates": [ -79.447555318550769, -1.754651782159752 ] } },
{ "type": "Feature", "properties": { "CI": "1500003544", "GENERO": "HOMBRE", "PROVINCIA": "ORELLANA", "PARROQUIA": "EL DORADO", "SECTOR": "URBANO", "PLANIFICAC": "613 BIRF", "X": -76.665456, "Y": -0.502676, "CANTON": "FRANCISCO DE ORELLANA", "NOMBRE": "SHIGUANGO YUMBO FRANCISCO VICENTE" }, "geometry": { "type": "Point", "coordinates": [ -76.665455962820744, -0.50267599901022 ] } },
{ "type": "Feature", "properties": { "CI": "2100042866", "GENERO": "HOMBRE", "PROVINCIA": "ORELLANA", "PARROQUIA": "LA JOYA DE LOS SACHAS", "SECTOR": "URBANO", "PLANIFICAC": "613 BIRF", "X": -76.9306, "Y": -0.297804, "CANTON": "LA JOYA DE LOS SACHAS", "NOMBRE": "TORRES SANMARTIN JOSE PATRICIO" }, "geometry": { "type": "Point", "coordinates": [ -76.930599969839605, -0.297803533885647 ] } },
{ "type": "Feature", "properties": { "CI": "922545488", "GENERO": "MUJER", "PROVINCIA": "LOS RIOS", "PARROQUIA": "MOCACHE", "SECTOR": "URBANO", "PLANIFICAC": "613 BIRF", "X": -79.639981, "Y": -1.170389, "CANTON": "MOCACHE", "NOMBRE": "TARIRA RIVAS ANGELICA JENNIFER" }, "geometry": { "type": "Point", "coordinates": [ -79.639980970561638, -1.170388828943962 ] } },
{ "type": "Feature", "properties": { "CI": "802000505", "GENERO": "MUJER", "PROVINCIA": "ORELLANA", "PARROQUIA": "EL COCA GUADALUPE LARRIBA", "SECTOR": "URBANO", "PLANIFICAC": "613 BIRF", "X": -76.719387, "Y": -0.430106, "CANTON": "FRANCISCO DE ORELLANA", "NOMBRE": "PARRALES CAGUA JULIA MARGARITA" }, "geometry": { "type": "Point", "coordinates": [ -76.719386589930252, -0.430105771299489 ] } },
{ "type": "Feature", "properties": { "CI": "914697651", "GENERO": "MUJER", "PROVINCIA": "SANTA ELENA", "PARROQUIA": "SANTA ELENA", "SECTOR": "URBANO", "PLANIFICAC": "613 BIRF", "X": -80.872877, "Y": -2.226165, "CANTON": "SANTA ELENA", "NOMBRE": "RODRIGUEZ RIVERA MONICA ALEXANDRA" }, "geometry": { "type": "Point", "coordinates": [ -80.872877127711433, -2.226165251741887 ] } },
{ "type": "Feature", "properties": { "CI": "101887743", "GENERO": "MUJER", "PROVINCIA": "ORELLANA", "PARROQUIA": "EL COCA GUADALUPE LARRIBA", "SECTOR": "URBANO", "PLANIFICAC": "613 BIRF", "X": -76.720365, "Y": -0.428975, "CANTON": "FRANCISCO DE ORELLANA", "NOMBRE": "FAJARDO CHACHO NARCISA JESUS" }, "geometry": { "type": "Point", "coordinates": [ -76.720365038750785, -0.428974886382823 ] } },
{ "type": "Feature", "properties": { "CI": "802819052", "GENERO": "MUJER", "PROVINCIA": "ORELLANA", "PARROQUIA": "EL COCA EL DORADO", "SECTOR": "URBANO", "PLANIFICAC": "613 BIRF", "X": -76.665569, "Y": -0.501934, "CANTON": "FRANCISCO DE ORELLANA", "NOMBRE": "PICHOGAGON BERNITA TANYA CRISTINA" }, "geometry": { "type": "Point", "coordinates": [ -76.665568915879376, -0.501933985792866 ] } },
{ "type": "Feature", "properties": { "CI": "919679795", "GENERO": "HOMBRE", "PROVINCIA": "GUAYAS", "PARROQUIA": "PEDRO CARBO", "SECTOR": "URBANO", "PLANIFICAC": "613 BIRF", "X": -80.225072, "Y": -1.76575, "CANTON": "PEDRO CARBO", "NOMBRE": "MARTINEZ BANCHON ANGEL CELIANO" }, "geometry": { "type": "Point", "coordinates": [ -80.225072479541964, -1.765749906182747 ] } },
{ "type": "Feature", "properties": { "CI": "201889441", "GENERO": "MUJER", "PROVINCIA": "BOLIVAR", "PARROQUIA": "ECEHANDIA", "SECTOR": "URBANO", "PLANIFICAC": "613 BIRF", "X": -79.291433, "Y": -1.431778, "CANTON": "ECHEANDIA", "NOMBRE": "OCAMPO VASCONEZ GEOCONDA MARLENE" }, "geometry": { "type": "Point", "coordinates": [ -79.291433337390217, -1.431778329472848 ] } },
{ "type": "Feature", "properties": { "CI": "401075676", "GENERO": "HOMBRE", "PROVINCIA": "CARCHI", "PARROQUIA": "TULCAN", "SECTOR": "URBANO", "PLANIFICAC": "613 BIRF", "X": -77.863373, "Y": 0.581731, "CANTON": "TULCAN", "NOMBRE": "CHAPI LOPEZ CESAR ALIRIO" }, "geometry": { "type": "Point", "coordinates": [ -77.863373304318756, 0.581731070773174 ] } },
{ "type": "Feature", "properties": { "CI": "401724646", "GENERO": "HOMBRE", "PROVINCIA": "CARCHI", "PARROQUIA": "LA LIBERTAD", "SECTOR": "URBANO", "PLANIFICAC": "613 BIRF", "X": -77.935191, "Y": 0.639035, "CANTON": "ESPEJO", "NOMBRE": "CUASAPU CADENA LUIS ANIBAL" }, "geometry": { "type": "Point", "coordinates": [ -77.935191325973747, 0.639034973163037 ] } },
{ "type": "Feature", "properties": { "CI": "2101145213", "GENERO": "MUJER", "PROVINCIA": "SUCUMBIOS", "PARROQUIA": "NUEVA LOJA", "SECTOR": "URBANO", "PLANIFICAC": "613 BIRF", "X": -76.58829, "Y": 0.04514, "CANTON": "LAGO AGRIO", "NOMBRE": "QUEVEDO CAMPOVERDE MERCY YULIZA" }, "geometry": { "type": "Point", "coordinates": [ -76.588289995911126, 0.045139966532058 ] } },
{ "type": "Feature", "properties": { "CI": "929129872", "GENERO": "HOMBRE", "PROVINCIA": "LOS RIOS", "PARROQUIA": "MOCACHE", "SECTOR": "URBANO", "PLANIFICAC": "613 BIRF", "X": -79.612369, "Y": -1.184367, "CANTON": "MOCACHE", "NOMBRE": "ZAMBRANO SEVILLANO ANGEL JAHIR" }, "geometry": { "type": "Point", "coordinates": [ -79.612369031901196, -1.184367221067224 ] } },
{ "type": "Feature", "properties": { "CI": "1207196740", "GENERO": "HOMBRE", "PROVINCIA": "LOS RIOS", "PARROQUIA": "MOCACHE", "SECTOR": "URBANO", "PLANIFICAC": "613 BIRF", "X": -79.625286, "Y": -1.194513, "CANTON": "MOCACHE", "NOMBRE": "MONTOYA FIGUEROA KLEBER DANIEL" }, "geometry": { "type": "Point", "coordinates": [ -79.625285919061781, -1.194512758842357 ] } },
{ "type": "Feature", "properties": { "CI": "1207335652", "GENERO": "MUJER", "PROVINCIA": "LOS RIOS", "PARROQUIA": "MOCACHE", "SECTOR": "URBANO", "PLANIFICAC": "613 BIRF", "X": -79.506457, "Y": -1.107545, "CANTON": "MOCACHE", "NOMBRE": "ALMEIDA GARCIA MARIA CARMEN" }, "geometry": { "type": "Point", "coordinates": [ -79.506457311615918, -1.107544763338456 ] } },
{ "type": "Feature", "properties": { "CI": "1708242845", "GENERO": "HOMBRE", "PROVINCIA": "SUCUMBIOS", "PARROQUIA": "SHUSHUFINDI", "SECTOR": "URBANO", "PLANIFICAC": "613 BIRF", "X": -76.579635, "Y": -0.091886, "CANTON": "SHUSHUFINDI", "NOMBRE": "VARGAS VELOZ SALATILES ESPERINDION" }, "geometry": { "type": "Point", "coordinates": [ -76.57963482157362, -0.09188555407902 ] } },
{ "type": "Feature", "properties": { "CI": "402011175", "GENERO": "MUJER", "PROVINCIA": "CARCHI", "PARROQUIA": "BOLIVAR", "SECTOR": "URBANO", "PLANIFICAC": "613 BIRF", "X": -77.869434, "Y": 0.577257, "CANTON": "BOLIVAR", "NOMBRE": "RECALDE MOLINA JOHANNA MISHEL" }, "geometry": { "type": "Point", "coordinates": [ -77.869434344289161, 0.577256901656983 ] } },
{ "type": "Feature", "properties": { "CI": "918143645", "GENERO": "HOMBRE", "PROVINCIA": "LOS RIOS", "PARROQUIA": "QUEVEDO", "SECTOR": "URBANO", "PLANIFICAC": "613 BIRF", "X": -79.513368, "Y": -0.990869, "CANTON": "QUEVEDO", "NOMBRE": "MORA BENITEZ FRANKLIN ALADINO" }, "geometry": { "type": "Point", "coordinates": [ -79.513368225483759, -0.990868785601434 ] } },
{ "type": "Feature", "properties": { "CI": "1311220261", "GENERO": "HOMBRE", "PROVINCIA": "LOS RIOS", "PARROQUIA": "MOCACHE", "SECTOR": "URBANO", "PLANIFICAC": "613 BIRF", "X": -79.625952, "Y": -1.192252, "CANTON": "MOCACHE", "NOMBRE": "CARRIEL RENDON STALIN FELIPE" }, "geometry": { "type": "Point", "coordinates": [ -79.625952011593839, -1.192251929785511 ] } },
{ "type": "Feature", "properties": { "CI": "922781323", "GENERO": "HOMBRE", "PROVINCIA": "LOS RIOS", "PARROQUIA": "MOCACHE", "SECTOR": "URBANO", "PLANIFICAC": "613 BIRF", "X": -79.653041, "Y": -1.181737, "CANTON": "MOCACHE", "NOMBRE": "IBARRA PEÑAFIEL JIMMY OSWALDO" }, "geometry": { "type": "Point", "coordinates": [ -79.653041300584292, -1.181737303053684 ] } },
{ "type": "Feature", "properties": { "CI": "913273066", "GENERO": "HOMBRE", "PROVINCIA": "SANTA ELENA", "PARROQUIA": "LA LIBERTAD", "SECTOR": "URBANO", "PLANIFICAC": "613 BIRF", "X": -80.884676, "Y": -2.239104, "CANTON": "LA LIBERTAD", "NOMBRE": "QUINDE GUALE BENITO FERMIN" }, "geometry": { "type": "Point", "coordinates": [ -80.88467555116479, -2.239103662297919 ] } },
{ "type": "Feature", "properties": { "CI": "2100116678", "GENERO": "MUJER", "PROVINCIA": "ORELLANA", "PARROQUIA": "EL COCA GUADALUPE LARRIBA", "SECTOR": "URBANO", "PLANIFICAC": "613 BIRF", "X": -76.721822, "Y": -0.426498, "CANTON": "FRANCISCO DE ORELLANA", "NOMBRE": "VALENCIA ZAMBRANO MERCEDES MARIELIZA" }, "geometry": { "type": "Point", "coordinates": [ -76.721821985565825, -0.426497744174999 ] } },
{ "type": "Feature", "properties": { "CI": "1206682310", "GENERO": "MUJER", "PROVINCIA": "LOS RIOS", "PARROQUIA": "QUEVEDO", "SECTOR": "URBANO", "PLANIFICAC": "613 BIRF", "X": -79.474215, "Y": -0.984014, "CANTON": "QUEVEDO", "NOMBRE": "GUANOTUÑA DUQUE CINTHYA STEFANIA" }, "geometry": { "type": "Point", "coordinates": [ -79.474214905550852, -0.98401355622729 ] } },
{ "type": "Feature", "properties": { "CI": "401399084", "GENERO": "MUJER", "PROVINCIA": "CARCHI", "PARROQUIA": "LA LIBERTAD", "SECTOR": "URBANO", "PLANIFICAC": "613 BIRF", "X": -77.947738, "Y": 0.667516, "CANTON": "ESPEJO", "NOMBRE": "CASTRO MOROCHO SILVIA PATRICIA" }, "geometry": { "type": "Point", "coordinates": [ -77.947737592047659, 0.667515897043607 ] } },
{ "type": "Feature", "properties": { "CI": "1303104127", "GENERO": "MUJER", "PROVINCIA": "LOS RIOS", "PARROQUIA": "QUEVEDO", "SECTOR": "URBANO", "PLANIFICAC": "613 BIRF", "X": -79.474305, "Y": -0.984339, "CANTON": "QUEVEDO", "NOMBRE": "ZAMBRANO PICO ILDA EUSTORGIA" }, "geometry": { "type": "Point", "coordinates": [ -79.474304606135604, -0.984339183680969 ] } },
{ "type": "Feature", "properties": { "CI": "929639797", "GENERO": "MUJER", "PROVINCIA": "GUAYAS", "PARROQUIA": "ENGABAO", "SECTOR": "URBANO", "PLANIFICAC": "613 BIRF", "X": -80.479587, "Y": -2.56726, "CANTON": "PLAYAS", "NOMBRE": "LINDAO RODRIGUEZ JUAN ELVIS" }, "geometry": { "type": "Point", "coordinates": [ -80.479587016891756, -2.567259629790315 ] } },
{ "type": "Feature", "properties": { "CI": "2100444781", "GENERO": "MUJER", "PROVINCIA": "SUCUMBIOS", "PARROQUIA": "NUEVA LOJA", "SECTOR": "URBANO", "PLANIFICAC": "613 BIRF", "X": -76.908476, "Y": 0.07789, "CANTON": "LAGO AGRIO", "NOMBRE": "SANTIN GAONA LILIA MERCEDES" }, "geometry": { "type": "Point", "coordinates": [ -76.908476489055786, 0.077889981812702 ] } },
{ "type": "Feature", "properties": { "CI": "941022832", "GENERO": "RURAL", "PROVINCIA": "GUAYAS", "PARROQUIA": "P.CARBO", "SECTOR": "URBANO", "PLANIFICAC": "613 BIRF", "X": -80.225456, "Y": -1.793975, "CANTON": "GUAYAQUIL", "NOMBRE": "GUARANDA PLUAS GISELLA ZORAIDA" }, "geometry": { "type": "Point", "coordinates": [ -80.225456268760198, -1.793974820839341 ] } },
{ "type": "Feature", "properties": { "CI": "1205302746", "GENERO": "MUJER", "PROVINCIA": "LOS RIOS", "PARROQUIA": "MOCACHE", "SECTOR": "URBANO", "PLANIFICAC": "613 BIRF", "X": -79.514254, "Y": -1.182118, "CANTON": "MOCACHE", "NOMBRE": "HERRERA MUÑOZ CINDY MARISELA" }, "geometry": { "type": "Point", "coordinates": [ -79.514254151483769, -1.182118283275058 ] } },
{ "type": "Feature", "properties": { "CI": "941048183", "GENERO": "MUJER", "PROVINCIA": "GUAYAS", "PARROQUIA": "ENGABAO", "SECTOR": "URBANO", "PLANIFICAC": "613 BIRF", "X": -80.479488, "Y": -2.566934, "CANTON": "PLAYAS", "NOMBRE": "PANCHANA BOHORQUEZ TANIA MERCEDES" }, "geometry": { "type": "Point", "coordinates": [ -80.479488199895826, -2.566933906096672 ] } },
{ "type": "Feature", "properties": { "CI": "1206058784", "GENERO": "MUJER", "PROVINCIA": "GUAYAS", "PARROQUIA": "JUJAN", "SECTOR": "URBANO", "PLANIFICAC": "613 BIRF", "X": -79.560606, "Y": -1.974122, "CANTON": "ALFREDO BAQUERIZO MORENO (JUJAN)", "NOMBRE": "CANO ALAVA MAYRA GIOCONDA" }, "geometry": { "type": "Point", "coordinates": [ -79.56060601393898, -1.974122489411916 ] } },
{ "type": "Feature", "properties": { "CI": "940077779", "GENERO": "HOMBRE", "PROVINCIA": "GUAYAS", "PARROQUIA": "ENGABAO", "SECTOR": "URBANO", "PLANIFICAC": "613 BIRF", "X": -80.483814, "Y": -2.570301, "CANTON": "PLAYAS", "NOMBRE": "PANCHANA TOMALA ANAGELY CECIBEL" }, "geometry": { "type": "Point", "coordinates": [ -80.483813608805264, -2.570301064595425 ] } },
{ "type": "Feature", "properties": { "CI": "1900124247", "GENERO": "MUJER", "PROVINCIA": "ZAMORA CHINCHIPE", "PARROQUIA": "YANTZAZA (YANZATZA)", "SECTOR": "URBANO", "PLANIFICAC": "613 BIRF", "X": -78.762328, "Y": -3.824796, "CANTON": "YANTZAZA", "NOMBRE": "FERNANDEZ CALVA LUZ MARIA" }, "geometry": { "type": "Point", "coordinates": [ -78.762328168535817, -3.824795925144989 ] } },
{ "type": "Feature", "properties": { "CI": "1104408354", "GENERO": "HOMBRE", "PROVINCIA": "EL ORO", "PARROQUIA": "UNION LOJANA", "SECTOR": "URBANO", "PLANIFICAC": "613 BIRF", "X": -80.20321, "Y": -3.482916, "CANTON": "HUAQUILLAS", "NOMBRE": "CARPIO CARPIO BYRON FRANCISCO" }, "geometry": { "type": "Point", "coordinates": [ -80.203209620317509, -3.482915896738322 ] } },
{ "type": "Feature", "properties": { "CI": "928855998", "GENERO": "MUJER", "PROVINCIA": "LOS RIOS", "PARROQUIA": "QUEVEDO", "SECTOR": "URBANO", "PLANIFICAC": "613 BIRF", "X": -79.473676, "Y": -0.983552, "CANTON": "QUEVEDO", "NOMBRE": "DELGADO PERALTA DAYANA KASSANDRA" }, "geometry": { "type": "Point", "coordinates": [ -79.473676023898875, -0.983552061140001 ] } },
{ "type": "Feature", "properties": { "CI": "1203599533", "GENERO": "MUJER", "PROVINCIA": "LOS RIOS", "PARROQUIA": "QUEVEDO", "SECTOR": "URBANO", "PLANIFICAC": "613 BIRF", "X": -79.456848, "Y": -1.038821, "CANTON": "QUEVEDO", "NOMBRE": "IBARRA QUIJIJE JESSENIA ELIZABETH" }, "geometry": { "type": "Point", "coordinates": [ -79.456848308514552, -1.038821101953064 ] } },
{ "type": "Feature", "properties": { "CI": "928910025", "GENERO": "MUJER", "PROVINCIA": "LOS RIOS", "PARROQUIA": "MOCACHE", "SECTOR": "URBANO", "PLANIFICAC": "613 BIRF", "X": -79.636512, "Y": -1.189001, "CANTON": "MOCACHE", "NOMBRE": "ZAMORA TARIRA YANINA ELOISA" }, "geometry": { "type": "Point", "coordinates": [ -79.636512277166716, -1.189001123085123 ] } },
{ "type": "Feature", "properties": { "CI": "928800325", "GENERO": "MUJER", "PROVINCIA": "GUAYAS", "PARROQUIA": "ENGABAO", "SECTOR": "URBANO", "PLANIFICAC": "613 BIRF", "X": -80.478804, "Y": -2.568381, "CANTON": "PLAYAS", "NOMBRE": "GARCIA RODRIGUEZ ALEXANDRA YAJAIRA" }, "geometry": { "type": "Point", "coordinates": [ -80.478803967557099, -2.568381106887429 ] } },
{ "type": "Feature", "properties": { "CI": "2100536669", "GENERO": "MUJER", "PROVINCIA": "SUCUMBIOS", "PARROQUIA": "NUEVA LOJA", "SECTOR": "URBANO", "PLANIFICAC": "613 BIRF", "X": -76.93109, "Y": 0.083428, "CANTON": "LAGO AGRIO", "NOMBRE": "VILLENA MONTERO MARTHA MANUELA" }, "geometry": { "type": "Point", "coordinates": [ -76.931089999775466, 0.083427999919641 ] } },
{ "type": "Feature", "properties": { "CI": "2100502588", "GENERO": "MASCULINO", "PROVINCIA": "SUCUMBIOS", "PARROQUIA": "SANTA CECILIA", "SECTOR": "URBANO", "PLANIFICAC": "613 BIRF", "X": -76.986411, "Y": 0.115871, "CANTON": "LAGO AGRIO", "NOMBRE": "HURTADO TORRES LUIS GERMAN" }, "geometry": { "type": "Point", "coordinates": [ -76.986411478277134, 0.115871114760302 ] } },
{ "type": "Feature", "properties": { "CI": "106162167", "GENERO": "MUJER", "PROVINCIA": "AZUAY", "PARROQUIA": "PUCARÁ", "SECTOR": "URBANO", "PLANIFICAC": "613 BIRF", "X": -79.472984, "Y": -3.215654, "CANTON": "PUCARA", "NOMBRE": "REYES REDROVAN JENNY GRACIELA" }, "geometry": { "type": "Point", "coordinates": [ -79.472983913770747, -3.215654154762345 ] } },
{ "type": "Feature", "properties": { "CI": "1950106987", "GENERO": "MUJER", "PROVINCIA": "ZAMORA CHINCHIPE", "PARROQUIA": "ZUMBA", "SECTOR": "URBANO", "PLANIFICAC": "613 BIRF", "X": -79.142415, "Y": -4.861013, "CANTON": "CHINCHIPE", "NOMBRE": "RODRIGUEZ MERINO ANA MARIA" }, "geometry": { "type": "Point", "coordinates": [ -79.142414951201559, -4.86101330069881 ] } },
{ "type": "Feature", "properties": { "CI": "922117858", "GENERO": "HOMBRE", "PROVINCIA": "GUAYAS", "PARROQUIA": "ENGABAO", "SECTOR": "URBANO", "PLANIFICAC": "613 BIRF", "X": -80.486186, "Y": -2.57611, "CANTON": "PLAYAS", "NOMBRE": "TOMALA LINDAO LUIS FRANCISCO" }, "geometry": { "type": "Point", "coordinates": [ -80.486186061678978, -2.576110050048927 ] } },
{ "type": "Feature", "properties": { "CI": "1200889564", "GENERO": "HOMBRE", "PROVINCIA": "LOS RIOS", "PARROQUIA": "MOCACHE", "SECTOR": "URBANO", "PLANIFICAC": "613 BIRF", "X": -79.586795, "Y": -1.111962, "CANTON": "MOCACHE", "NOMBRE": "POSLIGUA MARIN WILLIAN ALBERTO" }, "geometry": { "type": "Point", "coordinates": [ -79.586794623021561, -1.111961963930302 ] } },
{ "type": "Feature", "properties": { "CI": "705287324", "GENERO": "MUJER", "PROVINCIA": "EL ORO", "PARROQUIA": "ARENILLAS", "SECTOR": "URBANO", "PLANIFICAC": "613 BIRF", "X": -80.07505, "Y": -3.550271, "CANTON": "ARENILLAS", "NOMBRE": "MALDONADO DELGADO ROCIO CARMEN" }, "geometry": { "type": "Point", "coordinates": [ -80.075050246204682, -3.550270917656328 ] } },
{ "type": "Feature", "properties": { "CI": "1314629351", "GENERO": "RURAL", "PROVINCIA": "GUAYAS", "PARROQUIA": "P.CARBO", "SECTOR": "URBANO", "PLANIFICAC": "613 BIRF", "X": -80.200403, "Y": -1.869302, "CANTON": "GUAYAQUIL", "NOMBRE": "BAQUE SUAREZ LILIBETH MILEIDY" }, "geometry": { "type": "Point", "coordinates": [ -80.200402946008623, -1.869301863001951 ] } },
{ "type": "Feature", "properties": { "CI": "200648095", "GENERO": "HOMBRE", "PROVINCIA": "BOLIVAR", "PARROQUIA": "CHILLANES", "SECTOR": "URBANO", "PLANIFICAC": "613 BIRF", "X": -79.034494, "Y": -1.979982, "CANTON": "CHILLANES", "NOMBRE": "CANDO QUINATOA SANTIAGO PACIFICO" }, "geometry": { "type": "Point", "coordinates": [ -79.03449373894, -1.979982217992784 ] } },
{ "type": "Feature", "properties": { "CI": "929573947", "GENERO": "MUJER", "PROVINCIA": "LOS RIOS", "PARROQUIA": "MOCACHE", "SECTOR": "URBANO", "PLANIFICAC": "613 BIRF", "X": -79.681403, "Y": -1.160107, "CANTON": "MOCACHE", "NOMBRE": "MUÑOZ VERGARA MAURA VIRGILIA" }, "geometry": { "type": "Point", "coordinates": [ -79.681402871442955, -1.160106636525026 ] } },
{ "type": "Feature", "properties": { "CI": "1202848386", "GENERO": "HOMBRE", "PROVINCIA": "LOS RIOS", "PARROQUIA": "MOCACHE", "SECTOR": "URBANO", "PLANIFICAC": "613 BIRF", "X": -79.47712, "Y": -1.224551, "CANTON": "MOCACHE", "NOMBRE": "VILLENA VALERO RAMON MISAEL" }, "geometry": { "type": "Point", "coordinates": [ -79.477120369065744, -1.224550848417553 ] } },
{ "type": "Feature", "properties": { "CI": "940079346", "GENERO": "HOMBRE", "PROVINCIA": "GUAYAS", "PARROQUIA": "ENGABAO", "SECTOR": "URBANO", "PLANIFICAC": "613 BIRF", "X": -80.485234, "Y": -2.573685, "CANTON": "PLAYAS", "NOMBRE": "RODRIGUES PANCHANA ADYSSON FELIBERTO" }, "geometry": { "type": "Point", "coordinates": [ -80.485233520965522, -2.573685130737357 ] } },
{ "type": "Feature", "properties": { "CI": "940080013", "GENERO": "HOMBRE", "PROVINCIA": "GUAYAS", "PARROQUIA": "ENGABAO", "SECTOR": "URBANO", "PLANIFICAC": "613 BIRF", "X": -80.484252, "Y": -2.576381, "CANTON": "PLAYAS", "NOMBRE": "VERA GARCIA JOSE DANIEL" }, "geometry": { "type": "Point", "coordinates": [ -80.484251938820663, -2.576380667397014 ] } },
{ "type": "Feature", "properties": { "CI": "2200053292", "GENERO": "MUJER", "PROVINCIA": "ORELLANA", "PARROQUIA": "LA JOYA DE LOS SACHAS", "SECTOR": "URBANO", "PLANIFICAC": "613 BIRF", "X": -76.933853, "Y": -0.301306, "CANTON": "LA JOYA DE LOS SACHAS", "NOMBRE": "MORENO CHUCAY ZAIRA EDITH" }, "geometry": { "type": "Point", "coordinates": [ -76.933852636731075, -0.301306205830877 ] } },
{ "type": "Feature", "properties": { "CI": "940077662", "GENERO": "MUJER", "PROVINCIA": "GUAYAS", "PARROQUIA": "ENGABAO", "SECTOR": "URBANO", "PLANIFICAC": "613 BIRF", "X": -80.478813, "Y": -2.567323, "CANTON": "PLAYAS", "NOMBRE": "PANCHANA RODRIGUEZ MIRELLY IVONNE" }, "geometry": { "type": "Point", "coordinates": [ -80.478813391838401, -2.567322640295694 ] } },
{ "type": "Feature", "properties": { "CI": "1702109479", "GENERO": "HOMBRE", "PROVINCIA": "CHIMBORAZO", "PARROQUIA": "CUMANDA", "SECTOR": "URBANO", "PLANIFICAC": "613 BIRF", "X": -79.132431, "Y": -2.210405, "CANTON": "CUMANDA", "NOMBRE": "PATATE SANCHEZ LUIS ALFREDO" }, "geometry": { "type": "Point", "coordinates": [ -79.132430964537392, -2.210405233206553 ] } },
{ "type": "Feature", "properties": { "CI": "706321171", "GENERO": "MUJER", "PROVINCIA": "GUAYAS", "PARROQUIA": "BALAO", "SECTOR": "URBANO", "PLANIFICAC": "613 BIRF", "X": -79.818749, "Y": -2.915048, "CANTON": "BALAO", "NOMBRE": "GOMEZ ARBOLEDA NORMA ANDREA" }, "geometry": { "type": "Point", "coordinates": [ -79.818749262696315, -2.915047900556145 ] } },
{ "type": "Feature", "properties": { "CI": "401544366", "GENERO": "MUJER", "PROVINCIA": "CARCHI", "PARROQUIA": "LA LIBERTAD", "SECTOR": "URBANO", "PLANIFICAC": "613 BIRF", "X": -77.88, "Y": 0.52, "CANTON": "ESPEJO", "NOMBRE": "YAPUD CHAUCA MARIELA KATTERINE" }, "geometry": { "type": "Point", "coordinates": [ -77.880000016345534, 0.519999980547343 ] } },
{ "type": "Feature", "properties": { "CI": "929341865", "GENERO": "MUJER", "PROVINCIA": "GUAYAS", "PARROQUIA": "ENGABAO", "SECTOR": "URBANO", "PLANIFICAC": "613 BIRF", "X": -80.486321, "Y": -2.575721, "CANTON": "PLAYAS", "NOMBRE": "PANCHANA TOMALA MIRIAM JANET" }, "geometry": { "type": "Point", "coordinates": [ -80.486321148746597, -2.575721093881412 ] } },
{ "type": "Feature", "properties": { "CI": "1900645704", "GENERO": "MUJER", "PROVINCIA": "ZAMORA CHINCHIPE", "PARROQUIA": "EL PANGUI", "SECTOR": "URBANO", "PLANIFICAC": "613 BIRF", "X": -78.58762, "Y": -3.635606, "CANTON": "EL PANGUI", "NOMBRE": "GUAYLLAS SARANGO IRENE BEATRIZ" }, "geometry": { "type": "Point", "coordinates": [ -78.587619598437087, -3.635605970687437 ] } },
{ "type": "Feature", "properties": { "CI": "1310430994", "GENERO": "MUJER", "PROVINCIA": "MANABI", "PARROQUIA": "JUNIN", "SECTOR": "URBANO", "PLANIFICAC": "613 BIRF", "X": -80.156062, "Y": -0.903971, "CANTON": "JUNIN", "NOMBRE": "URETA GARCIA JISSELLA YERENA" }, "geometry": { "type": "Point", "coordinates": [ -80.156061791626655, -0.903971446934694 ] } },
{ "type": "Feature", "properties": { "CI": "926620881", "GENERO": "HOMBRE", "PROVINCIA": "GUAYAS", "PARROQUIA": "ENGABAO", "SECTOR": "URBANO", "PLANIFICAC": "613 BIRF", "X": -80.479137, "Y": -2.568345, "CANTON": "PLAYAS", "NOMBRE": "LINDAO AGUIRRE JHONNY ROBERTO" }, "geometry": { "type": "Point", "coordinates": [ -80.479136810140588, -2.56834505627514 ] } },
{ "type": "Feature", "properties": { "CI": "1207863067", "GENERO": "HOMBRE", "PROVINCIA": "LOS RIOS", "PARROQUIA": "BABAHOYO", "SECTOR": "URBANO", "PLANIFICAC": "613 BIRF", "X": -79.540424, "Y": -1.757115, "CANTON": "BABAHOYO", "NOMBRE": "MORAN TIERRA JEANCARLOS ALBERTO" }, "geometry": { "type": "Point", "coordinates": [ -79.54042448297848, -1.757114703186145 ] } },
{ "type": "Feature", "properties": { "CI": "1316435948", "GENERO": "MUJER", "PROVINCIA": "MANABI", "PARROQUIA": "JARAMIJO", "SECTOR": "URBANO", "PLANIFICAC": "613 BIRF", "X": -80.649974, "Y": -0.954364, "CANTON": "JARAMIJO", "NOMBRE": "MERO ALCIVAR ZULAY LILIBETH" }, "geometry": { "type": "Point", "coordinates": [ -80.649974063149457, -0.954364214917971 ] } },
{ "type": "Feature", "properties": { "CI": "918486291", "GENERO": "HOMBRE", "PROVINCIA": "GUAYAS", "PARROQUIA": "BALZAR", "SECTOR": "URBANO", "PLANIFICAC": "613 BIRF", "X": -79.776681, "Y": -1.190958, "CANTON": "BALZAR", "NOMBRE": "VERGARA PEÑAFIEL JOSE MIGUEL" }, "geometry": { "type": "Point", "coordinates": [ -79.776680722246653, -1.19095766973261 ] } },
{ "type": "Feature", "properties": { "CI": "1208429066", "GENERO": "MUJER", "PROVINCIA": "LOS RIOS", "PARROQUIA": "VINCES", "SECTOR": "URBANO", "PLANIFICAC": "613 BIRF", "X": -79.839474, "Y": -1.589046, "CANTON": "VINCES", "NOMBRE": "LITARDO LITARDO LUCIA NALLELY" }, "geometry": { "type": "Point", "coordinates": [ -79.839474284850994, -1.589045644805567 ] } },
{ "type": "Feature", "properties": { "CI": "1311630287", "GENERO": "MUJER", "PROVINCIA": "SUCUMBIOS", "PARROQUIA": "NUEVA LOJA", "SECTOR": "URBANO", "PLANIFICAC": "613 BIRF", "X": -76.938916, "Y": 0.088305, "CANTON": "LAGO AGRIO", "NOMBRE": "MONTESDEOCA BERMEO BELGICA LUCIA" }, "geometry": { "type": "Point", "coordinates": [ -76.938915824000958, 0.088305083042285 ] } },
{ "type": "Feature", "properties": { "CI": "1400739551", "GENERO": "HOMBRE", "PROVINCIA": "MORONA SANTIAGO", "PARROQUIA": "SAN JUAN BOSCO", "SECTOR": "URBANO", "PLANIFICAC": "613 BIRF", "X": -78.527723, "Y": -3.115635, "CANTON": "SAN JUAN BOSCO", "NOMBRE": "PAUCAR SALAZAR JORGE EDUARDO" }, "geometry": { "type": "Point", "coordinates": [ -78.52772265580704, -3.115634512583512 ] } },
{ "type": "Feature", "properties": { "CI": "940980915", "GENERO": "MUJER", "PROVINCIA": "LOS RIOS", "PARROQUIA": "MOCACHE", "SECTOR": "URBANO", "PLANIFICAC": "613 BIRF", "X": -79.506278, "Y": -1.107481, "CANTON": "MOCACHE", "NOMBRE": "ALMEIDA GARCIA VALERIA MARIUXI" }, "geometry": { "type": "Point", "coordinates": [ -79.506277636497899, -1.107481362879875 ] } },
{ "type": "Feature", "properties": { "CI": "923347397", "GENERO": "HOMBRE", "PROVINCIA": "GUAYAS", "PARROQUIA": "ENGABAO", "SECTOR": "URBANO", "PLANIFICAC": "613 BIRF", "X": -80.487112, "Y": -2.577549, "CANTON": "PLAYAS", "NOMBRE": "RODRIGUEZ PANCHANA LUIS ALEXIS" }, "geometry": { "type": "Point", "coordinates": [ -80.487112013731732, -2.577548860965981 ] } },
{ "type": "Feature", "properties": { "CI": "1251966709", "GENERO": "HOMBRE", "PROVINCIA": "LOS RIOS", "PARROQUIA": "QUEVEDO", "SECTOR": "URBANO", "PLANIFICAC": "613 BIRF", "X": -79.474619, "Y": -0.983426, "CANTON": "QUEVEDO", "NOMBRE": "TUAREZ RODRIGUEZ LUCAS MATHIAS" }, "geometry": { "type": "Point", "coordinates": [ -79.474619491106552, -0.983425878521314 ] } },
{ "type": "Feature", "properties": { "CI": "927362632", "GENERO": "MUJER", "PROVINCIA": "SANTA ELENA", "PARROQUIA": "JOSE LUIS TAMAYO", "SECTOR": "URBANO", "PLANIFICAC": "613 BIRF", "X": -80.924004, "Y": -2.242255, "CANTON": "SALINAS", "NOMBRE": "CEDEÑO POZO JESSICA TATIANA" }, "geometry": { "type": "Point", "coordinates": [ -80.924004207346528, -2.242254657072216 ] } },
{ "type": "Feature", "properties": { "CI": "929906683", "GENERO": "MUJER", "PROVINCIA": "GUAYAS", "PARROQUIA": "ENGABAO", "SECTOR": "URBANO", "PLANIFICAC": "613 BIRF", "X": -80.479227, "Y": -2.566807, "CANTON": "PLAYAS", "NOMBRE": "ORRALA PANCHANA YULEXY ELIZABETH" }, "geometry": { "type": "Point", "coordinates": [ -80.479227386307372, -2.566807144748717 ] } },
{ "type": "Feature", "properties": { "CI": "1206570465", "GENERO": "MUJER", "PROVINCIA": "LOS RIOS", "PARROQUIA": "MOCACHE", "SECTOR": "URBANO", "PLANIFICAC": "613 BIRF", "X": -79.483178, "Y": -1.104069, "CANTON": "MOCACHE", "NOMBRE": "GARCES VEGA ANDREA KARINA" }, "geometry": { "type": "Point", "coordinates": [ -79.483178175655397, -1.10406897572245 ] } },
{ "type": "Feature", "properties": { "CI": "401777727", "GENERO": "MUJER", "PROVINCIA": "CARCHI", "PARROQUIA": "TULCAN", "SECTOR": "URBANO", "PLANIFICAC": "613 BIRF", "X": -77.74, "Y": 0.783389, "CANTON": "TULCAN", "NOMBRE": "CABRERA TERMAL LADY PAOLA" }, "geometry": { "type": "Point", "coordinates": [ -77.739999967438521, 0.783388508903306 ] } },
{ "type": "Feature", "properties": { "CI": "1709812794", "GENERO": "MUJER", "PROVINCIA": "SUCUMBIOS", "PARROQUIA": "CASCALES", "SECTOR": "URBANO", "PLANIFICAC": "613 BIRF", "X": -77.230812, "Y": 0.07294, "CANTON": "CASCALES", "NOMBRE": "TENE SOSORANGA EULALIA" }, "geometry": { "type": "Point", "coordinates": [ -77.230812110629245, 0.072939945061441 ] } },
{ "type": "Feature", "properties": { "CI": "940070816", "GENERO": "MUJER", "PROVINCIA": "GUAYAS", "PARROQUIA": "ENGABAO", "SECTOR": "URBANO", "PLANIFICAC": "613 BIRF", "X": -80.479236, "Y": -2.567956, "CANTON": "PLAYAS", "NOMBRE": "TOMALA GARCIA GELIN  EYLEEN" }, "geometry": { "type": "Point", "coordinates": [ -80.479235916516146, -2.567956086342244 ] } },
{ "type": "Feature", "properties": { "CI": "1203831407", "GENERO": "MUJER", "PROVINCIA": "LOS RIOS", "PARROQUIA": "BABAHOYO", "SECTOR": "URBANO", "PLANIFICAC": "613 BIRF", "X": -79.539699, "Y": -1.810783, "CANTON": "BABAHOYO", "NOMBRE": "MENDIETA APUNTES LUZ MARINA" }, "geometry": { "type": "Point", "coordinates": [ -79.539699067447273, -1.810782850139525 ] } },
{ "type": "Feature", "properties": { "CI": "942732371", "GENERO": "HOMBRE", "PROVINCIA": "GUAYAS", "PARROQUIA": "ENGABAO", "SECTOR": "URBANO", "PLANIFICAC": "613 BIRF", "X": -80.481977, "Y": -2.573349, "CANTON": "PLAYAS", "NOMBRE": "LINDAO TOMALA GILSON ABELARDO" }, "geometry": { "type": "Point", "coordinates": [ -80.481977323782459, -2.573349075243031 ] } },
{ "type": "Feature", "properties": { "CI": "401410923", "GENERO": "MUJER", "PROVINCIA": "CARCHI", "PARROQUIA": "LA LIBERTAD", "SECTOR": "URBANO", "PLANIFICAC": "613 BIRF", "X": -77.935002, "Y": 0.637336, "CANTON": "ESPEJO", "NOMBRE": "TORRES MANOSALVAS GRACIELA MARITZA" }, "geometry": { "type": "Point", "coordinates": [ -77.935001896292064, 0.637336415320617 ] } },
{ "type": "Feature", "properties": { "CI": "940071863", "GENERO": "MUJER", "PROVINCIA": "GUAYAS", "PARROQUIA": "ENGABAO", "SECTOR": "URBANO", "PLANIFICAC": "613 BIRF", "X": -80.478929, "Y": -2.571059, "CANTON": "PLAYAS", "NOMBRE": "YAGUAL GARCIA MARIA ANAYELI" }, "geometry": { "type": "Point", "coordinates": [ -80.478928816735376, -2.571058997822253 ] } },
{ "type": "Feature", "properties": { "CI": "2100516075", "GENERO": "HOMBRE", "PROVINCIA": "ORELLANA", "PARROQUIA": "LA JOYA DE LOS SACHAS/LOTIZACION SOLIDARIO 2", "SECTOR": "URBANO", "PLANIFICAC": "613 BIRF", "X": -76.932392, "Y": -0.300836, "CANTON": "LA JOYA DE LOS SACHAS", "NOMBRE": "IZQUIERDO AGUILAR DIEGO VICENTE" }, "geometry": { "type": "Point", "coordinates": [ -76.93239166443243, -0.300836388703208 ] } },
{ "type": "Feature", "properties": { "CI": "401650817", "GENERO": "MUJER", "PROVINCIA": "CARCHI", "PARROQUIA": "GONZALEZ SUAREZ", "SECTOR": "URBANO", "PLANIFICAC": "613 BIRF", "X": -77.720029, "Y": 0.82373, "CANTON": "TULCAN", "NOMBRE": "ENRIQUEZ POZO ELIANA ALEXANDRA" }, "geometry": { "type": "Point", "coordinates": [ -77.720029175291899, 0.823729754831084 ] } },
{ "type": "Feature", "properties": { "CI": "1250463443", "GENERO": "MUJER", "PROVINCIA": "LOS RIOS", "PARROQUIA": "QUEVEDO", "SECTOR": "URBANO", "PLANIFICAC": "613 BIRF", "X": -79.474314, "Y": -0.983579, "CANTON": "QUEVEDO", "NOMBRE": "SEVILLANO LARA KATHERINE MICHELLE" }, "geometry": { "type": "Point", "coordinates": [ -79.474313936192914, -0.983579486952512 ] } },
{ "type": "Feature", "properties": { "CI": "923347694", "GENERO": "MUJER", "PROVINCIA": "GUAYAS", "PARROQUIA": "ENGABAO", "SECTOR": "URBANO", "PLANIFICAC": "613 BIRF", "X": -80.48472, "Y": -2.576182, "CANTON": "PLAYAS", "NOMBRE": "TOMALA TOMALA SANDY KARINA" }, "geometry": { "type": "Point", "coordinates": [ -80.484719780312517, -2.576181828905723 ] } },
{ "type": "Feature", "properties": { "CI": "502724453", "GENERO": "HOMBRE", "PROVINCIA": "LOS RIOS", "PARROQUIA": "MOCACHE", "SECTOR": "URBANO", "PLANIFICAC": "613 BIRF", "X": -79.674111, "Y": -1.130282, "CANTON": "MOCACHE", "NOMBRE": "MERA ASPIAZU JORGE LUIS" }, "geometry": { "type": "Point", "coordinates": [ -79.674110821931734, -1.130282366873683 ] } },
{ "type": "Feature", "properties": { "CI": "2100497102", "GENERO": "MUJER", "PROVINCIA": "SUCUMBIOS", "PARROQUIA": "NUEVA LOJA", "SECTOR": "URBANO", "PLANIFICAC": "613 BIRF", "X": -76.911872, "Y": 0.092773, "CANTON": "LAGO AGRIO", "NOMBRE": "LLANOS SANCHEZ MARIA ESTHER" }, "geometry": { "type": "Point", "coordinates": [ -76.91187234310533, 0.092773373824375 ] } },
{ "type": "Feature", "properties": { "CI": "954975074", "GENERO": "RURAL", "PROVINCIA": "GUAYAS", "PARROQUIA": "P.CARBO", "SECTOR": "URBANO", "PLANIFICAC": "613 BIRF", "X": -80.225933, "Y": -1.792908, "CANTON": "GUAYAQUIL", "NOMBRE": "HOLGUIN MERCHAN LISETTE YAJAIRA" }, "geometry": { "type": "Point", "coordinates": [ -80.225933203149893, -1.792907549261432 ] } },
{ "type": "Feature", "properties": { "CI": "921834081", "GENERO": "RURAL", "PROVINCIA": "GUAYAS", "PARROQUIA": "P.CARBO", "SECTOR": "URBANO", "PLANIFICAC": "613 BIRF", "X": -80.223438, "Y": -1.803554, "CANTON": "GUAYAQUIL", "NOMBRE": "RODRIGUEZ PLUAS VERONICA JAZMIN" }, "geometry": { "type": "Point", "coordinates": [ -80.22343839180256, -1.803554086600429 ] } },
{ "type": "Feature", "properties": { "CI": "1313403527", "GENERO": "MUJER", "PROVINCIA": "MANABI", "PARROQUIA": "JUNIN", "SECTOR": "URBANO", "PLANIFICAC": "613 BIRF", "X": -80.174031, "Y": -0.84161, "CANTON": "JUNIN", "NOMBRE": "GILER VERA JESSICA MARIA" }, "geometry": { "type": "Point", "coordinates": [ -80.174031219406089, -0.841610092177228 ] } },
{ "type": "Feature", "properties": { "CI": "2100445408", "GENERO": "HOMBRE", "PROVINCIA": "SUCUMBIOS", "PARROQUIA": "SHUSHUFINDI", "SECTOR": "URBANO", "PLANIFICAC": "613 BIRF", "X": -76.6919, "Y": -0.155157, "CANTON": "SHUSHUFINDI", "NOMBRE": "PEÑA ESTRADA DUVAL ABEL" }, "geometry": { "type": "Point", "coordinates": [ -76.691900253040203, -0.155156708856488 ] } },
{ "type": "Feature", "properties": { "CI": "928914480", "GENERO": "MUJER", "PROVINCIA": "LOS RIOS", "PARROQUIA": "MOCACHE", "SECTOR": "URBANO", "PLANIFICAC": "613 BIRF", "X": -79.648315, "Y": -1.180885, "CANTON": "MOCACHE", "NOMBRE": "CHACON BUSTAMANTE JAMILEX MARIA" }, "geometry": { "type": "Point", "coordinates": [ -79.648315003276167, -1.180884786307332 ] } },
{ "type": "Feature", "properties": { "CI": "202203261", "GENERO": "MUJER", "PROVINCIA": "BOLIVAR", "PARROQUIA": "CHILLANES", "SECTOR": "URBANO", "PLANIFICAC": "613 BIRF", "X": -79.07027, "Y": -1.883238, "CANTON": "CHILLANES", "NOMBRE": "ZURITA ANDACHE VERONICA ORFELINA" }, "geometry": { "type": "Point", "coordinates": [ -79.070270000316825, -1.883238334686824 ] } },
{ "type": "Feature", "properties": { "CI": "604209304", "GENERO": "MUJER", "PROVINCIA": "CHIMBORAZO", "PARROQUIA": "CUMANDA", "SECTOR": "URBANO", "PLANIFICAC": "613 BIRF", "X": -79.152921, "Y": -2.206208, "CANTON": "CUMANDA", "NOMBRE": "REINOSO NORIEGA EVA MARIA" }, "geometry": { "type": "Point", "coordinates": [ -79.152921286726681, -2.206208185379055 ] } },
{ "type": "Feature", "properties": { "CI": "601359896", "GENERO": "MUJER", "PROVINCIA": "CHIMBORAZO", "PARROQUIA": "CUMANDA", "SECTOR": "URBANO", "PLANIFICAC": "613 BIRF", "X": -79.106042, "Y": -2.22323, "CANTON": "CUMANDA", "NOMBRE": "FREIRE IDROVO FANNY ROSARIO" }, "geometry": { "type": "Point", "coordinates": [ -79.106042306743632, -2.223229644283729 ] } },
{ "type": "Feature", "properties": { "CI": "1500406697", "GENERO": "MUJER", "PROVINCIA": "ORELLANA", "PARROQUIA": null, "SECTOR": "URBANO", "PLANIFICAC": "613 BIRF", "X": -76.898272, "Y": -0.849326, "CANTON": "FRANCISCO DE ORELLANA", "NOMBRE": "JIPA DAHUA SILVIA RITA" }, "geometry": { "type": "Point", "coordinates": [ -76.898272103600121, -0.849326021874342 ] } },
{ "type": "Feature", "properties": { "CI": "401445820", "GENERO": "MUJER", "PROVINCIA": "CARCHI", "PARROQUIA": "LA LIBERTAD", "SECTOR": "URBANO", "PLANIFICAC": "613 BIRF", "X": -77.94495, "Y": 0.659305, "CANTON": "ESPEJO", "NOMBRE": "ORTEGA OLMOS GLADIS MARINA" }, "geometry": { "type": "Point", "coordinates": [ -77.944950303888618, 0.659304539757663 ] } },
{ "type": "Feature", "properties": { "CI": "958516916", "GENERO": "HOMBRE", "PROVINCIA": "GUAYAS", "PARROQUIA": "ENGABAO", "SECTOR": "URBANO", "PLANIFICAC": "613 BIRF", "X": -80.479189, "Y": -2.572733, "CANTON": "PLAYAS", "NOMBRE": "TIGUA BRIONES ELVIN JAVIER" }, "geometry": { "type": "Point", "coordinates": [ -80.479189003607843, -2.572732754410973 ] } },
{ "type": "Feature", "properties": { "CI": "1313324657", "GENERO": "MUJER", "PROVINCIA": "MANABI", "PARROQUIA": "CALCETA", "SECTOR": "URBANO", "PLANIFICAC": "613 BIRF", "X": -80.171435, "Y": -0.839212, "CANTON": "BOLIVAR", "NOMBRE": "VERA MUÑOZ KARINA ELIZABETH" }, "geometry": { "type": "Point", "coordinates": [ -80.171434548767976, -0.839212257110313 ] } },
{ "type": "Feature", "properties": { "CI": "1714781158", "GENERO": "MUJER", "PROVINCIA": "SUCUMBIOS", "PARROQUIA": "NUEVA LOJA", "SECTOR": "URBANO", "PLANIFICAC": "613 BIRF", "X": -76.912617, "Y": 0.072257, "CANTON": "LAGO AGRIO", "NOMBRE": "GUERRERO HERRERA MARIANA DE JESUS" }, "geometry": { "type": "Point", "coordinates": [ -76.912616817701021, 0.072256522044479 ] } },
{ "type": "Feature", "properties": { "CI": "922781315", "GENERO": "MUJER", "PROVINCIA": "LOS RIOS", "PARROQUIA": "MOCACHE", "SECTOR": "URBANO", "PLANIFICAC": "613 BIRF", "X": -79.652925, "Y": -1.181113, "CANTON": "MOCACHE", "NOMBRE": "IBARRA PEÑAFIEL GENESIS ROXANA" }, "geometry": { "type": "Point", "coordinates": [ -79.652924781313814, -1.181113157740113 ] } },
{ "type": "Feature", "properties": { "CI": "202474441", "GENERO": "MUJER", "PROVINCIA": "BOLIVAR", "PARROQUIA": "SAN JOSE DE CHIMBO", "SECTOR": "URBANO", "PLANIFICAC": "613 BIRF", "X": -79.022957, "Y": -1.640193, "CANTON": "CHIMBO", "NOMBRE": "RAMIREZ IZA LASTENIA MARIBEL" }, "geometry": { "type": "Point", "coordinates": [ -79.022956709612586, -1.64019331176731 ] } },
{ "type": "Feature", "properties": { "CI": "1311161549", "GENERO": "MUJER", "PROVINCIA": "LOS RIOS", "PARROQUIA": "MOCACHE", "SECTOR": "URBANO", "PLANIFICAC": "613 BIRF", "X": -79.627835, "Y": -1.182729, "CANTON": "MOCACHE", "NOMBRE": "VELIZ ZAMORA LEYDI VANESSA" }, "geometry": { "type": "Point", "coordinates": [ -79.627834799984427, -1.182728842647486 ] } },
{ "type": "Feature", "properties": { "CI": "928577360", "GENERO": "MUJER", "PROVINCIA": "GUAYAS", "PARROQUIA": "PEDRO CARBO", "SECTOR": "URBANO", "PLANIFICAC": "613 BIRF", "X": -80.257208, "Y": -1.820159, "CANTON": "PEDRO CARBO", "NOMBRE": "TORRES MERCHAN SONIA ISABEL" }, "geometry": { "type": "Point", "coordinates": [ -80.257208476155583, -1.820159473196488 ] } },
{ "type": "Feature", "properties": { "CI": "923347488", "GENERO": "MUJER", "PROVINCIA": "GUAYAS", "PARROQUIA": "ENGABAO", "SECTOR": "URBANO", "PLANIFICAC": "613 BIRF", "X": -80.478894, "Y": -2.568381, "CANTON": "PLAYAS", "NOMBRE": "GARCIA RODRIGUEZ LIBETH YACQUELINE" }, "geometry": { "type": "Point", "coordinates": [ -80.47889392104868, -2.568381143762885 ] } },
{ "type": "Feature", "properties": { "CI": "201374758", "GENERO": "MASCULINO", "PROVINCIA": "SUCUMBIOS", "PARROQUIA": "JAMBELI", "SECTOR": "URBANO", "PLANIFICAC": "613 BIRF", "X": -77.077645, "Y": 0.240669, "CANTON": "LAGO AGRIO", "NOMBRE": "ILVES CAMACHO CESAR AUGUSTO" }, "geometry": { "type": "Point", "coordinates": [ -77.077645397293736, 0.240668693143431 ] } },
{ "type": "Feature", "properties": { "CI": "401845490", "GENERO": "MUJER", "PROVINCIA": "CARCHI", "PARROQUIA": "LA PAZ", "SECTOR": "URBANO", "PLANIFICAC": "613 BIRF", "X": -77.836845, "Y": 0.497996, "CANTON": "MONTUFAR", "NOMBRE": "PUGA CORDOVA MERCY RUBI" }, "geometry": { "type": "Point", "coordinates": [ -77.836844886151567, 0.497995754878277 ] } },
{ "type": "Feature", "properties": { "CI": "503363400", "GENERO": "MUJER", "PROVINCIA": "LOS RIOS", "PARROQUIA": "VALENCIA", "SECTOR": "URBANO", "PLANIFICAC": "613 BIRF", "X": -79.352826, "Y": -0.943269, "CANTON": "VALENCIA", "NOMBRE": "ANCHUNDIA VELEZ MONSERRATE BEATRIZ" }, "geometry": { "type": "Point", "coordinates": [ -79.352825637261859, -0.94326861378585 ] } },
{ "type": "Feature", "properties": { "CI": "929903946", "GENERO": "MUJER", "PROVINCIA": "GUAYAS", "PARROQUIA": "ENGABAO", "SECTOR": "URBANO", "PLANIFICAC": "613 BIRF", "X": -80.482859, "Y": -2.571866, "CANTON": "PLAYAS", "NOMBRE": "TOMALA LINDAO NELLY ARGENIS" }, "geometry": { "type": "Point", "coordinates": [ -80.482859469587609, -2.571865766254125 ] } },
{ "type": "Feature", "properties": { "CI": "202476529", "GENERO": "MUJER", "PROVINCIA": "BOLIVAR", "PARROQUIA": "SAN JOSÉ DE CHIMBO", "SECTOR": "URBANO", "PLANIFICAC": "613 BIRF", "X": -79.016967, "Y": -1.660442, "CANTON": "CHIMBO", "NOMBRE": "REA GUAMAN VERONICA ESTEFANIA" }, "geometry": { "type": "Point", "coordinates": [ -79.016966734473343, -1.660441595326269 ] } },
{ "type": "Feature", "properties": { "CI": "1900791581", "GENERO": "MUJER", "PROVINCIA": "ZAMORA CHINCHIPE", "PARROQUIA": "ZUMBA", "SECTOR": "URBANO", "PLANIFICAC": "613 BIRF", "X": -79.141935, "Y": -4.861808, "CANTON": "CHINCHIPE", "NOMBRE": "RODRIGUEZ ABARCA LUISA ESTHER" }, "geometry": { "type": "Point", "coordinates": [ -79.141935017837284, -4.861807668317336 ] } },
{ "type": "Feature", "properties": { "CI": "941923443", "GENERO": "MUJER", "PROVINCIA": "GUAYAS", "PARROQUIA": "ENGABAO", "SECTOR": "URBANO", "PLANIFICAC": "613 BIRF", "X": -80.479173, "Y": -2.568318, "CANTON": "PLAYAS", "NOMBRE": "TOMALA ORRALA ROSALBA LILIBETH" }, "geometry": { "type": "Point", "coordinates": [ -80.479172802530684, -2.568317930751525 ] } },
{ "type": "Feature", "properties": { "CI": "503309296", "GENERO": "HOMBRE", "PROVINCIA": "LOS RIOS", "PARROQUIA": "VALENCIA", "SECTOR": "URBANO", "PLANIFICAC": "613 BIRF", "X": -79.357114, "Y": -0.974245, "CANTON": "VALENCIA", "NOMBRE": "CHICHANDE DELGADO RONALD ALFONSO" }, "geometry": { "type": "Point", "coordinates": [ -79.357114314825225, -0.974244800777019 ] } },
{ "type": "Feature", "properties": { "CI": "202251633", "GENERO": "MUJER", "PROVINCIA": "BOLIVAR", "PARROQUIA": "CALUMA", "SECTOR": "URBANO", "PLANIFICAC": "613 BIRF", "X": -79.252867, "Y": -1.642952, "CANTON": "CALUMA", "NOMBRE": "GARCIA ALVARADO YULIANA ELIZABETH" }, "geometry": { "type": "Point", "coordinates": [ -79.252867438950133, -1.642951610861693 ] } },
{ "type": "Feature", "properties": { "CI": "922270335", "GENERO": "MUJER", "PROVINCIA": "GUAYAS", "PARROQUIA": "PEDRO CARBO", "SECTOR": "URBANO", "PLANIFICAC": "613 BIRF", "X": -80.232213, "Y": -1.825278, "CANTON": "PEDRO CARBO", "NOMBRE": "PIGUAVE LOPEZ ELIANA CLEMENCIA" }, "geometry": { "type": "Point", "coordinates": [ -80.232212804467665, -1.82527825374678 ] } },
{ "type": "Feature", "properties": { "CI": "1317918868", "GENERO": "MUJER", "PROVINCIA": "MANABI", "PARROQUIA": "JARAMIJO", "SECTOR": "URBANO", "PLANIFICAC": "613 BIRF", "X": -80.65464, "Y": -0.944883, "CANTON": "JARAMIJO", "NOMBRE": "IBARRA MACIAS GENESIS MERCEDES" }, "geometry": { "type": "Point", "coordinates": [ -80.65463968240276, -0.944883304323945 ] } },
{ "type": "Feature", "properties": { "CI": "1305866608", "GENERO": "MUJER", "PROVINCIA": "MANABI", "PARROQUIA": "OLEMDO", "SECTOR": "URBANO", "PLANIFICAC": "613 BIRF", "X": -80.200231, "Y": -1.394052, "CANTON": "OLMEDO", "NOMBRE": "OLIVO SIMONA EUFEMIA" }, "geometry": { "type": "Point", "coordinates": [ -80.200231062882892, -1.394051595448644 ] } },
{ "type": "Feature", "properties": { "CI": "941922668", "GENERO": "MUJER", "PROVINCIA": "GUAYAS", "PARROQUIA": "ENGABAO", "SECTOR": "URBANO", "PLANIFICAC": "613 BIRF", "X": -80.478633, "Y": -2.568119, "CANTON": "PLAYAS", "NOMBRE": "LINDAO VERA JACQUELINE DEL ROCIO" }, "geometry": { "type": "Point", "coordinates": [ -80.478633162296433, -2.568118680934461 ] } },
{ "type": "Feature", "properties": { "CI": "920893831", "GENERO": "MUJER", "PROVINCIA": "GUAYAS", "PARROQUIA": "PEDRO CARBO", "SECTOR": "URBANO", "PLANIFICAC": "613 BIRF", "X": -80.221217, "Y": -1.805932, "CANTON": "PEDRO CARBO", "NOMBRE": "PLUAS YEPEZ JULIA MARIA" }, "geometry": { "type": "Point", "coordinates": [ -80.221216766068963, -1.805932330558853 ] } },
{ "type": "Feature", "properties": { "CI": "202010153", "GENERO": "MUJER", "PROVINCIA": "BOLIVAR", "PARROQUIA": "SAN MIGUEL", "SECTOR": "URBANO", "PLANIFICAC": "613 BIRF", "X": -79.080505, "Y": -1.722662, "CANTON": "SAN MIGUEL", "NOMBRE": "VARGAS BARRAGAN IDELBA GRIMANEZA" }, "geometry": { "type": "Point", "coordinates": [ -79.080504926472969, -1.722661602641306 ] } },
{ "type": "Feature", "properties": { "CI": "1205922089", "GENERO": "MUJER", "PROVINCIA": "BOLIVAR", "PARROQUIA": "CALUMA", "SECTOR": "URBANO", "PLANIFICAC": "613 BIRF", "X": -79.273529, "Y": -1.619566, "CANTON": "CALUMA", "NOMBRE": "MONCAYO BARAHONA VANESSA EMILIA" }, "geometry": { "type": "Point", "coordinates": [ -79.273528835153868, -1.619566112898871 ] } },
{ "type": "Feature", "properties": { "CI": "401758610", "GENERO": "MUJER", "PROVINCIA": "CARCHI", "PARROQUIA": "SAN JOSE - BARRIO CENTENARIO", "SECTOR": "URBANO", "PLANIFICAC": "613 BIRF", "X": -77.822339, "Y": 0.582813, "CANTON": "MONTUFAR", "NOMBRE": "CHULDE PASTAZA CLARA ISABEL" }, "geometry": { "type": "Point", "coordinates": [ -77.822338958052029, 0.58281261961338 ] } },
{ "type": "Feature", "properties": { "CI": "908627490", "GENERO": "MUJER", "PROVINCIA": "CHIMBORAZO", "PARROQUIA": "CUMANDA", "SECTOR": "URBANO", "PLANIFICAC": "613 BIRF", "X": -79.155333, "Y": -2.204258, "CANTON": "CUMANDA", "NOMBRE": "SALTO RIVERA MARÍA CONSEPCIÓN" }, "geometry": { "type": "Point", "coordinates": [ -79.155332656756727, -2.204258020771773 ] } },
{ "type": "Feature", "properties": { "CI": "1206118240", "GENERO": "MUJER", "PROVINCIA": "BOLIVAR", "PARROQUIA": "CALUMA", "SECTOR": "URBANO", "PLANIFICAC": "613 BIRF", "X": -79.210228, "Y": -1.592247, "CANTON": "CALUMA", "NOMBRE": "ALDAZ SALTOS ROSA MARGARITA" }, "geometry": { "type": "Point", "coordinates": [ -79.210227839812902, -1.592246790955299 ] } },
{ "type": "Feature", "properties": { "CI": "401879622", "GENERO": "HOMBRE", "PROVINCIA": "CARCHI", "PARROQUIA": "LA LIBERTAD", "SECTOR": "URBANO", "PLANIFICAC": "613 BIRF", "X": -77.946018, "Y": 0.659069, "CANTON": "ESPEJO", "NOMBRE": "QUIROZ CAICEDO EDISON EDUARDO" }, "geometry": { "type": "Point", "coordinates": [ -77.946018232052154, 0.659068951121858 ] } },
{ "type": "Feature", "properties": { "CI": "2100678842", "GENERO": "HOMBRE", "PROVINCIA": "SUCUMBIOS", "PARROQUIA": "NUEVA LOJA", "SECTOR": "URBANO", "PLANIFICAC": "613 BIRF", "X": -76.928461, "Y": 0.085783, "CANTON": "LAGO AGRIO", "NOMBRE": "BALCAZAR TORO JIMMY LEONEL" }, "geometry": { "type": "Point", "coordinates": [ -76.928461132929797, 0.08578289420545 ] } },
{ "type": "Feature", "properties": { "CI": "906384557", "GENERO": "RURAL", "PROVINCIA": "GUAYAS", "PARROQUIA": "P.CARBO", "SECTOR": "URBANO", "PLANIFICAC": "613 BIRF", "X": -80.275004, "Y": -1.787988, "CANTON": "GUAYAQUIL", "NOMBRE": "COX SALAZAR JHONNY CECIL" }, "geometry": { "type": "Point", "coordinates": [ -80.275004447207536, -1.787988372753318 ] } },
{ "type": "Feature", "properties": { "CI": "804533636", "GENERO": "MUJER", "PROVINCIA": "CARCHI", "PARROQUIA": "LA PAZ", "SECTOR": "URBANO", "PLANIFICAC": "613 BIRF", "X": -77.864585, "Y": 0.50621, "CANTON": "MONTUFAR", "NOMBRE": "NAPA SALTOS VANESSA MERCEDES" }, "geometry": { "type": "Point", "coordinates": [ -77.864585356366007, 0.506210421575364 ] } },
{ "type": "Feature", "properties": { "CI": "1715994594", "GENERO": "MUJER", "PROVINCIA": "LOS RIOS", "PARROQUIA": "QUEVEDO", "SECTOR": "URBANO", "PLANIFICAC": "613 BIRF", "X": -79.474053, "Y": -0.983679, "CANTON": "QUEVEDO", "NOMBRE": "HIDALGO ZAMBRANO ALEXANDRA MARIA" }, "geometry": { "type": "Point", "coordinates": [ -79.474053330211149, -0.983678851652486 ] } },
{ "type": "Feature", "properties": { "CI": "2100434576", "GENERO": "MUJER", "PROVINCIA": "ORELLANA", "PARROQUIA": "EL COCA NUEVO COCA", "SECTOR": "URBANO", "PLANIFICAC": "613 BIRF", "X": -76.730035, "Y": -0.451566, "CANTON": "FRANCISCO DE ORELLANA", "NOMBRE": "IRIARTE MEDINA JULIA ESPERANZA" }, "geometry": { "type": "Point", "coordinates": [ -76.730035421347694, -0.451565812161097 ] } },
{ "type": "Feature", "properties": { "CI": "905012431", "GENERO": "MUJER", "PROVINCIA": "SANTA ELENA", "PARROQUIA": "JOSE LUIS TAMAYO", "SECTOR": "URBANO", "PLANIFICAC": "613 BIRF", "X": -80.936739, "Y": -2.233443, "CANTON": "SALINAS", "NOMBRE": "QUIMÍ DUQUE DIANA ESPERANZA" }, "geometry": { "type": "Point", "coordinates": [ -80.936739495522659, -2.233443322962581 ] } },
{ "type": "Feature", "properties": { "CI": "917261570", "GENERO": "MUJER", "PROVINCIA": "LOS RIOS", "PARROQUIA": "MOCACHE", "SECTOR": "URBANO", "PLANIFICAC": "613 BIRF", "X": -79.585501, "Y": -1.148646, "CANTON": "MOCACHE", "NOMBRE": "BARRE ZAMBRANO NANCY TERESA" }, "geometry": { "type": "Point", "coordinates": [ -79.585500904677204, -1.148645852444248 ] } },
{ "type": "Feature", "properties": { "CI": "940073521", "GENERO": "MUJER", "PROVINCIA": "GUAYAS", "PARROQUIA": "ENGABAO", "SECTOR": "URBANO", "PLANIFICAC": "613 BIRF", "X": -80.479157, "Y": -2.563415, "CANTON": "PLAYAS", "NOMBRE": "PANCHANA VERA KENIA JHOANNA" }, "geometry": { "type": "Point", "coordinates": [ -80.479156796007913, -2.563414582006778 ] } },
{ "type": "Feature", "properties": { "CI": "2101139000", "GENERO": "MUJER", "PROVINCIA": "ORELLANA", "PARROQUIA": "SAN SEBASTIAN DEL COCA", "SECTOR": "URBANO", "PLANIFICAC": "613 BIRF", "X": -76.933848, "Y": -0.301302, "CANTON": "LA JOYA DE LOS SACHAS", "NOMBRE": "PALTA VILLALOBO FANNY ISABEL" }, "geometry": { "type": "Point", "coordinates": [ -76.933847546796187, -0.301301700746981 ] } },
{ "type": "Feature", "properties": { "CI": "700958465", "GENERO": "MUJER", "PROVINCIA": "ORELLANA", "PARROQUIA": "LORETO", "SECTOR": "URBANO", "PLANIFICAC": "613 BIRF", "X": -76.959603, "Y": -0.658386, "CANTON": "LORETO", "NOMBRE": "ENCALADA LOJA MARIA ELENA" }, "geometry": { "type": "Point", "coordinates": [ -76.959603256714757, -0.658386063698973 ] } },
{ "type": "Feature", "properties": { "CI": "940073604", "GENERO": "MUJER", "PROVINCIA": "GUAYAS", "PARROQUIA": "ENGABAO", "SECTOR": "URBANO", "PLANIFICAC": "613 BIRF", "X": -80.479074, "Y": -2.566898, "CANTON": "PLAYAS", "NOMBRE": "LINDAO RODRIGUEZ ARLINE LISSETH" }, "geometry": { "type": "Point", "coordinates": [ -80.479074428923212, -2.566897549685593 ] } },
{ "type": "Feature", "properties": { "CI": "1205976994", "GENERO": "MUJER", "PROVINCIA": "LOS RIOS", "PARROQUIA": "MOCACHE", "SECTOR": "URBANO", "PLANIFICAC": "613 BIRF", "X": -79.491892, "Y": -1.142339, "CANTON": "MOCACHE", "NOMBRE": "YEPEZ MORA ESTHER MAGDALENA" }, "geometry": { "type": "Point", "coordinates": [ -79.491892221296027, -1.142339136090541 ] } },
{ "type": "Feature", "properties": { "CI": "1205362864", "GENERO": "MUJER", "PROVINCIA": "LOS RIOS", "PARROQUIA": "MOCACHE", "SECTOR": "URBANO", "PLANIFICAC": "613 BIRF", "X": -79.489632, "Y": -1.116734, "CANTON": "MOCACHE", "NOMBRE": "GOYA ESPINOZA EVELYN GEOMARA" }, "geometry": { "type": "Point", "coordinates": [ -79.48963214117812, -1.116734047701494 ] } },
{ "type": "Feature", "properties": { "CI": "2100269295", "GENERO": "HOMBRE", "PROVINCIA": "CARCHI", "PARROQUIA": "LA PAZ", "SECTOR": "URBANO", "PLANIFICAC": "613 BIRF", "X": -77.829804, "Y": 0.596615, "CANTON": "MONTUFAR", "NOMBRE": "TULCAN TULCAN MIGUEL ANIBAL" }, "geometry": { "type": "Point", "coordinates": [ -77.829804403606232, 0.596614515763165 ] } },
{ "type": "Feature", "properties": { "CI": "401523832", "GENERO": "HOMBRE", "PROVINCIA": "CARCHI", "PARROQUIA": "SAN JOSE EL CAPULI", "SECTOR": "URBANO", "PLANIFICAC": "613 BIRF", "X": -77.829938, "Y": 0.596437, "CANTON": "MONTUFAR", "NOMBRE": "PILLA GUAMIALAMA ALEX ANDRES" }, "geometry": { "type": "Point", "coordinates": [ -77.82993820898993, 0.596436636073437 ] } },
{ "type": "Feature", "properties": { "CI": "1312330622", "GENERO": "MUJER", "PROVINCIA": "MANABI", "PARROQUIA": "JUNIN", "SECTOR": "URBANO", "PLANIFICAC": "613 BIRF", "X": -80.268076, "Y": -0.946478, "CANTON": "JUNIN", "NOMBRE": "CHOEZ BRAVO PATRICICA MARIUXI" }, "geometry": { "type": "Point", "coordinates": [ -80.268076061354748, -0.946478497925496 ] } },
{ "type": "Feature", "properties": { "CI": "1207534031", "GENERO": "MUJER", "PROVINCIA": "LOS RIOS", "PARROQUIA": "VALENCIA", "SECTOR": "URBANO", "PLANIFICAC": "613 BIRF", "X": -79.237271, "Y": -0.814973, "CANTON": "VALENCIA", "NOMBRE": "ARELLANO MAYORGA ERIKA MIRELLA" }, "geometry": { "type": "Point", "coordinates": [ -79.237271340522668, -0.814973060290799 ] } },
{ "type": "Feature", "properties": { "CI": "1712665692", "GENERO": "HOMBRE", "PROVINCIA": "LOS RIOS", "PARROQUIA": "VALENCIA", "SECTOR": "URBANO", "PLANIFICAC": "613 BIRF", "X": -79.339307, "Y": -0.937592, "CANTON": "VALENCIA", "NOMBRE": "SORNOZA OSORIO JOSE ANTONIO" }, "geometry": { "type": "Point", "coordinates": [ -79.33930711537873, -0.937591892454902 ] } },
{ "type": "Feature", "properties": { "CI": "703959809", "GENERO": "MUJER", "PROVINCIA": "EL ORO", "PARROQUIA": "SANTA ROSA", "SECTOR": "URBANO", "PLANIFICAC": "613 BIRF", "X": -79.969612, "Y": -3.484561, "CANTON": "SANTA ROSA", "NOMBRE": "ALVARADO MEDINA MARILU NIEVES" }, "geometry": { "type": "Point", "coordinates": [ -79.969611923157657, -3.484560925528158 ] } },
{ "type": "Feature", "properties": { "CI": "940510704", "GENERO": "MUJER", "PROVINCIA": "GUAYAS", "PARROQUIA": "ENGABAO", "SECTOR": "URBANO", "PLANIFICAC": "613 BIRF", "X": -80.494447, "Y": -2.567058, "CANTON": "PLAYAS", "NOMBRE": "TOMALA CRUZ ELIANA LICZETH" }, "geometry": { "type": "Point", "coordinates": [ -80.494447421752341, -2.567057547660207 ] } },
{ "type": "Feature", "properties": { "CI": "2100282124", "GENERO": "FEMENINO", "PROVINCIA": "SUCUMBIOS", "PARROQUIA": "NUEVA LOJA", "SECTOR": "URBANO", "PLANIFICAC": "613 BIRF", "X": -76.898948, "Y": 0.095984, "CANTON": "LAGO AGRIO", "NOMBRE": "CHAMBA CHAMBA MARIA AMPARO" }, "geometry": { "type": "Point", "coordinates": [ -76.898947794074743, 0.095984135771446 ] } },
{ "type": "Feature", "properties": { "CI": "918591389", "GENERO": "MUJER", "PROVINCIA": "LOS RIOS", "PARROQUIA": "RICAURTE", "SECTOR": "URBANO", "PLANIFICAC": "613 BIRF", "X": -79.369348, "Y": -1.542559, "CANTON": "URDANETA", "NOMBRE": "MARQUEZ VERA MARTHA ANA" }, "geometry": { "type": "Point", "coordinates": [ -79.369348404929809, -1.542558660385546 ] } },
{ "type": "Feature", "properties": { "CI": "1004362362", "GENERO": "HOMBRE", "PROVINCIA": "CARCHI", "PARROQUIA": "BOLIVAR", "SECTOR": "URBANO", "PLANIFICAC": "613 BIRF", "X": -77.869977, "Y": 0.577397, "CANTON": "BOLIVAR", "NOMBRE": "SEVILLANO HUERA LUIS MIGUEL" }, "geometry": { "type": "Point", "coordinates": [ -77.869976728103993, 0.577396773467817 ] } },
{ "type": "Feature", "properties": { "CI": "1722616313", "GENERO": "HOMBRE", "PROVINCIA": "SANTA ELENA", "PARROQUIA": "SANTA ELENA", "SECTOR": "URBANO", "PLANIFICAC": "613 BIRF", "X": -80.855698, "Y": -2.240974, "CANTON": "SANTA ELENA", "NOMBRE": "TAYO CEDEÑO RONNIE ALEXANDER" }, "geometry": { "type": "Point", "coordinates": [ -80.855698165877797, -2.240973841197166 ] } },
{ "type": "Feature", "properties": { "CI": "923349112", "GENERO": "MUJER", "PROVINCIA": "GUAYAS", "PARROQUIA": "ENGABAO", "SECTOR": "URBANO", "PLANIFICAC": "613 BIRF", "X": -80.488849, "Y": -2.576211, "CANTON": "PLAYAS", "NOMBRE": "TOMALA PANCHANA LISBETH DAYANA" }, "geometry": { "type": "Point", "coordinates": [ -80.488848665038148, -2.576210641080281 ] } },
{ "type": "Feature", "properties": { "CI": "940079494", "GENERO": "HOMBRE", "PROVINCIA": "GUAYAS", "PARROQUIA": "ENGABAO", "SECTOR": "URBANO", "PLANIFICAC": "613 BIRF", "X": -80.484002, "Y": -2.571776, "CANTON": "PLAYAS", "NOMBRE": "DE LA A LINDAO RONALDO JOEL" }, "geometry": { "type": "Point", "coordinates": [ -80.484001919213739, -2.571775763470389 ] } },
{ "type": "Feature", "properties": { "CI": "1400769418", "GENERO": "HOMBRE", "PROVINCIA": "MORONA SANTIAGO", "PARROQUIA": "SUCUA", "SECTOR": "URBANO", "PLANIFICAC": "613 BIRF", "X": -78.14197, "Y": -2.469866, "CANTON": "SUCUA", "NOMBRE": "YANKUR PUJUPAT TSUNKIRUM ABELARDO" }, "geometry": { "type": "Point", "coordinates": [ -78.14196965074251, -2.469866355897784 ] } },
{ "type": "Feature", "properties": { "CI": "918290727", "GENERO": "HOMBRE", "PROVINCIA": "GUAYAS", "PARROQUIA": "ENGABAO", "SECTOR": "URBANO", "PLANIFICAC": "613 BIRF", "X": -80.47956, "Y": -2.566979, "CANTON": "PLAYAS", "NOMBRE": "TOMALA LINDAO ROSA VERONICA" }, "geometry": { "type": "Point", "coordinates": [ -80.479560144318114, -2.566979169320888 ] } },
{ "type": "Feature", "properties": { "CI": "201561024", "GENERO": "MUJER", "PROVINCIA": "BOLIVAR", "PARROQUIA": "GUANUJO", "SECTOR": "URBANO", "PLANIFICAC": "613 BIRF", "X": -78.994857, "Y": -1.527063, "CANTON": "GUARANDA", "NOMBRE": "TUAPANTA DURAN MARCIA MARIBEL" }, "geometry": { "type": "Point", "coordinates": [ -78.994856601711575, -1.527063303442922 ] } },
{ "type": "Feature", "properties": { "CI": "1205823048", "GENERO": "MUJER", "PROVINCIA": "LOS RIOS", "PARROQUIA": "QUEVEDO", "SECTOR": "URBANO", "PLANIFICAC": "613 BIRF", "X": -79.473802, "Y": -0.983715, "CANTON": "QUEVEDO", "NOMBRE": "COPLA CRUEL MARIA FERNANDA" }, "geometry": { "type": "Point", "coordinates": [ -79.473801737864818, -0.983714912054447 ] } },
{ "type": "Feature", "properties": { "CI": "2200257612", "GENERO": "MUJER", "PROVINCIA": "ORELLANA", "PARROQUIA": "EL COCA LAS AMERICAS", "SECTOR": "URBANO", "PLANIFICAC": "613 BIRF", "X": -76.715125, "Y": -0.452459, "CANTON": "FRANCISCO DE ORELLANA", "NOMBRE": "CHEME ALVARADO RUTH MAGDALENA" }, "geometry": { "type": "Point", "coordinates": [ -76.715124568130079, -0.452459419355506 ] } },
{ "type": "Feature", "properties": { "CI": "1205761057", "GENERO": "HOMBRE", "PROVINCIA": "LOS RIOS", "PARROQUIA": "PUEBLOVIEJO", "SECTOR": "URBANO", "PLANIFICAC": "613 BIRF", "X": -79.524824, "Y": -1.545811, "CANTON": "PUEBLOVIEJO", "NOMBRE": "LAJE TORRES JORGE VICENTE" }, "geometry": { "type": "Point", "coordinates": [ -79.524824395227242, -1.545811201722989 ] } },
{ "type": "Feature", "properties": { "CI": "201617768", "GENERO": "MUJER", "PROVINCIA": "BOLIVAR", "PARROQUIA": "SAN MIGUEL", "SECTOR": "URBANO", "PLANIFICAC": "613 BIRF", "X": -79.049579, "Y": -1.711047, "CANTON": "SAN MIGUEL", "NOMBRE": "MORA PANATA MONICA DEL CARMEN" }, "geometry": { "type": "Point", "coordinates": [ -79.049579172076207, -1.711047240157109 ] } },
{ "type": "Feature", "properties": { "CI": "1900487305", "GENERO": "HOMBRE", "PROVINCIA": "ZAMORA CHINCHIPE", "PARROQUIA": "ZUMBA", "SECTOR": "URBANO", "PLANIFICAC": "613 BIRF", "X": -79.164002, "Y": -4.83533, "CANTON": "CHINCHIPE", "NOMBRE": "JIRON GARCIA WILMER MEDARDO" }, "geometry": { "type": "Point", "coordinates": [ -79.164001507139702, -4.835329730214237 ] } },
{ "type": "Feature", "properties": { "CI": "929127504", "GENERO": "HOMBRE", "PROVINCIA": "LOS RIOS", "PARROQUIA": "MOCACHE", "SECTOR": "URBANO", "PLANIFICAC": "613 BIRF", "X": -79.49026, "Y": -1.100374, "CANTON": "MOCACHE", "NOMBRE": "TEJADA VILELA RICHARD LIZANDRO" }, "geometry": { "type": "Point", "coordinates": [ -79.490260415133775, -1.100373559122847 ] } },
{ "type": "Feature", "properties": { "CI": "1400674865", "GENERO": "MUJER", "PROVINCIA": "MORONA SANTIAGO", "PARROQUIA": "SUCUA", "SECTOR": "URBANO", "PLANIFICAC": "613 BIRF", "X": -78.187216, "Y": -2.464406, "CANTON": "SUCUA", "NOMBRE": "LUCERO DUCHIMAZA LEONOR MARIA" }, "geometry": { "type": "Point", "coordinates": [ -78.187215584466102, -2.464406218212568 ] } },
{ "type": "Feature", "properties": { "CI": "1201945282", "GENERO": "MUJER", "PROVINCIA": "SUCUMBIOS", "PARROQUIA": "NUEVA LOJA", "SECTOR": "URBANO", "PLANIFICAC": "613 BIRF", "X": -76.863198, "Y": 0.032001, "CANTON": "LAGO AGRIO", "NOMBRE": "VILLAFUERTE GUANULEMA GLADYS ESTELA" }, "geometry": { "type": "Point", "coordinates": [ -76.863197600731723, 0.03200132579293 ] } },
{ "type": "Feature", "properties": { "CI": "706500162", "GENERO": "HOMBRE", "PROVINCIA": "EL ORO", "PARROQUIA": "UNION LOJANA", "SECTOR": "URBANO", "PLANIFICAC": "613 BIRF", "X": -80.200005, "Y": -3.482316, "CANTON": "HUAQUILLAS", "NOMBRE": "AÑASCO TANDAZO CRISTHIAN FABRICIO" }, "geometry": { "type": "Point", "coordinates": [ -80.200005274877924, -3.482316128371144 ] } },
{ "type": "Feature", "properties": { "CI": "704240712", "GENERO": "MUJER", "PROVINCIA": "EL ORO", "PARROQUIA": "ARENILLAS", "SECTOR": "URBANO", "PLANIFICAC": "613 BIRF", "X": -80.060844, "Y": -3.568239, "CANTON": "ARENILLAS", "NOMBRE": "PINEDA CONZA MARCELA VICTORIA" }, "geometry": { "type": "Point", "coordinates": [ -80.06084375722746, -3.568239487063114 ] } },
{ "type": "Feature", "properties": { "CI": "1201655477", "GENERO": "MUJER", "PROVINCIA": "LOS RIOS", "PARROQUIA": "PALENQUE", "SECTOR": "URBANO", "PLANIFICAC": "613 BIRF", "X": -79.758716, "Y": -1.430184, "CANTON": "PALENQUE", "NOMBRE": "DE LA ROSA NATIVIDAD" }, "geometry": { "type": "Point", "coordinates": [ -79.758715574516373, -1.430184251954778 ] } },
{ "type": "Feature", "properties": { "CI": "957130628", "GENERO": "MUJER", "PROVINCIA": "GUAYAS", "PARROQUIA": "BALZAR", "SECTOR": "URBANO", "PLANIFICAC": "613 BIRF", "X": -79.892978, "Y": -1.362158, "CANTON": "BALZAR", "NOMBRE": "MACIAS REINADO DELIA CRISTINA" }, "geometry": { "type": "Point", "coordinates": [ -79.892977640809136, -1.362158387830199 ] } },
{ "type": "Feature", "properties": { "CI": "1203185671", "GENERO": "MUJER", "PROVINCIA": "LOS RIOS", "PARROQUIA": "QUEVEDO", "SECTOR": "URBANO", "PLANIFICAC": "613 BIRF", "X": -79.474359, "Y": -0.984041, "CANTON": "QUEVEDO", "NOMBRE": "MONTESET HERRERA MARIA AMALINA" }, "geometry": { "type": "Point", "coordinates": [ -79.474358650921488, -0.984040754592127 ] } },
{ "type": "Feature", "properties": { "CI": "1728123116", "GENERO": "MUJER", "PROVINCIA": "LOS RIOS", "PARROQUIA": "QUEVEDO", "SECTOR": "URBANO", "PLANIFICAC": "613 BIRF", "X": -79.47426, "Y": -0.983344, "CANTON": "QUEVEDO", "NOMBRE": "GAVILANES UGSHA ALBA CECILIA" }, "geometry": { "type": "Point", "coordinates": [ -79.474260133859872, -0.983344316640893 ] } },
{ "type": "Feature", "properties": { "CI": "2100001862", "GENERO": "FEMENINO", "PROVINCIA": "SUCUMBIOS", "PARROQUIA": "NUEVA LOJA", "SECTOR": "URBANO", "PLANIFICAC": "613 BIRF", "X": -76.889704, "Y": 0.072899, "CANTON": "LAGO AGRIO", "NOMBRE": "PAZ GUERRERO MAURA EDITH" }, "geometry": { "type": "Point", "coordinates": [ -76.889704329297942, 0.072899464782385 ] } },
{ "type": "Feature", "properties": { "CI": "703638825", "GENERO": "MUJER", "PROVINCIA": "ZAMORA CHINCHIPE", "PARROQUIA": "PALANDA", "SECTOR": "URBANO", "PLANIFICAC": "613 BIRF", "X": -79.119353, "Y": -4.673476, "CANTON": "PALANDA", "NOMBRE": "VARGAS SANCHEZ ENITH MARGOHT" }, "geometry": { "type": "Point", "coordinates": [ -79.119353000061793, -4.673475650720615 ] } },
{ "type": "Feature", "properties": { "CI": "940070030", "GENERO": "MUJER", "PROVINCIA": "GUAYAS", "PARROQUIA": "ENGABAO", "SECTOR": "URBANO", "PLANIFICAC": "613 BIRF", "X": -80.478229, "Y": -2.566653, "CANTON": "PLAYAS", "NOMBRE": "TOMALA GARCIA REINA ANABELL" }, "geometry": { "type": "Point", "coordinates": [ -80.478228966158127, -2.566652940771759 ] } },
{ "type": "Feature", "properties": { "CI": "201381076", "GENERO": "MUJER", "PROVINCIA": "BOLIVAR", "PARROQUIA": "LAS NAVES", "SECTOR": "URBANO", "PLANIFICAC": "613 BIRF", "X": -79.312009, "Y": -1.291824, "CANTON": "LAS NAVES", "NOMBRE": "VARGAS BONILLA CARMEN MARCELA" }, "geometry": { "type": "Point", "coordinates": [ -79.312009372768969, -1.291824055041618 ] } },
{ "type": "Feature", "properties": { "CI": "940079734", "GENERO": "MUJER", "PROVINCIA": "GUAYAS", "PARROQUIA": "ENGABAO", "SECTOR": "URBANO", "PLANIFICAC": "613 BIRF", "X": -80.48233, "Y": -2.569016, "CANTON": "PLAYAS", "NOMBRE": "TOMALA VERA SAYDA STEFANNY" }, "geometry": { "type": "Point", "coordinates": [ -80.482329890416366, -2.569015820803458 ] } },
{ "type": "Feature", "properties": { "CI": "926523911", "GENERO": "MUJER", "PROVINCIA": "SANTA ELENA", "PARROQUIA": "SANTA ELENA", "SECTOR": "URBANO", "PLANIFICAC": "613 BIRF", "X": -80.851769, "Y": -2.235708, "CANTON": "SANTA ELENA", "NOMBRE": "MORY MENA KATIUSKA XIOMARA" }, "geometry": { "type": "Point", "coordinates": [ -80.851768513307775, -2.235708008362745 ] } },
{ "type": "Feature", "properties": { "CI": "1207193309", "GENERO": "MUJER", "PROVINCIA": "LOS RIOS", "PARROQUIA": "MOCACHE", "SECTOR": "URBANO", "PLANIFICAC": "613 BIRF", "X": -79.634364, "Y": -1.190538, "CANTON": "MOCACHE", "NOMBRE": "VELIZ ZAMORA INGRID PAMELA" }, "geometry": { "type": "Point", "coordinates": [ -79.634363842198326, -1.190537651455084 ] } },
{ "type": "Feature", "properties": { "CI": "2100247200", "GENERO": "HOMBRE", "PROVINCIA": "SUCUMBIOS", "PARROQUIA": "NUEVA LOJA", "SECTOR": "URBANO", "PLANIFICAC": "613 BIRF", "X": -76.872462, "Y": 0.070775, "CANTON": "LAGO AGRIO", "NOMBRE": "RUEDA CORREA WILSON RENE" }, "geometry": { "type": "Point", "coordinates": [ -76.872461564012539, 0.070775231809838 ] } },
{ "type": "Feature", "properties": { "CI": "928916816", "GENERO": "MUJER", "PROVINCIA": "LOS RIOS", "PARROQUIA": "MOCACHE", "SECTOR": "URBANO", "PLANIFICAC": "613 BIRF", "X": -79.581291, "Y": -1.101956, "CANTON": "MOCACHE", "NOMBRE": "ANZULES SOLORZANO BRIGGITTE NAYLA" }, "geometry": { "type": "Point", "coordinates": [ -79.581291164889052, -1.10195610097852 ] } },
{ "type": "Feature", "properties": { "CI": "922397633", "GENERO": "MUJER", "PROVINCIA": "SANTA ELENA", "PARROQUIA": "SANTA ELENA", "SECTOR": "URBANO", "PLANIFICAC": "613 BIRF", "X": -80.847066, "Y": -2.2242, "CANTON": "SANTA ELENA", "NOMBRE": "ALAVA ZAMBRANO JAZMIN NOEMI" }, "geometry": { "type": "Point", "coordinates": [ -80.847066092359043, -2.224199556449424 ] } },
{ "type": "Feature", "properties": { "CI": "401474705", "GENERO": "MUJER", "PROVINCIA": "CARCHI", "PARROQUIA": "SAN JOSE - BARRIO CENTENARIO", "SECTOR": "URBANO", "PLANIFICAC": "613 BIRF", "X": -77.825809, "Y": 0.585778, "CANTON": "MONTUFAR", "NOMBRE": "CHULDE SUAREZ LIGIA ELENA" }, "geometry": { "type": "Point", "coordinates": [ -77.825809157634609, 0.585778337657327 ] } },
{ "type": "Feature", "properties": { "CI": "2200099410", "GENERO": "MUJER", "PROVINCIA": "ORELLANA", "PARROQUIA": "LA JOYA DE LOS SACHAS/LOTIZACION SOLIDARIO 6", "SECTOR": "URBANO", "PLANIFICAC": "613 BIRF", "X": -76.935977, "Y": -0.300964, "CANTON": "LA JOYA DE LOS SACHAS", "NOMBRE": "LEDESMA LLUMITAXI SHEYLA KARINA" }, "geometry": { "type": "Point", "coordinates": [ -76.935977257755837, -0.300964077684432 ] } },
{ "type": "Feature", "properties": { "CI": "940067739", "GENERO": "HOMBRE", "PROVINCIA": "GUAYAS", "PARROQUIA": "ENGABAO", "SECTOR": "URBANO", "PLANIFICAC": "613 BIRF", "X": -80.479003, "Y": -2.56668, "CANTON": "PLAYAS", "NOMBRE": "PANCHANA TOMALA CRISTHIAN NELSON" }, "geometry": { "type": "Point", "coordinates": [ -80.479002554128456, -2.566680398094159 ] } },
{ "type": "Feature", "properties": { "CI": "705080398", "GENERO": "HOMBRE", "PROVINCIA": "EL ORO", "PARROQUIA": "ARENILLAS", "SECTOR": "URBANO", "PLANIFICAC": "613 BIRF", "X": -80.060902, "Y": -3.581817, "CANTON": "ARENILLAS", "NOMBRE": "GRANDA YELA JASMANY RODOLFO" }, "geometry": { "type": "Point", "coordinates": [ -80.060901967923058, -3.581817212385004 ] } },
{ "type": "Feature", "properties": { "CI": "706480852", "GENERO": "MUJER", "PROVINCIA": "EL ORO", "PARROQUIA": "ARENILLAS", "SECTOR": "URBANO", "PLANIFICAC": "613 BIRF", "X": -80.067111, "Y": -3.567432, "CANTON": "ARENILLAS", "NOMBRE": "CELI SALAZAR VIVIANA ALEJANDRA" }, "geometry": { "type": "Point", "coordinates": [ -80.067110580670061, -3.567431771028629 ] } },
{ "type": "Feature", "properties": { "CI": "1204611980", "GENERO": "MUJER", "PROVINCIA": "LOS RIOS", "PARROQUIA": "BABAHOYO", "SECTOR": "URBANO", "PLANIFICAC": "613 BIRF", "X": -79.51124, "Y": -1.813084, "CANTON": "BABAHOYO", "NOMBRE": "ANGULO MONTOYA DIGNA IMELDA" }, "geometry": { "type": "Point", "coordinates": [ -79.511240496565065, -1.813083905776248 ] } },
{ "type": "Feature", "properties": { "CI": "1251093579", "GENERO": "MUJER", "PROVINCIA": "LOS RIOS", "PARROQUIA": "VINCES", "SECTOR": "URBANO", "PLANIFICAC": "613 BIRF", "X": -79.839438, "Y": -1.589046, "CANTON": "VINCES", "NOMBRE": "LITARDO LITARDO MARIA ISAMARA" }, "geometry": { "type": "Point", "coordinates": [ -79.83943833155044, -1.589045624479932 ] } },
{ "type": "Feature", "properties": { "CI": "801595679", "GENERO": "HOMBRE", "PROVINCIA": "ESMERALDAS", "PARROQUIA": "5 DE AGOSTO", "SECTOR": "URBANO", "PLANIFICAC": "613 BIRF", "X": -79.661317, "Y": 0.507342, "CANTON": "ESMERALDAS", "NOMBRE": "RODRIGUEZ CALBERTO MIGUEL JESUS" }, "geometry": { "type": "Point", "coordinates": [ -79.661317396019072, 0.507342350467452 ] } },
{ "type": "Feature", "properties": { "CI": "940073034", "GENERO": "MUJER", "PROVINCIA": "GUAYAS", "PARROQUIA": "ENGABAO", "SECTOR": "URBANO", "PLANIFICAC": "613 BIRF", "X": -80.479056, "Y": -2.567884, "CANTON": "PLAYAS", "NOMBRE": "RODRIGUEZ LOPEZ KEYLA YANELA" }, "geometry": { "type": "Point", "coordinates": [ -80.479056038899728, -2.567883638606614 ] } },
{ "type": "Feature", "properties": { "CI": "705078491", "GENERO": "HOMBRE", "PROVINCIA": "EL ORO", "PARROQUIA": "SANTA ROSA", "SECTOR": "URBANO", "PLANIFICAC": "613 BIRF", "X": -79.971133, "Y": -3.484834, "CANTON": "SANTA ROSA", "NOMBRE": "SARANGO ZAPATA HUGO MANUEL" }, "geometry": { "type": "Point", "coordinates": [ -79.971132935637598, -3.48483396068905 ] } },
{ "type": "Feature", "properties": { "CI": "2150051395", "GENERO": "MUJER", "PROVINCIA": "SUCUMBIOS", "PARROQUIA": "NUEVA LOJA", "SECTOR": "URBANO", "PLANIFICAC": "613 BIRF", "X": -76.921392, "Y": 0.06401, "CANTON": "LAGO AGRIO", "NOMBRE": "SUAREZ ZAMAREÑO JENNIFER JANETH" }, "geometry": { "type": "Point", "coordinates": [ -76.92139163050409, 0.064009607827123 ] } },
{ "type": "Feature", "properties": { "CI": "1307738177", "GENERO": "RURAL", "PROVINCIA": "GUAYAS", "PARROQUIA": "P.CARBO", "SECTOR": "URBANO", "PLANIFICAC": "613 BIRF", "X": -80.243851, "Y": -1.814979, "CANTON": "GUAYAQUIL", "NOMBRE": "MAGALLANES ERASO NANCY LUCIA" }, "geometry": { "type": "Point", "coordinates": [ -80.243850776564059, -1.814979330157227 ] } },
{ "type": "Feature", "properties": { "CI": "914488044", "GENERO": "MUJER", "PROVINCIA": "GUAYAS", "PARROQUIA": "ENGABAO", "SECTOR": "URBANO", "PLANIFICAC": "613 BIRF", "X": -80.480682, "Y": -2.572697, "CANTON": "PLAYAS", "NOMBRE": "TOMALA RODRIGUEZ ERCILIA SABINA" }, "geometry": { "type": "Point", "coordinates": [ -80.480682251524499, -2.572697179275366 ] } },
{ "type": "Feature", "properties": { "CI": "400740809", "GENERO": "MUJER", "PROVINCIA": "CARCHI", "PARROQUIA": "LA PAZ", "SECTOR": "URBANO", "PLANIFICAC": "613 BIRF", "X": -77.829898, "Y": 0.596837, "CANTON": "MONTUFAR", "NOMBRE": "IBUJES EUGENIA MARGARITA" }, "geometry": { "type": "Point", "coordinates": [ -77.829897599485264, 0.596836790746582 ] } },
{ "type": "Feature", "properties": { "CI": "1206605550", "GENERO": "MUJER", "PROVINCIA": "LOS RIOS", "PARROQUIA": "SAN CRISTOBAL", "SECTOR": "URBANO", "PLANIFICAC": "613 BIRF", "X": -79.4614, "Y": -1.027283, "CANTON": "QUEVEDO", "NOMBRE": "ALVEAR SALVATIERRA SHIRLEY TATIANA" }, "geometry": { "type": "Point", "coordinates": [ -79.461400241644597, -1.027283189386445 ] } },
{ "type": "Feature", "properties": { "CI": "1711169928", "GENERO": "MUJER", "PROVINCIA": "SUCUMBIOS", "PARROQUIA": "NUEVA LOJA", "SECTOR": "URBANO", "PLANIFICAC": "613 BIRF", "X": -76.926046, "Y": 0.099762, "CANTON": "LAGO AGRIO", "NOMBRE": "QUEZDA ROMERO FANNY MARILU" }, "geometry": { "type": "Point", "coordinates": [ -76.926045819444965, 0.099762175615853 ] } },
{ "type": "Feature", "properties": { "CI": "1309511218", "GENERO": "MUJER", "PROVINCIA": "MANABI", "PARROQUIA": "CALCETA", "SECTOR": "URBANO", "PLANIFICAC": "613 BIRF", "X": -80.174221, "Y": -0.836381, "CANTON": "BOLIVAR", "NOMBRE": "VARELA GARCIA ROCIO DEL JESUS" }, "geometry": { "type": "Point", "coordinates": [ -80.174221037879121, -0.836381343118155 ] } },
{ "type": "Feature", "properties": { "CI": "1311168544", "GENERO": "MUJER", "PROVINCIA": "LOS RIOS", "PARROQUIA": "QUEVEDO", "SECTOR": "URBANO", "PLANIFICAC": "613 BIRF", "X": -79.474035, "Y": -0.983905, "CANTON": "QUEVEDO", "NOMBRE": "PACHECO ARREAGA EVELYN ROCIO" }, "geometry": { "type": "Point", "coordinates": [ -79.47403525776312, -0.983904944799352 ] } },
{ "type": "Feature", "properties": { "CI": "2100424270", "GENERO": "MUJER", "PROVINCIA": "SUCUMBIOS", "PARROQUIA": "SHUSHUFINDI", "SECTOR": "URBANO", "PLANIFICAC": "613 BIRF", "X": -76.741816, "Y": -0.228529, "CANTON": "SHUSHUFINDI", "NOMBRE": "BRAVO RUA ELISA JOHANNA" }, "geometry": { "type": "Point", "coordinates": [ -76.741815629769178, -0.228528875332773 ] } },
{ "type": "Feature", "properties": { "CI": "905371639", "GENERO": "HOMBRE", "PROVINCIA": "GUAYAS", "PARROQUIA": "SABANILLA", "SECTOR": "URBANO", "PLANIFICAC": "613 BIRF", "X": -80.18479, "Y": -1.840627, "CANTON": "PEDRO CARBO", "NOMBRE": "ALVARADO SALAZAR MARCO PABLO" }, "geometry": { "type": "Point", "coordinates": [ -80.184790403007185, -1.840626921385426 ] } },
{ "type": "Feature", "properties": { "CI": "750441636", "GENERO": "MUJER", "PROVINCIA": "EL ORO", "PARROQUIA": "SANTA ROSA", "SECTOR": "URBANO", "PLANIFICAC": "613 BIRF", "X": -79.969637, "Y": -3.444851, "CANTON": "SANTA ROSA", "NOMBRE": "VIZCAINO HUANCA DOLORES ROCIO" }, "geometry": { "type": "Point", "coordinates": [ -79.969636872093545, -3.444851120357978 ] } },
{ "type": "Feature", "properties": { "CI": "940078801", "GENERO": "MUJER", "PROVINCIA": "GUAYAS", "PARROQUIA": "ENGABAO", "SECTOR": "URBANO", "PLANIFICAC": "613 BIRF", "X": -80.478894, "Y": -2.568381, "CANTON": "PLAYAS", "NOMBRE": "TOMALA LINDAO ANAYELY DASMARY" }, "geometry": { "type": "Point", "coordinates": [ -80.47889392104868, -2.568381143762885 ] } },
{ "type": "Feature", "properties": { "CI": "2100051354", "GENERO": "MUJER", "PROVINCIA": "SUCUMBIOS", "PARROQUIA": "NUEVA LOJA", "SECTOR": "URBANO", "PLANIFICAC": "613 BIRF", "X": -76.935934, "Y": 0.096669, "CANTON": "LAGO AGRIO", "NOMBRE": "ACURIO SERRANO MAYRA CECILIA" }, "geometry": { "type": "Point", "coordinates": [ -76.935934422570298, 0.096669209316263 ] } },
{ "type": "Feature", "properties": { "CI": "941360224", "GENERO": "HOMBRE", "PROVINCIA": "GUAYAS", "PARROQUIA": "BALZAR", "SECTOR": "URBANO", "PLANIFICAC": "613 BIRF", "X": -79.758009, "Y": -1.18469, "CANTON": "BALZAR", "NOMBRE": "PEÑAFIEL FRANCO LUIS ALBERTO" }, "geometry": { "type": "Point", "coordinates": [ -79.758009399435778, -1.184690030402699 ] } },
{ "type": "Feature", "properties": { "CI": "913785416", "GENERO": "MUJER", "PROVINCIA": "GUAYAS", "PARROQUIA": "PEDRO CARBO", "SECTOR": "URBANO", "PLANIFICAC": "613 BIRF", "X": -80.220778, "Y": -1.82265, "CANTON": "PEDRO CARBO", "NOMBRE": "PERALTA PIZA GUILLERMINA NANCY" }, "geometry": { "type": "Point", "coordinates": [ -80.220778075299009, -1.822649855360603 ] } },
{ "type": "Feature", "properties": { "CI": "1105091548", "GENERO": "MUJER", "PROVINCIA": "BOLIVAR", "PARROQUIA": "ECEHANDIA", "SECTOR": "URBANO", "PLANIFICAC": "613 BIRF", "X": -79.241545, "Y": -1.426747, "CANTON": "ECHEANDIA", "NOMBRE": "BRICEÑO GUAMAN ANA LUCIA" }, "geometry": { "type": "Point", "coordinates": [ -79.241545022321716, -1.426746741051542 ] } },
{ "type": "Feature", "properties": { "CI": "250103959", "GENERO": "MUJER", "PROVINCIA": "BOLIVAR", "PARROQUIA": "GUANUJO", "SECTOR": "URBANO", "PLANIFICAC": "613 BIRF", "X": -79.003675, "Y": -1.536253, "CANTON": "GUARANDA", "NOMBRE": "GUAMBUGUETE YAZUMA JESSICA CARMEN" }, "geometry": { "type": "Point", "coordinates": [ -79.003675006343443, -1.536253350320296 ] } },
{ "type": "Feature", "properties": { "CI": "706882990", "GENERO": "HOMBRE", "PROVINCIA": "EL ORO", "PARROQUIA": "ARENILLAS", "SECTOR": "URBANO", "PLANIFICAC": "613 BIRF", "X": -80.065371, "Y": -3.569094, "CANTON": "ARENILLAS", "NOMBRE": "LANCHE SARANGO MARCO ANTONIO" }, "geometry": { "type": "Point", "coordinates": [ -80.065371343875626, -3.569094418509694 ] } },
{ "type": "Feature", "properties": { "CI": "1310622954", "GENERO": "MUJER", "PROVINCIA": "LOS RIOS", "PARROQUIA": "QUEVEDO", "SECTOR": "URBANO", "PLANIFICAC": "613 BIRF", "X": -79.474574, "Y": -0.983905, "CANTON": "QUEVEDO", "NOMBRE": "VARGAS ZAMBRANO LAURA JOHANNA" }, "geometry": { "type": "Point", "coordinates": [ -79.47457434912414, -0.983905192983307 ] } },
{ "type": "Feature", "properties": { "CI": "401456439", "GENERO": "MUJER", "PROVINCIA": "CARCHI", "PARROQUIA": "TULCAN", "SECTOR": "URBANO", "PLANIFICAC": "613 BIRF", "X": -77.742455, "Y": 0.782253, "CANTON": "TULCAN", "NOMBRE": "NARVÁEZ URRESTA ALBA ROCÍO" }, "geometry": { "type": "Point", "coordinates": [ -77.742455037648938, 0.782253320718249 ] } },
{ "type": "Feature", "properties": { "CI": "202268298", "GENERO": "MUJER", "PROVINCIA": "BOLIVAR", "PARROQUIA": "SAN MIGUEL", "SECTOR": "URBANO", "PLANIFICAC": "613 BIRF", "X": -79.046858, "Y": -1.71758, "CANTON": "SAN MIGUEL", "NOMBRE": "ALTAMIRANO ARMIJO JOHANA GALUTH" }, "geometry": { "type": "Point", "coordinates": [ -79.046857583433237, -1.717580427181067 ] } },
{ "type": "Feature", "properties": { "CI": "1709462442", "GENERO": "MUJER", "PROVINCIA": "ORELLANA", "PARROQUIA": "EL COCA UNION IMBABUREÑA", "SECTOR": "URBANO", "PLANIFICAC": "613 BIRF", "X": -76.73485, "Y": -0.445903, "CANTON": "FRANCISCO DE ORELLANA", "NOMBRE": "ALVARADO SUQUI NINFA DOLORES" }, "geometry": { "type": "Point", "coordinates": [ -76.734850015708105, -0.445902612248327 ] } },
{ "type": "Feature", "properties": { "CI": "701765935", "GENERO": "MUJER", "PROVINCIA": "EL ORO", "PARROQUIA": "ARENILLAS", "SECTOR": "URBANO", "PLANIFICAC": "613 BIRF", "X": -80.074211, "Y": -3.560953, "CANTON": "ARENILLAS", "NOMBRE": "CASTILLO CRIOLLO FLORINA MARIA" }, "geometry": { "type": "Point", "coordinates": [ -80.074211339776213, -3.560953146039269 ] } },
{ "type": "Feature", "properties": { "CI": "923347082", "GENERO": "HOMBRE", "PROVINCIA": "GUAYAS", "PARROQUIA": "ENGABAO", "SECTOR": "URBANO", "PLANIFICAC": "613 BIRF", "X": -80.485745, "Y": -2.575694, "CANTON": "PLAYAS", "NOMBRE": "TOMALA PANCHANA MARIO GANDY" }, "geometry": { "type": "Point", "coordinates": [ -80.485745453338438, -2.575693720177068 ] } },
{ "type": "Feature", "properties": { "CI": "400999421", "GENERO": "MUJER", "PROVINCIA": "CARCHI", "PARROQUIA": "GONZALEZ SUAREZ", "SECTOR": "URBANO", "PLANIFICAC": "613 BIRF", "X": -77.720595, "Y": 0.820345, "CANTON": "TULCAN", "NOMBRE": "PEÑAFIEL REVELO ANDREA XIMENA" }, "geometry": { "type": "Point", "coordinates": [ -77.720594986244137, 0.820344976203163 ] } },
{ "type": "Feature", "properties": { "CI": "2100229307", "GENERO": "MUJER", "PROVINCIA": "SUCUMBIOS", "PARROQUIA": "NUEVA LOJA", "SECTOR": "URBANO", "PLANIFICAC": "613 BIRF", "X": -76.927113, "Y": 0.068657, "CANTON": "LAGO AGRIO", "NOMBRE": "BOSA MEDINA MARIBEL MARCELA" }, "geometry": { "type": "Point", "coordinates": [ -76.927113158285835, 0.068657135068588 ] } },
{ "type": "Feature", "properties": { "CI": "202100053", "GENERO": "MUJER", "PROVINCIA": "BOLIVAR", "PARROQUIA": "ECHEANDIA", "SECTOR": "URBANO", "PLANIFICAC": "613 BIRF", "X": -79.230807, "Y": -1.450094, "CANTON": "ECHEANDIA", "NOMBRE": "IBARRA IBARRA LILIAN GRIMANEZA" }, "geometry": { "type": "Point", "coordinates": [ -79.230807472466495, -1.450093514442065 ] } },
{ "type": "Feature", "properties": { "CI": "926874306", "GENERO": "HOMBRE", "PROVINCIA": "GUAYAS", "PARROQUIA": "ENGABAO", "SECTOR": "URBANO", "PLANIFICAC": "613 BIRF", "X": -80.478894, "Y": -2.568381, "CANTON": "PLAYAS", "NOMBRE": "LINDAO RODRIGUEZ EMILIO EFRAN" }, "geometry": { "type": "Point", "coordinates": [ -80.47889392104868, -2.568381143762885 ] } },
{ "type": "Feature", "properties": { "CI": "2200258792", "GENERO": "MUJER", "PROVINCIA": "ORELLANA", "PARROQUIA": null, "SECTOR": "URBANO", "PLANIFICAC": "613 BIRF", "X": -76.996901, "Y": -0.437161, "CANTON": "FRANCISCO DE ORELLANA", "NOMBRE": "PALA CAZCO SONIA ALIGIA" }, "geometry": { "type": "Point", "coordinates": [ -76.996901395121071, -0.437161062813089 ] } },
{ "type": "Feature", "properties": { "CI": "401337605", "GENERO": "HOMBRE", "PROVINCIA": "CARCHI", "PARROQUIA": "TULCAN", "SECTOR": "URBANO", "PLANIFICAC": "613 BIRF", "X": -77.738998, "Y": 0.79506, "CANTON": "TULCAN", "NOMBRE": "CASTILLO MELO FRANKLIN OMAR" }, "geometry": { "type": "Point", "coordinates": [ -77.738997832667806, 0.795059769510601 ] } },
{ "type": "Feature", "properties": { "CI": "450097571", "GENERO": "MUJER", "PROVINCIA": "CARCHI", "PARROQUIA": "GONZALEZ SUAREZ", "SECTOR": "URBANO", "PLANIFICAC": "613 BIRF", "X": -77.830297, "Y": 0.5963, "CANTON": "MONTUFAR", "NOMBRE": "GER GETIAL LAYDY MISHEL" }, "geometry": { "type": "Point", "coordinates": [ -77.830296774191893, 0.596299988579315 ] } },
{ "type": "Feature", "properties": { "CI": "202308573", "GENERO": "MUJER", "PROVINCIA": "BOLIVAR", "PARROQUIA": "San Jose de Chimbo", "SECTOR": "URBANO", "PLANIFICAC": "613 BIRF", "X": -79.025655, "Y": -1.678877, "CANTON": "CHIMBO", "NOMBRE": "TENEMAZA GUAMAN JOHANA ESTEFANIA" }, "geometry": { "type": "Point", "coordinates": [ -79.02565499418543, -1.678877434336033 ] } },
{ "type": "Feature", "properties": { "CI": "401878731", "GENERO": "MUJER", "PROVINCIA": "CARCHI", "PARROQUIA": "LA LIBERTAD", "SECTOR": "URBANO", "PLANIFICAC": "613 BIRF", "X": -77.935453, "Y": 0.638905, "CANTON": "ESPEJO", "NOMBRE": "VIANA CUSHCAGUA ESPERANZA ALEXANDRA" }, "geometry": { "type": "Point", "coordinates": [ -77.935453454735551, 0.638904675730023 ] } },
{ "type": "Feature", "properties": { "CI": "605107903", "GENERO": "MUJER", "PROVINCIA": "CHIMBORAZO", "PARROQUIA": "CHAMBO", "SECTOR": "URBANO", "PLANIFICAC": "613 BIRF", "X": -78.590999, "Y": -1.719191, "CANTON": "CHAMBO", "NOMBRE": "PILCO CHIMBOLEMA ERICA VALERIA" }, "geometry": { "type": "Point", "coordinates": [ -78.590999082533727, -1.719191461551563 ] } },
{ "type": "Feature", "properties": { "CI": "401713052", "GENERO": "MUJER", "PROVINCIA": "CARCHI", "PARROQUIA": "LA LIBERTAD", "SECTOR": "URBANO", "PLANIFICAC": "613 BIRF", "X": -77.934462, "Y": 0.639454, "CANTON": "ESPEJO", "NOMBRE": "QUELAL TANICUCHI AURA ELIZABETH" }, "geometry": { "type": "Point", "coordinates": [ -77.934462358936784, 0.639454267155945 ] } },
{ "type": "Feature", "properties": { "CI": "605199405", "GENERO": "HOMBRE", "PROVINCIA": "CHIMBORAZO", "PARROQUIA": "GUAMOTE", "SECTOR": "URBANO", "PLANIFICAC": "613 BIRF", "X": -78.607031, "Y": -2.115539, "CANTON": "GUAMOTE", "NOMBRE": "LLUILEMA LLIGUILEMA RAÚL ROBERTO" }, "geometry": { "type": "Point", "coordinates": [ -78.607030680327796, -2.115539283748954 ] } },
{ "type": "Feature", "properties": { "CI": "2016135228", "GENERO": "MUJER", "PROVINCIA": "BOLIVAR", "PARROQUIA": "CHILLANES", "SECTOR": "URBANO", "PLANIFICAC": "613 BIRF", "X": -79.063135, "Y": -1.93671, "CANTON": "CHILLANES", "NOMBRE": "AYALA CASTILLO GLADYS NARCISA" }, "geometry": { "type": "Point", "coordinates": [ -79.063134995589834, -1.936710034681392 ] } },
{ "type": "Feature", "properties": { "CI": "1206969188", "GENERO": "MUJER", "PROVINCIA": "LOS RIOS", "PARROQUIA": "MOCACHE", "SECTOR": "URBANO", "PLANIFICAC": "613 BIRF", "X": -79.490135, "Y": -1.099876, "CANTON": "MOCACHE", "NOMBRE": "AREVALO VILELA SKARLET PAMELA" }, "geometry": { "type": "Point", "coordinates": [ -79.490134871692732, -1.099876068551315 ] } },
{ "type": "Feature", "properties": { "CI": "1003273529", "GENERO": "MUJER", "PROVINCIA": "CARCHI", "PARROQUIA": "LA PAZ", "SECTOR": "URBANO", "PLANIFICAC": "613 BIRF", "X": -77.830211, "Y": 0.596386, "CANTON": "MONTUFAR", "NOMBRE": "SALAZAR VILLA JAIRA MARIANELA" }, "geometry": { "type": "Point", "coordinates": [ -77.830211028934286, 0.596386207528959 ] } },
{ "type": "Feature", "properties": { "CI": "705089019", "GENERO": "MUJER", "PROVINCIA": "EL ORO", "PARROQUIA": "SANTA ROSA", "SECTOR": "URBANO", "PLANIFICAC": "613 BIRF", "X": -79.968394, "Y": -3.445836, "CANTON": "SANTA ROSA", "NOMBRE": "PACA CUJILEMA ANA LUCIA" }, "geometry": { "type": "Point", "coordinates": [ -79.968393611742016, -3.445835731064249 ] } },
{ "type": "Feature", "properties": { "CI": "910988781", "GENERO": "RURAL", "PROVINCIA": "GUAYAS", "PARROQUIA": "P.CARBO", "SECTOR": "URBANO", "PLANIFICAC": "613 BIRF", "X": -80.295992, "Y": -1.776345, "CANTON": "GUAYAQUIL", "NOMBRE": "BUENO REINA GLISERIO AMBROSIO" }, "geometry": { "type": "Point", "coordinates": [ -80.295992447237907, -1.776344647437096 ] } },
{ "type": "Feature", "properties": { "CI": "921806584", "GENERO": "RURAL", "PROVINCIA": "GUAYAS", "PARROQUIA": "P.CARBO", "SECTOR": "URBANO", "PLANIFICAC": "613 BIRF", "X": -80.223205, "Y": -1.781427, "CANTON": "GUAYAQUIL", "NOMBRE": "MERCHAN JARAMILLO CRISTINA VIVIANA" }, "geometry": { "type": "Point", "coordinates": [ -80.223204978861403, -1.781426517991299 ] } },
{ "type": "Feature", "properties": { "CI": "202096616", "GENERO": "MUJER", "PROVINCIA": "BOLIVAR", "PARROQUIA": "CHILLANES", "SECTOR": "URBANO", "PLANIFICAC": "613 BIRF", "X": -79.070929, "Y": -1.938522, "CANTON": "CHILLANES", "NOMBRE": "FLORES QUIHUIRE MARIELA ALEXANDRA" }, "geometry": { "type": "Point", "coordinates": [ -79.070929005485524, -1.938522237168191 ] } },
{ "type": "Feature", "properties": { "CI": "1200441440", "GENERO": "HOMBRE", "PROVINCIA": "SANTA ELENA", "PARROQUIA": "JOSE LUIS TAMAYO", "SECTOR": "URBANO", "PLANIFICAC": "613 BIRF", "X": -80.934419, "Y": -2.243368, "CANTON": "SALINAS", "NOMBRE": "FERNANDEZ GAMARRA VICENTE CASIMIRO" }, "geometry": { "type": "Point", "coordinates": [ -80.934418724193776, -2.243367965231841 ] } },
{ "type": "Feature", "properties": { "CI": "941292393", "GENERO": "MUJER", "PROVINCIA": "GUAYAS", "PARROQUIA": "ENGABAO", "SECTOR": "URBANO", "PLANIFICAC": "613 BIRF", "X": -80.47893, "Y": -2.567639, "CANTON": "PLAYAS", "NOMBRE": "TOMALA TOMALA EDITA JOSEFINA" }, "geometry": { "type": "Point", "coordinates": [ -80.478930203015977, -2.567639324628122 ] } },
{ "type": "Feature", "properties": { "CI": "925815557", "GENERO": "MUJER", "PROVINCIA": "LOS RIOS", "PARROQUIA": "QUEVEDO", "SECTOR": "URBANO", "PLANIFICAC": "613 BIRF", "X": -79.474422, "Y": -0.98405, "CANTON": "QUEVEDO", "NOMBRE": "MARTINEZ ALARCON DIANA AMARILIS" }, "geometry": { "type": "Point", "coordinates": [ -79.474421540809075, -0.984049827607684 ] } },
{ "type": "Feature", "properties": { "CI": "901591271", "GENERO": "HOMBRE", "PROVINCIA": "GUAYAS", "PARROQUIA": "PEDRO CARBO", "SECTOR": "URBANO", "PLANIFICAC": "613 BIRF", "X": -80.354481, "Y": -1.760408, "CANTON": "PEDRO CARBO", "NOMBRE": "HOLGUIN ALEJANDRO JOSE FRANCISCO" }, "geometry": { "type": "Point", "coordinates": [ -80.354480586836843, -1.760407842686081 ] } },
{ "type": "Feature", "properties": { "CI": "1206283432", "GENERO": "MUJER", "PROVINCIA": "BOLIVAR", "PARROQUIA": "CALUMA", "SECTOR": "URBANO", "PLANIFICAC": "613 BIRF", "X": -79.21688, "Y": -1.582245, "CANTON": "CALUMA", "NOMBRE": "PICO BERMEO FABIOLA RUBI" }, "geometry": { "type": "Point", "coordinates": [ -79.216880063773885, -1.582245062192041 ] } },
{ "type": "Feature", "properties": { "CI": "940073042", "GENERO": "MUJER", "PROVINCIA": "GUAYAS", "PARROQUIA": "ENGABAO", "SECTOR": "URBANO", "PLANIFICAC": "613 BIRF", "X": -80.479416, "Y": -2.56707, "CANTON": "PLAYAS", "NOMBRE": "DE LA MITE FATIMA DEL ROSARIO" }, "geometry": { "type": "Point", "coordinates": [ -80.479416182267116, -2.567069577979823 ] } },
{ "type": "Feature", "properties": { "CI": "2100098157", "GENERO": "FEMENINO", "PROVINCIA": "SUCUMBIOS", "PARROQUIA": "SANTA CECILIA", "SECTOR": "URBANO", "PLANIFICAC": "613 BIRF", "X": -76.965159, "Y": 0.254927, "CANTON": "LAGO AGRIO", "NOMBRE": "SORNOZA MONCAYO ROCIO VIVIANA" }, "geometry": { "type": "Point", "coordinates": [ -76.965158564530199, 0.2549274099888 ] } },
{ "type": "Feature", "properties": { "CI": "1101501953", "GENERO": "HOMBRE", "PROVINCIA": "EL ORO", "PARROQUIA": "EL PARAISO", "SECTOR": "URBANO", "PLANIFICAC": "613 BIRF", "X": -80.229454, "Y": -3.480387, "CANTON": "HUAQUILLAS", "NOMBRE": "CAMPOVERDE VIDAL JOSE ADALBERTO" }, "geometry": { "type": "Point", "coordinates": [ -80.229453742875421, -3.480386793584912 ] } },
{ "type": "Feature", "properties": { "CI": "922155007", "GENERO": "MUJER", "PROVINCIA": "SANTA ELENA", "PARROQUIA": "JOSE LUIS TAMAYO", "SECTOR": "URBANO", "PLANIFICAC": "613 BIRF", "X": -80.931001, "Y": -2.246833, "CANTON": "SALINAS", "NOMBRE": "SANCHEZ QUIROZ EVELIN MABEL" }, "geometry": { "type": "Point", "coordinates": [ -80.931000998204638, -2.246832872401227 ] } },
{ "type": "Feature", "properties": { "CI": "2200245435", "GENERO": "MUJER", "PROVINCIA": "ORELLANA", "PARROQUIA": "LA JOYA DE LOS SACHAS", "SECTOR": "URBANO", "PLANIFICAC": "613 BIRF", "X": -76.9306, "Y": -0.297804, "CANTON": "LA JOYA DE LOS SACHAS", "NOMBRE": "MAYORGA VILLEGAS JENNY ELIZABETH" }, "geometry": { "type": "Point", "coordinates": [ -76.930599969839605, -0.297803533885647 ] } },
{ "type": "Feature", "properties": { "CI": "955827126", "GENERO": "RURAL", "PROVINCIA": "GUAYAS", "PARROQUIA": "P.CARBO", "SECTOR": "URBANO", "PLANIFICAC": "613 BIRF", "X": -80.200466, "Y": -1.869239, "CANTON": "GUAYAQUIL", "NOMBRE": "CERCADO COELLO MAY ANTHONY" }, "geometry": { "type": "Point", "coordinates": [ -80.200465908990822, -1.869238567517945 ] } },
{ "type": "Feature", "properties": { "CI": "940071475", "GENERO": "MUJER", "PROVINCIA": "GUAYAS", "PARROQUIA": "ENGABAO", "SECTOR": "URBANO", "PLANIFICAC": "613 BIRF", "X": -80.479542, "Y": -2.567151, "CANTON": "PLAYAS", "NOMBRE": "TOMALA  GARCIA YEREIMI NARCISA" }, "geometry": { "type": "Point", "coordinates": [ -80.479542084100487, -2.567151050317884 ] } },
{ "type": "Feature", "properties": { "CI": "1707558753", "GENERO": "MUJER", "PROVINCIA": "SUCUMBIOS", "PARROQUIA": "NUEVA LOJA", "SECTOR": "URBANO", "PLANIFICAC": "613 BIRF", "X": -76.878188, "Y": 0.097269, "CANTON": "LAGO AGRIO", "NOMBRE": "MOREJON GARCIA DOLORES YOLANDA" }, "geometry": { "type": "Point", "coordinates": [ -76.878188406335809, 0.097269218616729 ] } },
{ "type": "Feature", "properties": { "CI": "705275162", "GENERO": "MUJER", "PROVINCIA": "EL ORO", "PARROQUIA": "ARENILLAS", "SECTOR": "URBANO", "PLANIFICAC": "613 BIRF", "X": -80.077372, "Y": -3.550735, "CANTON": "ARENILLAS", "NOMBRE": "MALLA JUMBO MAGALI VIVIANA" }, "geometry": { "type": "Point", "coordinates": [ -80.077372493656185, -3.550734582983939 ] } },
{ "type": "Feature", "properties": { "CI": "250109899", "GENERO": "MUJER", "PROVINCIA": "BOLIVAR", "PARROQUIA": "Guanujo", "SECTOR": "URBANO", "PLANIFICAC": "613 BIRF", "X": -79.001666, "Y": -1.514659, "CANTON": "GUARANDA", "NOMBRE": "CHASI LICINTUÑA LAURA INES" }, "geometry": { "type": "Point", "coordinates": [ -79.001665615613788, -1.51465947560932 ] } },
{ "type": "Feature", "properties": { "CI": "940073109", "GENERO": "MUJER", "PROVINCIA": "GUAYAS", "PARROQUIA": "ENGABAO", "SECTOR": "URBANO", "PLANIFICAC": "613 BIRF", "X": -80.479407, "Y": -2.567893, "CANTON": "PLAYAS", "NOMBRE": "TOMALA RODRIGUEZ JESSICA VALERIA" }, "geometry": { "type": "Point", "coordinates": [ -80.47940685374067, -2.567892829042906 ] } },
{ "type": "Feature", "properties": { "CI": "1205288259", "GENERO": "MUJER", "PROVINCIA": "LOS RIOS", "PARROQUIA": "VALENCIA", "SECTOR": "URBANO", "PLANIFICAC": "613 BIRF", "X": -79.317543, "Y": -0.948198, "CANTON": "VALENCIA", "NOMBRE": "MAZON ROMERO CECILIA MARIBEL" }, "geometry": { "type": "Point", "coordinates": [ -79.317542545822661, -0.948198340700355 ] } },
{ "type": "Feature", "properties": { "CI": "1206439802", "GENERO": "MUJER", "PROVINCIA": "LOS RIOS", "PARROQUIA": "QUEVEDO", "SECTOR": "URBANO", "PLANIFICAC": "613 BIRF", "X": -79.473712, "Y": -0.983444, "CANTON": "QUEVEDO", "NOMBRE": "ZAMBRANO CHICA MARIA FERNANDA" }, "geometry": { "type": "Point", "coordinates": [ -79.473712012619501, -0.983443549021313 ] } },
{ "type": "Feature", "properties": { "CI": "1725697609", "GENERO": "MUJER", "PROVINCIA": "SUCUMBIOS", "PARROQUIA": "NUEVA LOJA", "SECTOR": "URBANO", "PLANIFICAC": "613 BIRF", "X": -76.93525, "Y": 0.08829, "CANTON": "LAGO AGRIO", "NOMBRE": "ARCE GARCIA TATIANA ELIZABETH" }, "geometry": { "type": "Point", "coordinates": [ -76.935249998320444, 0.088289969240705 ] } },
{ "type": "Feature", "properties": { "CI": "201848488", "GENERO": "MUJER", "PROVINCIA": "BOLIVAR", "PARROQUIA": "ECEHANDIA", "SECTOR": "URBANO", "PLANIFICAC": "613 BIRF", "X": -79.3132, "Y": -1.488045, "CANTON": "ECHEANDIA", "NOMBRE": "CHARIGUAMAN PILCO JANETH YOLANDA" }, "geometry": { "type": "Point", "coordinates": [ -79.313200082953983, -1.488045044840613 ] } },
{ "type": "Feature", "properties": { "CI": "1900603869", "GENERO": "MUJER", "PROVINCIA": "ZAMORA CHINCHIPE", "PARROQUIA": "ZUMBA", "SECTOR": "URBANO", "PLANIFICAC": "613 BIRF", "X": -79.125902, "Y": -4.863888, "CANTON": "CHINCHIPE", "NOMBRE": "COSIOS MONTESDEOCA ROSARIO ANDREA" }, "geometry": { "type": "Point", "coordinates": [ -79.125901954023306, -4.863888096965273 ] } },
{ "type": "Feature", "properties": { "CI": "940073133", "GENERO": "MUJER", "PROVINCIA": "GUAYAS", "PARROQUIA": "ENGABAO", "SECTOR": "URBANO", "PLANIFICAC": "613 BIRF", "X": -80.478832, "Y": -2.566789, "CANTON": "PLAYAS", "NOMBRE": "VERA TOMALA MERCEDEZ ELIZABETH" }, "geometry": { "type": "Point", "coordinates": [ -80.47883159874624, -2.566788889142849 ] } },
{ "type": "Feature", "properties": { "CI": "1208802734", "GENERO": "MUJER", "PROVINCIA": "LOS RIOS", "PARROQUIA": "MOCACHE", "SECTOR": "URBANO", "PLANIFICAC": "613 BIRF", "X": -79.600278, "Y": -1.140187, "CANTON": "MOCACHE", "NOMBRE": "MACIAS SANCHEZ LAURA MELISSA" }, "geometry": { "type": "Point", "coordinates": [ -79.600277685741219, -1.140187466448431 ] } },
{ "type": "Feature", "properties": { "CI": "1311074288", "GENERO": "MUJER", "PROVINCIA": "LOS RIOS", "PARROQUIA": "MOCACHE", "SECTOR": "URBANO", "PLANIFICAC": "613 BIRF", "X": -79.599595, "Y": -1.140332, "CANTON": "MOCACHE", "NOMBRE": "AGUIRRE PLUAS DIANA CAROLINA" }, "geometry": { "type": "Point", "coordinates": [ -79.599594693943743, -1.14033184506221 ] } },
{ "type": "Feature", "properties": { "CI": "1150415683", "GENERO": "MUJER", "PROVINCIA": "ZAMORA CHINCHIPE", "PARROQUIA": "ZUMBA", "SECTOR": "URBANO", "PLANIFICAC": "613 BIRF", "X": -79.145809, "Y": -4.779645, "CANTON": "CHINCHIPE", "NOMBRE": "ALEJO GONZAGA MIRIAN IRENE" }, "geometry": { "type": "Point", "coordinates": [ -79.145808650858143, -4.779644910396874 ] } },
{ "type": "Feature", "properties": { "CI": "941922684", "GENERO": "MUJER", "PROVINCIA": "GUAYAS", "PARROQUIA": "ENGABAO", "SECTOR": "URBANO", "PLANIFICAC": "613 BIRF", "X": -80.478894, "Y": -2.567404, "CANTON": "PLAYAS", "NOMBRE": "VERA GARCIA DAYSE VALERIA" }, "geometry": { "type": "Point", "coordinates": [ -80.478894316930891, -2.567404094262039 ] } },
{ "type": "Feature", "properties": { "CI": "911902443", "GENERO": "RURAL", "PROVINCIA": "GUAYAS", "PARROQUIA": "P.CARBO", "SECTOR": "URBANO", "PLANIFICAC": "613 BIRF", "X": -80.242954, "Y": -1.764681, "CANTON": "GUAYAQUIL", "NOMBRE": "HOLGUIN LEON ROSARIO ADELINA" }, "geometry": { "type": "Point", "coordinates": [ -80.242954381797389, -1.764680793396858 ] } },
{ "type": "Feature", "properties": { "CI": "706254794", "GENERO": "HOMBRE", "PROVINCIA": "EL ORO", "PARROQUIA": "ARENILLAS", "SECTOR": "URBANO", "PLANIFICAC": "613 BIRF", "X": -80.07878, "Y": -3.557095, "CANTON": "ARENILLAS", "NOMBRE": "FLORIN TORRES DANNY BISMARK" }, "geometry": { "type": "Point", "coordinates": [ -80.078779615993469, -3.557095186938067 ] } },
{ "type": "Feature", "properties": { "CI": "1716678279", "GENERO": "MUJER", "PROVINCIA": "LOS RIOS", "PARROQUIA": "QUEVEDO", "SECTOR": "URBANO", "PLANIFICAC": "613 BIRF", "X": -79.477764, "Y": -1.003406, "CANTON": "QUEVEDO", "NOMBRE": "OLMEDO RODRIGUEZ ANDREA LEONOR" }, "geometry": { "type": "Point", "coordinates": [ -79.477764033448651, -1.003405682995967 ] } },
{ "type": "Feature", "properties": { "CI": "911612950", "GENERO": "HOMBRE", "PROVINCIA": "SANTA ELENA", "PARROQUIA": "JOSE LUIS TAMAYO", "SECTOR": "URBANO", "PLANIFICAC": "613 BIRF", "X": -80.925308, "Y": -2.243612, "CANTON": "SALINAS", "NOMBRE": "ALCÍVAR RODRÍGUEZ LUIS ENRIQUE" }, "geometry": { "type": "Point", "coordinates": [ -80.925308207583242, -2.243611799585847 ] } },
{ "type": "Feature", "properties": { "CI": "850680877", "GENERO": "MUJER", "PROVINCIA": "BOLIVAR", "PARROQUIA": "LAS NAVES", "SECTOR": "URBANO", "PLANIFICAC": "613 BIRF", "X": -79.319365, "Y": -1.26927, "CANTON": "LAS NAVES", "NOMBRE": "NAVARRETE MENDOZA BEIBY JOHANNA" }, "geometry": { "type": "Point", "coordinates": [ -79.319365082105932, -1.269269683089427 ] } },
{ "type": "Feature", "properties": { "CI": "940073612", "GENERO": "MUJER", "PROVINCIA": "GUAYAS", "PARROQUIA": "ENGABAO", "SECTOR": "URBANO", "PLANIFICAC": "613 BIRF", "X": -80.479452, "Y": -2.566599, "CANTON": "PLAYAS", "NOMBRE": "VERA LINDAO JENIFFER ELIANA" }, "geometry": { "type": "Point", "coordinates": [ -80.479452353957669, -2.566599161415029 ] } },
{ "type": "Feature", "properties": { "CI": "705623445", "GENERO": "MUJER", "PROVINCIA": "EL ORO", "PARROQUIA": "LA VICTORIA", "SECTOR": "URBANO", "PLANIFICAC": "613 BIRF", "X": -80.059681, "Y": -3.79259, "CANTON": "LAS LAJAS", "NOMBRE": "CHAMBA ELIZALDE PAULINA ESTEFANIA" }, "geometry": { "type": "Point", "coordinates": [ -80.059681209025499, -3.792590311553487 ] } },
{ "type": "Feature", "properties": { "CI": "202316865", "GENERO": "MUJER", "PROVINCIA": "BOLIVAR", "PARROQUIA": "ECEHANDIA", "SECTOR": "URBANO", "PLANIFICAC": "613 BIRF", "X": -79.259729, "Y": -1.436208, "CANTON": "ECHEANDIA", "NOMBRE": "QUINGAGUANO ROCHINA CARMEN ROSA" }, "geometry": { "type": "Point", "coordinates": [ -79.259728543392342, -1.436207762862976 ] } },
{ "type": "Feature", "properties": { "CI": "908016405", "GENERO": "MUJER", "PROVINCIA": "GUAYAS", "PARROQUIA": "SABANILLA", "SECTOR": "URBANO", "PLANIFICAC": "613 BIRF", "X": -80.201141, "Y": -1.866525, "CANTON": "PEDRO CARBO", "NOMBRE": "VARGAS ORTIZ FRANCISCA ROSARIO" }, "geometry": { "type": "Point", "coordinates": [ -80.201141431307775, -1.866524976667277 ] } },
{ "type": "Feature", "properties": { "CI": "400458196", "GENERO": "MUJER", "PROVINCIA": "CARCHI", "PARROQUIA": "LA PAZ", "SECTOR": "URBANO", "PLANIFICAC": "613 BIRF", "X": -77.836739, "Y": 0.492134, "CANTON": "MONTUFAR", "NOMBRE": "CHICAIZA PUEDMAG ANA LUISA" }, "geometry": { "type": "Point", "coordinates": [ -77.836738641171365, 0.492133729390684 ] } },
{ "type": "Feature", "properties": { "CI": "705610624", "GENERO": "MUJER", "PROVINCIA": "EL ORO", "PARROQUIA": "ARENILLAS", "SECTOR": "URBANO", "PLANIFICAC": "613 BIRF", "X": -80.086485, "Y": -3.549016, "CANTON": "ARENILLAS", "NOMBRE": "MONTERO ALDAZ ANGIE BERENISSE" }, "geometry": { "type": "Point", "coordinates": [ -80.08648497735291, -3.549015918949965 ] } },
{ "type": "Feature", "properties": { "CI": "1303521817", "GENERO": "MUJER", "PROVINCIA": "GUAYAS", "PARROQUIA": "BALZAR", "SECTOR": "URBANO", "PLANIFICAC": "613 BIRF", "X": -79.756354, "Y": -1.187909, "CANTON": "BALZAR", "NOMBRE": "SORNOZA ROMERO FATIMA BERNARDITA" }, "geometry": { "type": "Point", "coordinates": [ -79.756354440526167, -1.187909349895456 ] } },
{ "type": "Feature", "properties": { "CI": "928859834", "GENERO": "HOMBRE", "PROVINCIA": "LOS RIOS", "PARROQUIA": "MOCACHE", "SECTOR": "URBANO", "PLANIFICAC": "613 BIRF", "X": -79.642491, "Y": -1.182971, "CANTON": "MOCACHE", "NOMBRE": "ZAMORA TARIRA CARLOS DANIEL" }, "geometry": { "type": "Point", "coordinates": [ -79.642490986154044, -1.182971260086231 ] } },
{ "type": "Feature", "properties": { "CI": "940072150", "GENERO": "HOMBRE", "PROVINCIA": "GUAYAS", "PARROQUIA": "ENGABAO", "SECTOR": "URBANO", "PLANIFICAC": "613 BIRF", "X": -80.478894, "Y": -2.568381, "CANTON": "PLAYAS", "NOMBRE": "TOMALA TOMALA MAURICIO DARWIN" }, "geometry": { "type": "Point", "coordinates": [ -80.47889392104868, -2.568381143762885 ] } },
{ "type": "Feature", "properties": { "CI": "201387370", "GENERO": "MUJER", "PROVINCIA": "BOLIVAR", "PARROQUIA": "CALUMA", "SECTOR": "URBANO", "PLANIFICAC": "613 BIRF", "X": -79.260798, "Y": -1.626835, "CANTON": "CALUMA", "NOMBRE": "ALVARADO GLADYS PATRICIA" }, "geometry": { "type": "Point", "coordinates": [ -79.260798188147305, -1.626834815317169 ] } },
{ "type": "Feature", "properties": { "CI": "202088936", "GENERO": "MUJER", "PROVINCIA": "BOLIVAR", "PARROQUIA": "GUANUJO", "SECTOR": "URBANO", "PLANIFICAC": "613 BIRF", "X": -78.997163, "Y": -1.550238, "CANTON": "GUARANDA", "NOMBRE": "RAMIREZ GOMEZ LORENA PATRICIA" }, "geometry": { "type": "Point", "coordinates": [ -78.997163373011119, -1.550238330115341 ] } },
{ "type": "Feature", "properties": { "CI": "922435276", "GENERO": "MUJER", "PROVINCIA": "SANTA ELENA", "PARROQUIA": "SANTA ELENA", "SECTOR": "URBANO", "PLANIFICAC": "613 BIRF", "X": -80.849376, "Y": -2.320615, "CANTON": "SANTA ELENA", "NOMBRE": "TOMALA DEL PEZO MAGALY DEL ROCIO" }, "geometry": { "type": "Point", "coordinates": [ -80.849376411051225, -2.320615160725264 ] } },
{ "type": "Feature", "properties": { "CI": "1307618643", "GENERO": "MUJER", "PROVINCIA": "LOS RIOS", "PARROQUIA": "MOCACHE", "SECTOR": "URBANO", "PLANIFICAC": "613 BIRF", "X": -79.639815, "Y": -1.179026, "CANTON": "MOCACHE", "NOMBRE": "MUÑOZ ZAMORA OFELIA GISSELA" }, "geometry": { "type": "Point", "coordinates": [ -79.639815044049129, -1.179026447149744 ] } },
{ "type": "Feature", "properties": { "CI": "1718669003", "GENERO": "MUJER", "PROVINCIA": "LOS RIOS", "PARROQUIA": "MOCACHE", "SECTOR": "URBANO", "PLANIFICAC": "613 BIRF", "X": -79.461913, "Y": -1.115481, "CANTON": "MOCACHE", "NOMBRE": "TUBAY SANCHEZ XIMENA JACQUELINE" }, "geometry": { "type": "Point", "coordinates": [ -79.461913315240253, -1.115480550753003 ] } },
{ "type": "Feature", "properties": { "CI": "705906477", "GENERO": "MUJER", "PROVINCIA": "EL ORO", "PARROQUIA": "HUALTACO", "SECTOR": "URBANO", "PLANIFICAC": "613 BIRF", "X": -80.230544, "Y": -3.467886, "CANTON": "HUAQUILLAS", "NOMBRE": "RAMIREZ CANGO CINTHYA ELIZABETH" }, "geometry": { "type": "Point", "coordinates": [ -80.230544159118068, -3.467885887799376 ] } },
{ "type": "Feature", "properties": { "CI": "1204403529", "GENERO": "MUJER", "PROVINCIA": "LOS RIOS", "PARROQUIA": "QUEVEDO", "SECTOR": "URBANO", "PLANIFICAC": "613 BIRF", "X": -79.474071, "Y": -0.983995, "CANTON": "QUEVEDO", "NOMBRE": "ZAMBRANO ESPINOZA YESSICA FABIOLA" }, "geometry": { "type": "Point", "coordinates": [ -79.474071156081564, -0.983995401916776 ] } },
{ "type": "Feature", "properties": { "CI": "929168797", "GENERO": "MUJER", "PROVINCIA": "LOS RIOS", "PARROQUIA": "QUEVEDO", "SECTOR": "URBANO", "PLANIFICAC": "613 BIRF", "X": -79.454968, "Y": -1.062515, "CANTON": "QUEVEDO", "NOMBRE": "MANOBANDA MOLINA ELIZABETH ALEXANDRA" }, "geometry": { "type": "Point", "coordinates": [ -79.454967800459755, -1.06251538875162 ] } },
{ "type": "Feature", "properties": { "CI": "1202002794", "GENERO": "HOMBRE", "PROVINCIA": "LOS RIOS", "PARROQUIA": "QUEVEDO", "SECTOR": "URBANO", "PLANIFICAC": "613 BIRF", "X": -79.476926, "Y": -1.046075, "CANTON": "QUEVEDO", "NOMBRE": "MARTINEZ VINCES JOHNNY ADAN" }, "geometry": { "type": "Point", "coordinates": [ -79.476926247804855, -1.046075206858747 ] } },
{ "type": "Feature", "properties": { "CI": "1309915617", "GENERO": "MUJER", "PROVINCIA": "MANABI", "PARROQUIA": "JUNIN", "SECTOR": "URBANO", "PLANIFICAC": "613 BIRF", "X": -80.198817, "Y": -0.923051, "CANTON": "JUNIN", "NOMBRE": "BERMEO VIRGINIA MARICELA" }, "geometry": { "type": "Point", "coordinates": [ -80.198817361930182, -0.923051008088969 ] } },
{ "type": "Feature", "properties": { "CI": "2101113252", "GENERO": "FEMENINO", "PROVINCIA": "SUCUMBIOS", "PARROQUIA": "PACAYACU", "SECTOR": "URBANO", "PLANIFICAC": "613 BIRF", "X": -76.590009, "Y": -0.038237, "CANTON": "LAGO AGRIO", "NOMBRE": "BALCAZAR AGILA JOHANNA ELIZABETH" }, "geometry": { "type": "Point", "coordinates": [ -76.590008881885112, -0.038237251132055 ] } },
{ "type": "Feature", "properties": { "CI": "904852902", "GENERO": "MUJER", "PROVINCIA": "GUAYAS", "PARROQUIA": "ENGABAO", "SECTOR": "URBANO", "PLANIFICAC": "613 BIRF", "X": -80.482274, "Y": -2.573268, "CANTON": "PLAYAS", "NOMBRE": "RODRIGUEZ PANCHANA ANGELA SABINA" }, "geometry": { "type": "Point", "coordinates": [ -80.482274204453049, -2.573267775572005 ] } },
{ "type": "Feature", "properties": { "CI": "200548642", "GENERO": "MUJER", "PROVINCIA": "BOLIVAR", "PARROQUIA": "GUANUJO", "SECTOR": "URBANO", "PLANIFICAC": "613 BIRF", "X": -79.00568, "Y": -1.548154, "CANTON": "GUARANDA", "NOMBRE": "CHACHA GUERRERO LIDA MARIA" }, "geometry": { "type": "Point", "coordinates": [ -79.00568049014403, -1.548153892518222 ] } },
{ "type": "Feature", "properties": { "CI": "940770027", "GENERO": "MUJER", "PROVINCIA": "GUAYAS", "PARROQUIA": "ENGABAO", "SECTOR": "URBANO", "PLANIFICAC": "613 BIRF", "X": -80.478184, "Y": -2.567042, "CANTON": "PLAYAS", "NOMBRE": "TOMALAQUIJIJE XIOMARA" }, "geometry": { "type": "Point", "coordinates": [ -80.478183831707128, -2.567041932735321 ] } },
{ "type": "Feature", "properties": { "CI": "1721441697", "GENERO": "MUJER", "PROVINCIA": "LOS RIOS", "PARROQUIA": "MOCACHE", "SECTOR": "URBANO", "PLANIFICAC": "613 BIRF", "X": -79.504337, "Y": -1.107679, "CANTON": "MOCACHE", "NOMBRE": "SALVATIERRA CANCHINGRE MARIELA ELIZABETH" }, "geometry": { "type": "Point", "coordinates": [ -79.504336704063505, -1.107679349531387 ] } },
{ "type": "Feature", "properties": { "CI": "1311033672", "GENERO": "MUJER", "PROVINCIA": "LOS RIOS", "PARROQUIA": "QUEVEDO", "SECTOR": "URBANO", "PLANIFICAC": "613 BIRF", "X": -79.474071, "Y": -0.983995, "CANTON": "QUEVEDO", "NOMBRE": "VERA YEPEZ CIRALY JANETH" }, "geometry": { "type": "Point", "coordinates": [ -79.474071156081564, -0.983995401916776 ] } },
{ "type": "Feature", "properties": { "CI": "702074139", "GENERO": "HOMBRE", "PROVINCIA": "EL ORO", "PARROQUIA": "ARENILLAS", "SECTOR": "URBANO", "PLANIFICAC": "613 BIRF", "X": -80.066705, "Y": -3.55939, "CANTON": "ARENILLAS", "NOMBRE": "HERRERA CANGO AMADO JULIO" }, "geometry": { "type": "Point", "coordinates": [ -80.06670455201774, -3.559389673582182 ] } },
{ "type": "Feature", "properties": { "CI": "919991190", "GENERO": "MUJER", "PROVINCIA": "LOS RIOS", "PARROQUIA": "MOCACHE", "SECTOR": "URBANO", "PLANIFICAC": "613 BIRF", "X": -79.624019, "Y": -1.194078, "CANTON": "MOCACHE", "NOMBRE": "MONTOYA MEDINA CELIA JULIA" }, "geometry": { "type": "Point", "coordinates": [ -79.624019097606975, -1.194077977450303 ] } },
{ "type": "Feature", "properties": { "CI": "401889092", "GENERO": "MUJER", "PROVINCIA": "CARCHI", "PARROQUIA": "LA PAZ", "SECTOR": "URBANO", "PLANIFICAC": "613 BIRF", "X": -77.822318, "Y": 0.500775, "CANTON": "MONTUFAR", "NOMBRE": "AREVALO DE LA CRUZ KATHERINE ESTEFANIA" }, "geometry": { "type": "Point", "coordinates": [ -77.822318478702499, 0.500775127470388 ] } },
{ "type": "Feature", "properties": { "CI": "2100454442", "GENERO": "MUJER", "PROVINCIA": "SUCUMBIOS", "PARROQUIA": "7 DE JULIO", "SECTOR": "URBANO", "PLANIFICAC": "613 BIRF", "X": -76.782134, "Y": -0.188545, "CANTON": "SHUSHUFINDI", "NOMBRE": "RAMIREZ VARGAS LORENA JAQUELINE" }, "geometry": { "type": "Point", "coordinates": [ -76.782133784168849, -0.188544665191695 ] } },
{ "type": "Feature", "properties": { "CI": "1314295351", "GENERO": "MUJER", "PROVINCIA": "GUAYAS", "PARROQUIA": "ENGABAO", "SECTOR": "URBANO", "PLANIFICAC": "613 BIRF", "X": -80.47929, "Y": -2.566518, "CANTON": "PLAYAS", "NOMBRE": "GUERRERO INTRIAGO ANA JULIA" }, "geometry": { "type": "Point", "coordinates": [ -80.479290470831572, -2.566517674353126 ] } },
{ "type": "Feature", "properties": { "CI": "401472006", "GENERO": "MUJER", "PROVINCIA": "CARCHI", "PARROQUIA": "TULCAN", "SECTOR": "URBANO", "PLANIFICAC": "613 BIRF", "X": -77.738836, "Y": 0.792487, "CANTON": "TULCAN", "NOMBRE": "VALLEJO LAGOS LUCIA DEL ROSARIO" }, "geometry": { "type": "Point", "coordinates": [ -77.738836452850251, 0.792486628317095 ] } },
{ "type": "Feature", "properties": { "CI": "1500521230", "GENERO": "MUJER", "PROVINCIA": "ORELLANA", "PARROQUIA": "EL COCA FLOR DEL PANTANO", "SECTOR": "URBANO", "PLANIFICAC": "613 BIRF", "X": -76.726537, "Y": -0.441851, "CANTON": "FRANCISCO DE ORELLANA", "NOMBRE": "YANANGOMEZ TEJEDOR CLARA LORENA" }, "geometry": { "type": "Point", "coordinates": [ -76.726537122106279, -0.441851478864562 ] } },
{ "type": "Feature", "properties": { "CI": "929148112", "GENERO": "MUJER", "PROVINCIA": "GUAYAS", "PARROQUIA": "BALZAR", "SECTOR": "URBANO", "PLANIFICAC": "613 BIRF", "X": -79.892771, "Y": -1.361905, "CANTON": "BALZAR", "NOMBRE": "MACIAS MACIAS CRISTINA ISABEL" }, "geometry": { "type": "Point", "coordinates": [ -79.892771042046874, -1.361905016524642 ] } },
{ "type": "Feature", "properties": { "CI": "1500401334", "GENERO": "MUJER", "PROVINCIA": "EL ORO", "PARROQUIA": "SANTA ROSA", "SECTOR": "URBANO", "PLANIFICAC": "613 BIRF", "X": -79.963266, "Y": -3.483866, "CANTON": "SANTA ROSA", "NOMBRE": "CORDOVA SEVERINO ALICIA CARMEN" }, "geometry": { "type": "Point", "coordinates": [ -79.963266401689225, -3.483866475869017 ] } },
{ "type": "Feature", "properties": { "CI": "915099295", "GENERO": "HOMBRE", "PROVINCIA": "SANTA ELENA", "PARROQUIA": "JOSE LUIS TAMAYO", "SECTOR": "URBANO", "PLANIFICAC": "613 BIRF", "X": -80.938214, "Y": -2.23993, "CANTON": "SALINAS", "NOMBRE": "GONZÁLEZ MORA RAÚL EDUARDO" }, "geometry": { "type": "Point", "coordinates": [ -80.938214162810084, -2.23993020696719 ] } },
{ "type": "Feature", "properties": { "CI": "702950908", "GENERO": "HOMBRE", "PROVINCIA": "EL ORO", "PARROQUIA": "ARENILLAS", "SECTOR": "URBANO", "PLANIFICAC": "613 BIRF", "X": -80.075466, "Y": -3.548553, "CANTON": "ARENILLAS", "NOMBRE": "PEÑAFIEL VALDIVIEZO BRUNO ALEXANDER" }, "geometry": { "type": "Point", "coordinates": [ -80.075466080776906, -3.548552635399597 ] } },
{ "type": "Feature", "properties": { "CI": "940104029", "GENERO": "MUJER", "PROVINCIA": "GUAYAS", "PARROQUIA": "JUJAN", "SECTOR": "URBANO", "PLANIFICAC": "613 BIRF", "X": -79.566767, "Y": -1.991294, "CANTON": "ALFREDO BAQUERIZO MORENO (JUJAN)", "NOMBRE": "SEGURA MEDINA KARINA ELIZABETH" }, "geometry": { "type": "Point", "coordinates": [ -79.566766828314456, -1.991294043026279 ] } },
{ "type": "Feature", "properties": { "CI": "201915097", "GENERO": "HOMBRE", "PROVINCIA": "LOS RIOS", "PARROQUIA": "LA ESMERALDA", "SECTOR": "URBANO", "PLANIFICAC": "613 BIRF", "X": -79.276135, "Y": -1.702837, "CANTON": "MONTALVO", "NOMBRE": "VARGAS GUAMAN GERARDO NAPOLEON" }, "geometry": { "type": "Point", "coordinates": [ -79.276134533391811, -1.702837412726662 ] } },
{ "type": "Feature", "properties": { "CI": "911979102", "GENERO": "MUJER", "PROVINCIA": "LOS RIOS", "PARROQUIA": "QUEVEDO", "SECTOR": "URBANO", "PLANIFICAC": "613 BIRF", "X": -79.458761, "Y": -1.040694, "CANTON": "QUEVEDO", "NOMBRE": "RAMOS AVILES ALIDA ALEJANDRINA" }, "geometry": { "type": "Point", "coordinates": [ -79.45876119207071, -1.04069414788529 ] } },
{ "type": "Feature", "properties": { "CI": "1802972818", "GENERO": "MUJER", "PROVINCIA": "BOLIVAR", "PARROQUIA": "CALUMA", "SECTOR": "URBANO", "PLANIFICAC": "613 BIRF", "X": -79.248585, "Y": -1.628081, "CANTON": "CALUMA", "NOMBRE": "MALDONADO CABRERA SILVIA KATIUSKA" }, "geometry": { "type": "Point", "coordinates": [ -79.248584928000668, -1.628081159141745 ] } },
{ "type": "Feature", "properties": { "CI": "705375160", "GENERO": "MUJER", "PROVINCIA": "EL ORO", "PARROQUIA": "ARENILLAS", "SECTOR": "URBANO", "PLANIFICAC": "613 BIRF", "X": -80.083658, "Y": -3.549022, "CANTON": "ARENILLAS", "NOMBRE": "CASTILLO QUISHPI YOSELIN LISSETH" }, "geometry": { "type": "Point", "coordinates": [ -80.083658106742732, -3.549022156820041 ] } },
{ "type": "Feature", "properties": { "CI": "1202429559", "GENERO": "MUJER", "PROVINCIA": "LOS RIOS", "PARROQUIA": "MONTALVO", "SECTOR": "URBANO", "PLANIFICAC": "613 BIRF", "X": -79.298096, "Y": -1.785042, "CANTON": "MONTALVO", "NOMBRE": "GARCIA GUERRERO EVA SEBASTIANA" }, "geometry": { "type": "Point", "coordinates": [ -79.2980959412901, -1.78504182655989 ] } },
{ "type": "Feature", "properties": { "CI": "1200948519", "GENERO": "HOMBRE", "PROVINCIA": "SUCUMBIOS", "PARROQUIA": "NUEVA LOJA", "SECTOR": "URBANO", "PLANIFICAC": "613 BIRF", "X": -76.898201, "Y": 0.09017, "CANTON": "LAGO AGRIO", "NOMBRE": "FAJARDO SALAZAR FRANCISCO JESUS" }, "geometry": { "type": "Point", "coordinates": [ -76.898201082786386, 0.090169893322244 ] } },
{ "type": "Feature", "properties": { "CI": "2100315361", "GENERO": "MUJER", "PROVINCIA": "SUCUMBIOS", "PARROQUIA": "NUEVA LOJA", "SECTOR": "URBANO", "PLANIFICAC": "613 BIRF", "X": -76.913829, "Y": 0.067582, "CANTON": "LAGO AGRIO", "NOMBRE": "CHOAPANTA CARPIO ANGELICA FERNANDA" }, "geometry": { "type": "Point", "coordinates": [ -76.913829211106204, 0.067581575563059 ] } },
{ "type": "Feature", "properties": { "CI": "704348838", "GENERO": "MUJER", "PROVINCIA": "EL ORO", "PARROQUIA": "UNION LOJANA", "SECTOR": "URBANO", "PLANIFICAC": "613 BIRF", "X": -80.201227, "Y": -3.475207, "CANTON": "HUAQUILLAS", "NOMBRE": "GARCIA CORDOVA DIANA MAYERSI" }, "geometry": { "type": "Point", "coordinates": [ -80.201226582036256, -3.475206933358101 ] } },
{ "type": "Feature", "properties": { "CI": "705028736", "GENERO": "MUJER", "PROVINCIA": "EL ORO", "PARROQUIA": "ARENILLAS", "SECTOR": "URBANO", "PLANIFICAC": "613 BIRF", "X": -80.079796, "Y": -3.548656, "CANTON": "ARENILLAS", "NOMBRE": "CASTILLO SANCHEZ MIRIAM ALEXANDRA" }, "geometry": { "type": "Point", "coordinates": [ -80.079796291094382, -3.548656474837109 ] } },
{ "type": "Feature", "properties": { "CI": "2100456207", "GENERO": "MUJER", "PROVINCIA": "SUCUMBIOS", "PARROQUIA": "SANTA CECILIA", "SECTOR": "URBANO", "PLANIFICAC": "613 BIRF", "X": -76.948976, "Y": 0.095927, "CANTON": "LAGO AGRIO", "NOMBRE": "CAMPOVERDE ACARO BETTY MIRIAM" }, "geometry": { "type": "Point", "coordinates": [ -76.948975637447603, 0.095926976755827 ] } },
{ "type": "Feature", "properties": { "CI": "401790811", "GENERO": "MUJER", "PROVINCIA": "CARCHI", "PARROQUIA": "BOLIVAR", "SECTOR": "URBANO", "PLANIFICAC": "613 BIRF", "X": -77.870464, "Y": 0.577166, "CANTON": "BOLIVAR", "NOMBRE": "GUERRON GUERRON  JOSSELINE ALEXANDRA" }, "geometry": { "type": "Point", "coordinates": [ -77.870463678172371, 0.577165780262565 ] } },
{ "type": "Feature", "properties": { "CI": "1307748945", "GENERO": "MUJER", "PROVINCIA": "MANABI", "PARROQUIA": "PORTOVIEJO", "SECTOR": "URBANO", "PLANIFICAC": "613 BIRF", "X": -80.649956, "Y": -0.95327, "CANTON": "PORTOVIEJO", "NOMBRE": "ROSALES MONCAYO MARTHA" }, "geometry": { "type": "Point", "coordinates": [ -80.649956198118218, -0.953269511733475 ] } },
{ "type": "Feature", "properties": { "CI": "2100584248", "GENERO": "FEMENINO", "PROVINCIA": "SUCUMBIOS", "PARROQUIA": "SHUSHSUFINDI", "SECTOR": "URBANO", "PLANIFICAC": "613 BIRF", "X": -76.677999, "Y": -0.201795, "CANTON": "SHUSHUFINDI", "NOMBRE": "COELLO MALLA ADRIANA JESSENIA" }, "geometry": { "type": "Point", "coordinates": [ -76.677999049879659, -0.201794637110161 ] } },
{ "type": "Feature", "properties": { "CI": "1206728964", "GENERO": "MUJER", "PROVINCIA": "BOLIVAR", "PARROQUIA": "LAS NAVES", "SECTOR": "URBANO", "PLANIFICAC": "613 BIRF", "X": -79.269837, "Y": -1.260212, "CANTON": "LAS NAVES", "NOMBRE": "MAGARISCA SANGACHA ROSA ANA" }, "geometry": { "type": "Point", "coordinates": [ -79.269836963597385, -1.260211771783361 ] } },
{ "type": "Feature", "properties": { "CI": "2200272900", "GENERO": "MUJER", "PROVINCIA": "ORELLANA", "PARROQUIA": "EL COCA NUEVO COCA", "SECTOR": "URBANO", "PLANIFICAC": "613 BIRF", "X": -76.723896, "Y": -0.451694, "CANTON": "FRANCISCO DE ORELLANA", "NOMBRE": "GARCIA LUMBI MARIA CRISTINA" }, "geometry": { "type": "Point", "coordinates": [ -76.723896460017798, -0.451693532470862 ] } },
{ "type": "Feature", "properties": { "CI": "1202357925", "GENERO": "HOMBRE", "PROVINCIA": "GUAYAS", "PARROQUIA": "JUJAN", "SECTOR": "URBANO", "PLANIFICAC": "613 BIRF", "X": -79.526822, "Y": -1.96712, "CANTON": "ALFREDO BAQUERIZO MORENO (JUJAN)", "NOMBRE": "MORAN SOTO OPLIMPIO NICOMEDES" }, "geometry": { "type": "Point", "coordinates": [ -79.526822023556193, -1.967119641085869 ] } },
{ "type": "Feature", "properties": { "CI": "1204623928", "GENERO": "MUJER", "PROVINCIA": "LOS RIOS", "PARROQUIA": "QUEVEDO", "SECTOR": "URBANO", "PLANIFICAC": "613 BIRF", "X": -79.458761, "Y": -1.040694, "CANTON": "QUEVEDO", "NOMBRE": "ANCHUNDIA IBARRA NARCISA JESUS" }, "geometry": { "type": "Point", "coordinates": [ -79.45876119207071, -1.04069414788529 ] } },
{ "type": "Feature", "properties": { "CI": "201973690", "GENERO": "MUJER", "PROVINCIA": "CARCHI", "PARROQUIA": "BOLIVAR", "SECTOR": "URBANO", "PLANIFICAC": "613 BIRF", "X": -77.863552, "Y": 0.581277, "CANTON": "BOLIVAR", "NOMBRE": "CARGUACHI LASINQUIZA  MARITZA ESTEFANIA" }, "geometry": { "type": "Point", "coordinates": [ -77.86355168237391, 0.581276777407539 ] } },
{ "type": "Feature", "properties": { "CI": "401697222", "GENERO": "HOMBRE", "PROVINCIA": "CARCHI", "PARROQUIA": "LA LIBERTAD", "SECTOR": "URBANO", "PLANIFICAC": "613 BIRF", "X": -77.955804, "Y": 0.648664, "CANTON": "ESPEJO", "NOMBRE": "ENRIQUEZ CADENA FAUSTO VINICIO" }, "geometry": { "type": "Point", "coordinates": [ -77.955804232945084, 0.64866359424447 ] } },
{ "type": "Feature", "properties": { "CI": "912993060", "GENERO": "MUJER", "PROVINCIA": "LOS RIOS", "PARROQUIA": "BABAHOYO", "SECTOR": "URBANO", "PLANIFICAC": "613 BIRF", "X": -79.540161, "Y": -1.79463, "CANTON": "BABAHOYO", "NOMBRE": "ICAZA LARA ANA ROCIO" }, "geometry": { "type": "Point", "coordinates": [ -79.5401613505162, -1.794630152541233 ] } },
{ "type": "Feature", "properties": { "CI": "1401279094", "GENERO": "MUJER", "PROVINCIA": "MORONA SANTIAGO", "PARROQUIA": "LOGRO�O", "SECTOR": "URBANO", "PLANIFICAC": "613 BIRF", "X": -78.200439, "Y": -2.619481, "CANTON": "LOGRO�O", "NOMBRE": "BUENO GALLARDO WENDY KASANDRA" }, "geometry": { "type": "Point", "coordinates": [ -78.200439062002999, -2.619481018155963 ] } },
{ "type": "Feature", "properties": { "CI": "928135649", "GENERO": "MUJER", "PROVINCIA": "GUAYAS", "PARROQUIA": "PEDRO CARBO", "SECTOR": "URBANO", "PLANIFICAC": "613 BIRF", "X": -80.239447, "Y": -1.811983, "CANTON": "PEDRO CARBO", "NOMBRE": "SALAZAR MEDINA LILIANA NATHALY" }, "geometry": { "type": "Point", "coordinates": [ -80.239446713417678, -1.811983106710178 ] } },
{ "type": "Feature", "properties": { "CI": "1204775371", "GENERO": "MUJER", "PROVINCIA": "LOS RIOS", "PARROQUIA": "BABAHOYO", "SECTOR": "URBANO", "PLANIFICAC": "613 BIRF", "X": -79.562592, "Y": -1.889406, "CANTON": "BABAHOYO", "NOMBRE": "SANCHEZ AMAIQUEMA PATRICIA ROCIO" }, "geometry": { "type": "Point", "coordinates": [ -79.562591935874366, -1.889405783435058 ] } },
{ "type": "Feature", "properties": { "CI": "1850154962", "GENERO": "HOMBRE", "PROVINCIA": "LOS RIOS", "PARROQUIA": "QUEVEDO", "SECTOR": "URBANO", "PLANIFICAC": "613 BIRF", "X": -79.495705, "Y": -1.0641, "CANTON": "QUEVEDO", "NOMBRE": "VILLACIS TARIRA HENRY MATIAS" }, "geometry": { "type": "Point", "coordinates": [ -79.495705390638776, -1.064100264714356 ] } },
{ "type": "Feature", "properties": { "CI": "929346625", "GENERO": "HOMBRE", "PROVINCIA": "GUAYAS", "PARROQUIA": "ENGABAO", "SECTOR": "URBANO", "PLANIFICAC": "613 BIRF", "X": -80.479353, "Y": -2.567033, "CANTON": "PLAYAS", "NOMBRE": "LINDAO TOMALA JOSE GILBERTO" }, "geometry": { "type": "Point", "coordinates": [ -80.47935322952641, -2.567033365185016 ] } },
{ "type": "Feature", "properties": { "CI": "2200370878", "GENERO": "MUJER", "PROVINCIA": "ORELLANA", "PARROQUIA": "EL COCA NUEVO COCA", "SECTOR": "URBANO", "PLANIFICAC": "613 BIRF", "X": -76.728718, "Y": -0.455805, "CANTON": "FRANCISCO DE ORELLANA", "NOMBRE": "VERDUGA RAMIREZ MARIA ESTHER" }, "geometry": { "type": "Point", "coordinates": [ -76.72871786095665, -0.455804746310343 ] } },
{ "type": "Feature", "properties": { "CI": "1101044350", "GENERO": "HOMBRE", "PROVINCIA": "EL ORO", "PARROQUIA": "ARENILLAS", "SECTOR": "URBANO", "PLANIFICAC": "613 BIRF", "X": -80.064147, "Y": -3.569147, "CANTON": "ARENILLAS", "NOMBRE": "GONZALEZ GRANDA MIGUEL EVANGELISTA" }, "geometry": { "type": "Point", "coordinates": [ -80.064146896271794, -3.569147442794478 ] } },
{ "type": "Feature", "properties": { "CI": "1715171557", "GENERO": "MUJER", "PROVINCIA": "LOS RIOS", "PARROQUIA": "QUEVEDO", "SECTOR": "URBANO", "PLANIFICAC": "613 BIRF", "X": -79.509861, "Y": -1.056194, "CANTON": "QUEVEDO", "NOMBRE": "CHICAIZA ROMERO CLAUDIA MERCEDES" }, "geometry": { "type": "Point", "coordinates": [ -79.509860861438952, -1.056193501996077 ] } },
{ "type": "Feature", "properties": { "CI": "705160570", "GENERO": "MUJER", "PROVINCIA": "EL ORO", "PARROQUIA": "ARENILLAS", "SECTOR": "URBANO", "PLANIFICAC": "613 BIRF", "X": -80.059561, "Y": -3.563462, "CANTON": "ARENILLAS", "NOMBRE": "CACAY PRADO RUTH AMPARO" }, "geometry": { "type": "Point", "coordinates": [ -80.059561200356598, -3.563462018104597 ] } },
{ "type": "Feature", "properties": { "CI": "1204678062", "GENERO": "MUJER", "PROVINCIA": "LOS RIOS", "PARROQUIA": "VALENCIA", "SECTOR": "URBANO", "PLANIFICAC": "613 BIRF", "X": -79.318521, "Y": -0.949655, "CANTON": "VALENCIA", "NOMBRE": "MOYANO LUCAS DOMINGA MERCEDES" }, "geometry": { "type": "Point", "coordinates": [ -79.318521106403892, -0.949654801747259 ] } },
{ "type": "Feature", "properties": { "CI": "1204755068", "GENERO": "HOMBRE", "PROVINCIA": "LOS RIOS", "PARROQUIA": "QUEVEDO", "SECTOR": "URBANO", "PLANIFICAC": "613 BIRF", "X": -79.469099, "Y": -1.049752, "CANTON": "QUEVEDO", "NOMBRE": "VERA ZORRILLA BYRON ALBERTO" }, "geometry": { "type": "Point", "coordinates": [ -79.469098506121966, -1.049752294315628 ] } },
{ "type": "Feature", "properties": { "CI": "907079073", "GENERO": "MUJER", "PROVINCIA": "MANABI", "PARROQUIA": "PUERTO LOPEZ", "SECTOR": "URBANO", "PLANIFICAC": "613 BIRF", "X": -80.804075, "Y": -1.539109, "CANTON": "PUERTO LOPEZ", "NOMBRE": "MORAN PALMA ROSARIO NARCISA" }, "geometry": { "type": "Point", "coordinates": [ -80.804074793001547, -1.539109448607745 ] } },
{ "type": "Feature", "properties": { "CI": "957080856", "GENERO": "HOMBRE", "PROVINCIA": "GUAYAS", "PARROQUIA": "ENGABAO", "SECTOR": "URBANO", "PLANIFICAC": "613 BIRF", "X": -80.479371, "Y": -2.566563, "CANTON": "PLAYAS", "NOMBRE": "MARTINEZ MACIAS ANTHONY YANDRI" }, "geometry": { "type": "Point", "coordinates": [ -80.479371410561512, -2.566562941263898 ] } },
{ "type": "Feature", "properties": { "CI": "751094277", "GENERO": "MUJER", "PROVINCIA": "EL ORO", "PARROQUIA": "SANTA ROSA", "SECTOR": "URBANO", "PLANIFICAC": "613 BIRF", "X": -79.971615, "Y": -3.471945, "CANTON": "SANTA ROSA", "NOMBRE": "CABRERA VILLAVICENCIO KRISTHEL SCARLET" }, "geometry": { "type": "Point", "coordinates": [ -79.971615001056733, -3.471944619050084 ] } },
{ "type": "Feature", "properties": { "CI": "1802554913", "GENERO": "FEMENINO", "PROVINCIA": "SUCUMBIOS", "PARROQUIA": "SANTA CECILIA", "SECTOR": "URBANO", "PLANIFICAC": "613 BIRF", "X": -76.950512, "Y": 0.098992, "CANTON": "LAGO AGRIO", "NOMBRE": "LESCANO CORDONES HILDA MARINA" }, "geometry": { "type": "Point", "coordinates": [ -76.950511638877728, 0.098992176104655 ] } },
{ "type": "Feature", "properties": { "CI": "2100363221", "GENERO": "MUJER", "PROVINCIA": "SUCUMBIOS", "PARROQUIA": "NUEVA LOJA", "SECTOR": "URBANO", "PLANIFICAC": "613 BIRF", "X": -76.912536, "Y": 0.068323, "CANTON": "LAGO AGRIO", "NOMBRE": "CHUCUYAN TAPIA HILDA ALBERTINA" }, "geometry": { "type": "Point", "coordinates": [ -76.912535859090895, 0.068323160353629 ] } },
{ "type": "Feature", "properties": { "CI": "916980238", "GENERO": "HOMBRE", "PROVINCIA": "SANTA ELENA", "PARROQUIA": "LA LIBERTAD", "SECTOR": "URBANO", "PLANIFICAC": "613 BIRF", "X": -80.884515, "Y": -2.226166, "CANTON": "LA LIBERTAD", "NOMBRE": "SEGURA GARCÍA FELIX GABRIEL" }, "geometry": { "type": "Point", "coordinates": [ -80.884514677115604, -2.226166214518322 ] } },
{ "type": "Feature", "properties": { "CI": "926753948", "GENERO": "MUJER", "PROVINCIA": "SANTA ELENA", "PARROQUIA": "LA LIBERTAD", "SECTOR": "URBANO", "PLANIFICAC": "613 BIRF", "X": -80.913509, "Y": -2.245511, "CANTON": "LA LIBERTAD", "NOMBRE": "CEDEÑO CRUEL LUCRECIA AUXILIADORA" }, "geometry": { "type": "Point", "coordinates": [ -80.913508509923659, -2.24551105039501 ] } },
{ "type": "Feature", "properties": { "CI": "1900677889", "GENERO": "MUJER", "PROVINCIA": "ZAMORA CHINCHIPE", "PARROQUIA": "ZURMI", "SECTOR": "URBANO", "PLANIFICAC": "613 BIRF", "X": -78.663628, "Y": -4.101507, "CANTON": "NANGARITZA", "NOMBRE": "REATEGUI PARDO NANCY ALEXANDRA" }, "geometry": { "type": "Point", "coordinates": [ -78.663627583921709, -4.101507479374884 ] } },
{ "type": "Feature", "properties": { "CI": "940071400", "GENERO": "MUJER", "PROVINCIA": "GUAYAS", "PARROQUIA": "ENGABAO", "SECTOR": "URBANO", "PLANIFICAC": "613 BIRF", "X": -80.479389, "Y": -2.566898, "CANTON": "PLAYAS", "NOMBRE": "LAINES TOMALA JAMELEXY SOLANGE" }, "geometry": { "type": "Point", "coordinates": [ -80.479389265799895, -2.566897678580422 ] } },
{ "type": "Feature", "properties": { "CI": "2200035885", "GENERO": "MUJER", "PROVINCIA": "ORELLANA", "PARROQUIA": "EL COCA TURISMO ECOLOGICO", "SECTOR": "URBANO", "PLANIFICAC": "613 BIRF", "X": -76.714959, "Y": -0.461147, "CANTON": "FRANCISCO DE ORELLANA", "NOMBRE": "MALA PALADINES MARIA FERNANDA" }, "geometry": { "type": "Point", "coordinates": [ -76.714958639197619, -0.461147001490098 ] } },
{ "type": "Feature", "properties": { "CI": "202053591", "GENERO": "MUJER", "PROVINCIA": "BOLIVAR", "PARROQUIA": "SAN JOSE DE CHIMBO", "SECTOR": "URBANO", "PLANIFICAC": "613 BIRF", "X": -79.023375, "Y": -1.647077, "CANTON": "CHIMBO", "NOMBRE": "CHICO GALLO GUISELA LISSETH" }, "geometry": { "type": "Point", "coordinates": [ -79.023375020079243, -1.647076729034386 ] } },
{ "type": "Feature", "properties": { "CI": "940071236", "GENERO": "HOMBRE", "PROVINCIA": "GUAYAS", "PARROQUIA": "ENGABAO", "SECTOR": "URBANO", "PLANIFICAC": "613 BIRF", "X": -80.479623, "Y": -2.567024, "CANTON": "PLAYAS", "NOMBRE": "MEJILLON LINDAO ANGELLO GABRIEL" }, "geometry": { "type": "Point", "coordinates": [ -80.479623093405166, -2.567024428861948 ] } },
{ "type": "Feature", "properties": { "CI": "2200158927", "GENERO": "MUJER", "PROVINCIA": "ORELLANA", "PARROQUIA": "EL COCA EL DORADO", "SECTOR": "URBANO", "PLANIFICAC": "613 BIRF", "X": -76.664732, "Y": -0.500794, "CANTON": "FRANCISCO DE ORELLANA", "NOMBRE": "CERDA GONZALES KARINA LEONORA" }, "geometry": { "type": "Point", "coordinates": [ -76.664731883753419, -0.500793501093504 ] } },
{ "type": "Feature", "properties": { "CI": "1309719225", "GENERO": "MUJER", "PROVINCIA": "EL ORO", "PARROQUIA": "ARENILLAS", "SECTOR": "URBANO", "PLANIFICAC": "613 BIRF", "X": -80.079466, "Y": -3.546232, "CANTON": "ARENILLAS", "NOMBRE": "VAQUE GONZALEZ MARIA PRISCILA" }, "geometry": { "type": "Point", "coordinates": [ -80.079465588916534, -3.546231870189837 ] } },
{ "type": "Feature", "properties": { "CI": "913912408", "GENERO": "MUJER", "PROVINCIA": "SANTA ELENA", "PARROQUIA": "CARLOS ESPINOZA LARREA", "SECTOR": "URBANO", "PLANIFICAC": "613 BIRF", "X": -80.96471, "Y": -2.215368, "CANTON": "SALINAS", "NOMBRE": "ESCANDÓN SÁNCHEZ MARÍA ALEXANDRA" }, "geometry": { "type": "Point", "coordinates": [ -80.964709804810994, -2.215368010131259 ] } },
{ "type": "Feature", "properties": { "CI": "201972494", "GENERO": "MUJER", "PROVINCIA": "BOLIVAR", "PARROQUIA": "CALUMA", "SECTOR": "URBANO", "PLANIFICAC": "613 BIRF", "X": -79.247541, "Y": -1.633037, "CANTON": "CALUMA", "NOMBRE": "CHELA TOALOMBO BLANCA MORAYMA" }, "geometry": { "type": "Point", "coordinates": [ -79.247541395054142, -1.633036707692398 ] } },
{ "type": "Feature", "properties": { "CI": "1311277543", "GENERO": "MUJER", "PROVINCIA": "LOS RIOS", "PARROQUIA": "VALENCIA", "SECTOR": "URBANO", "PLANIFICAC": "613 BIRF", "X": -79.335087, "Y": -0.951472, "CANTON": "VALENCIA", "NOMBRE": "PARRAGA FLORES MARIA SORAIDA" }, "geometry": { "type": "Point", "coordinates": [ -79.335086949453554, -0.951471564074126 ] } },
{ "type": "Feature", "properties": { "CI": "707331575", "GENERO": "HOMBRE", "PROVINCIA": "EL ORO", "PARROQUIA": "ECUADOR", "SECTOR": "URBANO", "PLANIFICAC": "613 BIRF", "X": -80.222559, "Y": -3.467671, "CANTON": "HUAQUILLAS", "NOMBRE": "ULLAURI QUEZADA ISAAC DANIEL" }, "geometry": { "type": "Point", "coordinates": [ -80.222559291063021, -3.467671274124061 ] } },
{ "type": "Feature", "properties": { "CI": "201686904", "GENERO": "MUJER", "PROVINCIA": "BOLIVAR", "PARROQUIA": "CHILLANES", "SECTOR": "URBANO", "PLANIFICAC": "613 BIRF", "X": -79.052454, "Y": -1.93681, "CANTON": "CHILLANES", "NOMBRE": "LEMA PAGUAY ANA MARIA" }, "geometry": { "type": "Point", "coordinates": [ -79.052454324500602, -1.936810110404193 ] } },
{ "type": "Feature", "properties": { "CI": "502077449", "GENERO": "MUJER", "PROVINCIA": "LOS RIOS", "PARROQUIA": "QUEVEDO", "SECTOR": "URBANO", "PLANIFICAC": "613 BIRF", "X": -79.473622, "Y": -0.983923, "CANTON": "QUEVEDO", "NOMBRE": "ELAJE TROYA ALEXANDRA ISABEL" }, "geometry": { "type": "Point", "coordinates": [ -79.473621946256102, -0.983922842575675 ] } },
{ "type": "Feature", "properties": { "CI": "1306893072", "GENERO": "HOMBRE", "PROVINCIA": "MANABI", "PARROQUIA": "ROCAFUERTE", "SECTOR": "URBANO", "PLANIFICAC": "613 BIRF", "X": -80.491188, "Y": -0.910898, "CANTON": "ROCAFUERTE", "NOMBRE": "VELEZ VILLAMAR ORLANDO DANILO" }, "geometry": { "type": "Point", "coordinates": [ -80.491188000777839, -0.910897997054753 ] } },
{ "type": "Feature", "properties": { "CI": "919609891", "GENERO": "RURAL", "PROVINCIA": "GUAYAS", "PARROQUIA": "P.CARBO", "SECTOR": "URBANO", "PLANIFICAC": "613 BIRF", "X": -80.191556, "Y": -1.747046, "CANTON": "GUAYAQUIL", "NOMBRE": "HOLGUIN MORAN KLEBER JOVANNY" }, "geometry": { "type": "Point", "coordinates": [ -80.191556340038545, -1.747045842009947 ] } },
{ "type": "Feature", "properties": { "CI": "2100602610", "GENERO": "MUJER", "PROVINCIA": "SUCUMBIOS", "PARROQUIA": "SHUSHUFINDI", "SECTOR": "URBANO", "PLANIFICAC": "613 BIRF", "X": -76.636946, "Y": -0.196481, "CANTON": "SHUSHUFINDI", "NOMBRE": "DUEÑAS ZAMBRANO ALICIA MARIA" }, "geometry": { "type": "Point", "coordinates": [ -76.636946138233114, -0.196481178568425 ] } },
{ "type": "Feature", "properties": { "CI": "927390054", "GENERO": "MUJER", "PROVINCIA": "GUAYAS", "PARROQUIA": "ENGABAO", "SECTOR": "URBANO", "PLANIFICAC": "613 BIRF", "X": -80.478689, "Y": -2.563432, "CANTON": "PLAYAS", "NOMBRE": "LINDAO VERA SONIA MARISABEL" }, "geometry": { "type": "Point", "coordinates": [ -80.478689032329825, -2.563432484162064 ] } },
{ "type": "Feature", "properties": { "CI": "909844193", "GENERO": "RURAL", "PROVINCIA": "GUAYAS", "PARROQUIA": "P.CARBO", "SECTOR": "URBANO", "PLANIFICAC": "613 BIRF", "X": -80.279077, "Y": -1.787845, "CANTON": "GUAYAQUIL", "NOMBRE": "SERRANO GALARZA SANTOS EUCLIDES" }, "geometry": { "type": "Point", "coordinates": [ -80.279077143669511, -1.787845242171048 ] } },
{ "type": "Feature", "properties": { "CI": "1205917428", "GENERO": "MUJER", "PROVINCIA": "LOS RIOS", "PARROQUIA": "QUEVEDO", "SECTOR": "URBANO", "PLANIFICAC": "613 BIRF", "X": -79.452883, "Y": -1.063102, "CANTON": "QUEVEDO", "NOMBRE": "VILLACIS REINOSO MONICA ROCIO" }, "geometry": { "type": "Point", "coordinates": [ -79.452882990558507, -1.063102196143979 ] } },
{ "type": "Feature", "properties": { "CI": "1001187135", "GENERO": "HOMBRE", "PROVINCIA": "SUCUMBIOS", "PARROQUIA": "SANTA CECILIA", "SECTOR": "URBANO", "PLANIFICAC": "613 BIRF", "X": -76.95131, "Y": 0.089218, "CANTON": "LAGO AGRIO", "NOMBRE": "CARVAJAL REA ANGEL MISAEL" }, "geometry": { "type": "Point", "coordinates": [ -76.951310400183232, 0.089217658535579 ] } },
{ "type": "Feature", "properties": { "CI": "940073141", "GENERO": "MUJER", "PROVINCIA": "GUAYAS", "PARROQUIA": "ENGABAO", "SECTOR": "URBANO", "PLANIFICAC": "613 BIRF", "X": -80.482446, "Y": -2.572191, "CANTON": "PLAYAS", "NOMBRE": "RODRIGUEZ TOMALA DOMENICA DAYSS" }, "geometry": { "type": "Point", "coordinates": [ -80.482445550880897, -2.572191280966745 ] } },
{ "type": "Feature", "properties": { "CI": "2200129217", "GENERO": "MUJER", "PROVINCIA": "ORELLANA", "PARROQUIA": "LA JOYA DE LOS SACHAS/LOTIZACION SOLIDARIO 3", "SECTOR": "URBANO", "PLANIFICAC": "613 BIRF", "X": -76.935081, "Y": -0.301126, "CANTON": "LA JOYA DE LOS SACHAS", "NOMBRE": "ESPINOZA CAJAMARCA MARIUXI YULI" }, "geometry": { "type": "Point", "coordinates": [ -76.93508078595174, -0.301126179999495 ] } },
{ "type": "Feature", "properties": { "CI": "401907308", "GENERO": "MUJER", "PROVINCIA": "CARCHI", "PARROQUIA": "TULCAN", "SECTOR": "URBANO", "PLANIFICAC": "613 BIRF", "X": -77.719497, "Y": 0.80315, "CANTON": "TULCAN", "NOMBRE": "BENAVIDES CORDOVA ERIKA JACQUELINE" }, "geometry": { "type": "Point", "coordinates": [ -77.71949667313902, 0.803150037933893 ] } },
{ "type": "Feature", "properties": { "CI": "918963968", "GENERO": "MUJER", "PROVINCIA": "GUAYAS", "PARROQUIA": "BALZAR", "SECTOR": "URBANO", "PLANIFICAC": "613 BIRF", "X": -79.893148, "Y": -1.362168, "CANTON": "BALZAR", "NOMBRE": "MACIAS PLUA ANA AZUCENA" }, "geometry": { "type": "Point", "coordinates": [ -79.89314840073861, -1.362167512335152 ] } },
{ "type": "Feature", "properties": { "CI": "705988756", "GENERO": "HOMBRE", "PROVINCIA": "EL ORO", "PARROQUIA": "LA VICTORIA", "SECTOR": "URBANO", "PLANIFICAC": "613 BIRF", "X": -80.061632, "Y": -3.787174, "CANTON": "LAS LAJAS", "NOMBRE": "PARDO CORDOVA ANGEL GONZALO" }, "geometry": { "type": "Point", "coordinates": [ -80.061632154917874, -3.787174059031948 ] } },
{ "type": "Feature", "properties": { "CI": "702674979", "GENERO": "MUJER", "PROVINCIA": "EL ORO", "PARROQUIA": "LA VICTORIA", "SECTOR": "URBANO", "PLANIFICAC": "613 BIRF", "X": -80.063388, "Y": -3.787438, "CANTON": "LAS LAJAS", "NOMBRE": "VALAREZO ESPINOZA YVONNE CUMANDA" }, "geometry": { "type": "Point", "coordinates": [ -80.063387861545507, -3.787438290845823 ] } },
{ "type": "Feature", "properties": { "CI": "2100812540", "GENERO": "MUJER", "PROVINCIA": "SUCUMBIOS", "PARROQUIA": "NUEVA LOJA", "SECTOR": "URBANO", "PLANIFICAC": "613 BIRF", "X": -76.913075, "Y": 0.068793, "CANTON": "LAGO AGRIO", "NOMBRE": "VALAREZO CORREA AMANDA ELIZABETH" }, "geometry": { "type": "Point", "coordinates": [ -76.913074809094681, 0.068793274651002 ] } },
{ "type": "Feature", "properties": { "CI": "2101063846", "GENERO": "MASCULINO", "PROVINCIA": "SUCUMBIOS", "PARROQUIA": "NUEVA LOJA", "SECTOR": "URBANO", "PLANIFICAC": "613 BIRF", "X": -76.861215, "Y": 0.105182, "CANTON": "LAGO AGRIO", "NOMBRE": "VALENCIA NAVARRETE MANUEL EDUARDO" }, "geometry": { "type": "Point", "coordinates": [ -76.861215373480391, 0.105182410451779 ] } },
{ "type": "Feature", "properties": { "CI": "1710232636", "GENERO": "MUJER", "PROVINCIA": "CARCHI", "PARROQUIA": "SANTA MARTHA DE CUBA", "SECTOR": "URBANO", "PLANIFICAC": "613 BIRF", "X": -77.801579, "Y": 0.610161, "CANTON": "TULCAN", "NOMBRE": "REVELO GUAYTARILLA AURA ELISA" }, "geometry": { "type": "Point", "coordinates": [ -77.801578617598807, 0.610161463621972 ] } },
{ "type": "Feature", "properties": { "CI": "1003754601", "GENERO": "MUJER", "PROVINCIA": "ORELLANA", "PARROQUIA": "EL COCA GUADALUPE LARRIBA", "SECTOR": "URBANO", "PLANIFICAC": "613 BIRF", "X": -76.717658, "Y": -0.43354, "CANTON": "FRANCISCO DE ORELLANA", "NOMBRE": "VEGA HERRERA ELSA CARMITA" }, "geometry": { "type": "Point", "coordinates": [ -76.717658451713859, -0.433540236236199 ] } },
{ "type": "Feature", "properties": { "CI": "941568537", "GENERO": "MUJER", "PROVINCIA": "LOS RIOS", "PARROQUIA": "CHACARITA", "SECTOR": "URBANO", "PLANIFICAC": "613 BIRF", "X": -79.38167, "Y": -1.364635, "CANTON": "VENTANAS", "NOMBRE": "ZAMORA ZAMBRANO KARLA GEOMAIRA" }, "geometry": { "type": "Point", "coordinates": [ -79.381669594085196, -1.364634768683047 ] } },
{ "type": "Feature", "properties": { "CI": "2350546962", "GENERO": "MUJER", "PROVINCIA": "GUAYAS", "PARROQUIA": "ENGABAO", "SECTOR": "URBANO", "PLANIFICAC": "613 BIRF", "X": -80.479316, "Y": -2.569042, "CANTON": "PLAYAS", "NOMBRE": "ARRIAGA PILOZO GINGER DAYANA" }, "geometry": { "type": "Point", "coordinates": [ -80.479316435020934, -2.569041730116894 ] } },
{ "type": "Feature", "properties": { "CI": "1715092563", "GENERO": "MUJER", "PROVINCIA": "SUCUMBIOS", "PARROQUIA": "NUEVA LOJA", "SECTOR": "URBANO", "PLANIFICAC": "613 BIRF", "X": -76.897852, "Y": 0.097738, "CANTON": "LAGO AGRIO", "NOMBRE": "MARCILLO CARRASCO MIRIAN PATRICIA" }, "geometry": { "type": "Point", "coordinates": [ -76.897852053095377, 0.097738354979379 ] } },
{ "type": "Feature", "properties": { "CI": "1313103259", "GENERO": "MUJER", "PROVINCIA": "MANABI", "PARROQUIA": "PAJAN", "SECTOR": "URBANO", "PLANIFICAC": "613 BIRF", "X": -80.319558, "Y": -0.45705, "CANTON": "PAJAN", "NOMBRE": "LINO SEGURA RAMONA MARIUXI" }, "geometry": { "type": "Point", "coordinates": [ -80.319557883825425, -0.457050317757352 ] } },
{ "type": "Feature", "properties": { "CI": "924688641", "GENERO": "MUJER", "PROVINCIA": "SANTA ELENA", "PARROQUIA": "LA LIBERTAD", "SECTOR": "URBANO", "PLANIFICAC": "613 BIRF", "X": -80.901457, "Y": -2.244334, "CANTON": "LA LIBERTAD", "NOMBRE": "JIMENEZ ESPINALES CARMEN BENEDICTA" }, "geometry": { "type": "Point", "coordinates": [ -80.901457170522633, -2.244334152481509 ] } },
{ "type": "Feature", "properties": { "CI": "202104238", "GENERO": "MUJER", "PROVINCIA": "BOLIVAR", "PARROQUIA": "Veintimilla", "SECTOR": "URBANO", "PLANIFICAC": "613 BIRF", "X": -78.993302, "Y": -1.605898, "CANTON": "GUARANDA", "NOMBRE": "AMANGANDI CALUÑA DIANA MARIANELA" }, "geometry": { "type": "Point", "coordinates": [ -78.993302112236023, -1.605897596965723 ] } },
{ "type": "Feature", "properties": { "CI": "1002926853", "GENERO": "MUJER", "PROVINCIA": "CARCHI", "PARROQUIA": "MIRA", "SECTOR": "URBANO", "PLANIFICAC": "613 BIRF", "X": -78.066174, "Y": 0.553263, "CANTON": "MIRA", "NOMBRE": "CASTILLO CHICAIZA ANDREA IRENE" }, "geometry": { "type": "Point", "coordinates": [ -78.066173509306239, 0.55326302300045 ] } },
{ "type": "Feature", "properties": { "CI": "912304383", "GENERO": "MUJER", "PROVINCIA": "SANTA ELENA", "PARROQUIA": "LA LIBERTAD", "SECTOR": "URBANO", "PLANIFICAC": "613 BIRF", "X": -80.906269, "Y": -2.236807, "CANTON": "LA LIBERTAD", "NOMBRE": "SANCHEZ PARRALES NELLY LUISA" }, "geometry": { "type": "Point", "coordinates": [ -80.906269218417137, -2.236807231201325 ] } },
{ "type": "Feature", "properties": { "CI": "910029958", "GENERO": "MUJER", "PROVINCIA": "SANTA ELENA", "PARROQUIA": "LA LIBERTAD", "SECTOR": "URBANO", "PLANIFICAC": "613 BIRF", "X": -80.893535, "Y": -2.232428, "CANTON": "LA LIBERTAD", "NOMBRE": "RIVERA LINDAO FRANCISCA JACKELINE" }, "geometry": { "type": "Point", "coordinates": [ -80.893534680416678, -2.232427532308869 ] } },
{ "type": "Feature", "properties": { "CI": "1309578944", "GENERO": "MUJER", "PROVINCIA": "MANABI", "PARROQUIA": "TOSAGUA", "SECTOR": "URBANO", "PLANIFICAC": "613 BIRF", "X": -80.23739, "Y": -0.77346, "CANTON": "TOSAGUA", "NOMBRE": "VERDUGA PALACIOS LUPE EMPERATRIZ" }, "geometry": { "type": "Point", "coordinates": [ -80.237389997149975, -0.773460000496142 ] } },
{ "type": "Feature", "properties": { "CI": "1202211866", "GENERO": "MUJER", "PROVINCIA": "LOS RIOS", "PARROQUIA": "QUEVEDO", "SECTOR": "URBANO", "PLANIFICAC": "613 BIRF", "X": -79.491457, "Y": -1.04222, "CANTON": "QUEVEDO", "NOMBRE": "SIMON ARECHUA MAVEL MARIA" }, "geometry": { "type": "Point", "coordinates": [ -79.49145694561129, -1.042220429850911 ] } },
{ "type": "Feature", "properties": { "CI": "401879556", "GENERO": "MUJER", "PROVINCIA": "CARCHI", "PARROQUIA": "GONZALEZ SUAREZ", "SECTOR": "URBANO", "PLANIFICAC": "613 BIRF", "X": -77.799337, "Y": 0.610854, "CANTON": "MONTUFAR", "NOMBRE": "PUEDMAG TULCAN CLARA FERNANDA" }, "geometry": { "type": "Point", "coordinates": [ -77.799337162647944, 0.610854042998868 ] } },
{ "type": "Feature", "properties": { "CI": "920717717", "GENERO": "RURAL", "PROVINCIA": "GUAYAS", "PARROQUIA": "P.CARBO", "SECTOR": "URBANO", "PLANIFICAC": "613 BIRF", "X": -76.863785, "Y": -0.281122, "CANTON": "GUAYAQUIL", "NOMBRE": "PANCHANA RODRIGUEZ NELSON VICENTE" }, "geometry": { "type": "Point", "coordinates": [ -76.863785391628582, -0.281122111351016 ] } },
{ "type": "Feature", "properties": { "CI": "501495089", "GENERO": "MUJER", "PROVINCIA": "LOS RIOS", "PARROQUIA": "VALENCIA", "SECTOR": "URBANO", "PLANIFICAC": "613 BIRF", "X": -79.342558, "Y": -0.940198, "CANTON": "VALENCIA", "NOMBRE": "SANTOS RIOS NERZA LEONOR" }, "geometry": { "type": "Point", "coordinates": [ -79.342558150750889, -0.940197965895341 ] } },
{ "type": "Feature", "properties": { "CI": "924047400", "GENERO": "MUJER", "PROVINCIA": "SANTA ELENA", "PARROQUIA": "JOSE LUIS TAMAYO", "SECTOR": "URBANO", "PLANIFICAC": "613 BIRF", "X": -80.934869, "Y": -2.238917, "CANTON": "SALINAS", "NOMBRE": "MONTAÑO CORREA CAROLINA ELIZABETH" }, "geometry": { "type": "Point", "coordinates": [ -80.934868600316975, -2.23891677834004 ] } },
{ "type": "Feature", "properties": { "CI": "1202597926", "GENERO": "MUJER", "PROVINCIA": "SANTA ELENA", "PARROQUIA": "LA LIBERTAD", "SECTOR": "URBANO", "PLANIFICAC": "613 BIRF", "X": -80.908131, "Y": -2.235043, "CANTON": "LA LIBERTAD", "NOMBRE": "PITA VALAREZO MARIA ESTHER" }, "geometry": { "type": "Point", "coordinates": [ -80.908130991419029, -2.235043152665841 ] } },
{ "type": "Feature", "properties": { "CI": "301512695", "GENERO": "MUJER", "PROVINCIA": "CAÑAR", "PARROQUIA": "SUSCAL", "SECTOR": "URBANO", "PLANIFICAC": "613 BIRF", "X": -79.074058, "Y": -2.450837, "CANTON": "SUSCAL", "NOMBRE": "SUMBA MAYLLAZHUNGO MARÍA ROSA" }, "geometry": { "type": "Point", "coordinates": [ -79.074057541542075, -2.450837152083909 ] } },
{ "type": "Feature", "properties": { "CI": "504278656", "GENERO": "HOMBRE", "PROVINCIA": "LOS RIOS", "PARROQUIA": "SAN CARLOS", "SECTOR": "URBANO", "PLANIFICAC": "613 BIRF", "X": -79.437329, "Y": -1.116734, "CANTON": "QUEVEDO", "NOMBRE": "ANTE UMAJINGA LUIS ALFREDO" }, "geometry": { "type": "Point", "coordinates": [ -79.437329339805856, -1.116733657739833 ] } },
{ "type": "Feature", "properties": { "CI": "401996129", "GENERO": "MUJER", "PROVINCIA": "CARCHI", "PARROQUIA": "BOLIVAR", "SECTOR": "URBANO", "PLANIFICAC": "613 BIRF", "X": -77.88, "Y": 0.52, "CANTON": "BOLIVAR", "NOMBRE": "RECALDE MOLINA NORMA ESPERANZA" }, "geometry": { "type": "Point", "coordinates": [ -77.880000016345534, 0.519999980547343 ] } },
{ "type": "Feature", "properties": { "CI": "928418375", "GENERO": "HOMBRE", "PROVINCIA": "SANTA ELENA", "PARROQUIA": "LA LIBERTAD", "SECTOR": "URBANO", "PLANIFICAC": "613 BIRF", "X": -80.914893, "Y": -2.249239, "CANTON": "LA LIBERTAD", "NOMBRE": "GONZALEZ CHIQUITO ELVYN OSWALDO" }, "geometry": { "type": "Point", "coordinates": [ -80.914893308079925, -2.249238563688227 ] } },
{ "type": "Feature", "properties": { "CI": "915680003", "GENERO": "MUJER", "PROVINCIA": "SANTA ELENA", "PARROQUIA": "SANTA ELENA", "SECTOR": "URBANO", "PLANIFICAC": "613 BIRF", "X": -80.848351, "Y": -2.230632, "CANTON": "SANTA ELENA", "NOMBRE": "VIDAL VICENTA SEBASTIANA" }, "geometry": { "type": "Point", "coordinates": [ -80.848351497329034, -2.230632209689219 ] } },
{ "type": "Feature", "properties": { "CI": "1301091102", "GENERO": "HOMBRE", "PROVINCIA": "SANTA ELENA", "PARROQUIA": "LA LIBERTAD", "SECTOR": "URBANO", "PLANIFICAC": "613 BIRF", "X": -80.905577, "Y": -2.236708, "CANTON": "LA LIBERTAD", "NOMBRE": "SANCHEZ ENRIQUE NEMECIO" }, "geometry": { "type": "Point", "coordinates": [ -80.90557672203424, -2.23670766776527 ] } },
{ "type": "Feature", "properties": { "CI": "2450317462", "GENERO": "MUJER", "PROVINCIA": "SANTA ELENA", "PARROQUIA": "SANTA ELENA", "SECTOR": "URBANO", "PLANIFICAC": "613 BIRF", "X": -80.871817, "Y": -2.216611, "CANTON": "SANTA ELENA", "NOMBRE": "PEZO AROCA HEYDI NOEMI" }, "geometry": { "type": "Point", "coordinates": [ -80.871816722134795, -2.216611364293228 ] } },
{ "type": "Feature", "properties": { "CI": "1400951214", "GENERO": "MUJER", "PROVINCIA": "MORONA SANTIAGO", "PARROQUIA": "SUCUA", "SECTOR": "URBANO", "PLANIFICAC": "613 BIRF", "X": -78.139651, "Y": -2.470286, "CANTON": "SUCUA", "NOMBRE": "BERNAL MAICHI SONIA MARILU" }, "geometry": { "type": "Point", "coordinates": [ -78.139650927553191, -2.470286020848429 ] } },
{ "type": "Feature", "properties": { "CI": "1401016819", "GENERO": "HOMBRE", "PROVINCIA": "MORONA SANTIAGO", "PARROQUIA": "SUCUA", "SECTOR": "URBANO", "PLANIFICAC": "613 BIRF", "X": -78.143372, "Y": -2.473511, "CANTON": "SUCUA", "NOMBRE": "JIMPIKIT KUMPANAM JAIME ROLANDO" }, "geometry": { "type": "Point", "coordinates": [ -78.143372314613359, -2.473510845491934 ] } },
{ "type": "Feature", "properties": { "CI": "401764014", "GENERO": "MUJER", "PROVINCIA": "CARCHI", "PARROQUIA": "LA LIBERTAD", "SECTOR": "URBANO", "PLANIFICAC": "613 BIRF", "X": -77.937008, "Y": 0.660059, "CANTON": "ESPEJO", "NOMBRE": "OLMOS VIANA MARIA ELIZABETH" }, "geometry": { "type": "Point", "coordinates": [ -77.937007543960334, 0.660059226187306 ] } },
{ "type": "Feature", "properties": { "CI": "401010145", "GENERO": "MUJER", "PROVINCIA": "CARCHI", "PARROQUIA": "LA PAZ", "SECTOR": "URBANO", "PLANIFICAC": "613 BIRF", "X": -77.834095, "Y": 0.514288, "CANTON": "MONTUFAR", "NOMBRE": "ALDAS CERON MARIA CARMEN" }, "geometry": { "type": "Point", "coordinates": [ -77.834095010088717, 0.514288072373756 ] } },
{ "type": "Feature", "properties": { "CI": "801064452", "GENERO": "HOMBRE", "PROVINCIA": "ESMERALDAS", "PARROQUIA": "VICHE", "SECTOR": "URBANO", "PLANIFICAC": "613 BIRF", "X": -79.47, "Y": 0.635154, "CANTON": "QUININDE", "NOMBRE": "PARRAGA PARRAGA REMIGIO MARCELO" }, "geometry": { "type": "Point", "coordinates": [ -79.470000000344527, 0.635153960617175 ] } },
{ "type": "Feature", "properties": { "CI": "450061775", "GENERO": "MUJER", "PROVINCIA": "CARCHI", "PARROQUIA": "LA LIBERTAD", "SECTOR": "URBANO", "PLANIFICAC": "613 BIRF", "X": -77.941711, "Y": 0.670956, "CANTON": "ESPEJO", "NOMBRE": "QUIROZ QUELAL VERONICA JANETH" }, "geometry": { "type": "Point", "coordinates": [ -77.941711328841819, 0.670956373640184 ] } },
{ "type": "Feature", "properties": { "CI": "401892278", "GENERO": "MUJER", "PROVINCIA": "CARCHI", "PARROQUIA": "LA LIBERTAD", "SECTOR": "URBANO", "PLANIFICAC": "613 BIRF", "X": -77.938353, "Y": 0.662663, "CANTON": "ESPEJO", "NOMBRE": "MENESES CHUGA ZULIBETH ARACELLY" }, "geometry": { "type": "Point", "coordinates": [ -77.938352738551202, 0.662663295551989 ] } },
{ "type": "Feature", "properties": { "CI": "250192697", "GENERO": "MUJER", "PROVINCIA": "BOLIVAR", "PARROQUIA": "GUANUJO", "SECTOR": "URBANO", "PLANIFICAC": "613 BIRF", "X": -78.924048, "Y": -1.534429, "CANTON": "GUARANDA", "NOMBRE": "TIBANLOMBO SENALIN JENNY MARLENE" }, "geometry": { "type": "Point", "coordinates": [ -78.924048098250154, -1.534429021958231 ] } },
{ "type": "Feature", "properties": { "CI": "908755523", "GENERO": "MUJER", "PROVINCIA": "LOS RIOS", "PARROQUIA": "QUEVEDO", "SECTOR": "URBANO", "PLANIFICAC": "613 BIRF", "X": -79.475203, "Y": -1.022279, "CANTON": "QUEVEDO", "NOMBRE": "MONTIEL PALMA DORIS EVANGELINA" }, "geometry": { "type": "Point", "coordinates": [ -79.475203493562645, -1.022279440173423 ] } },
{ "type": "Feature", "properties": { "CI": "107650129", "GENERO": "MUJER", "PROVINCIA": "AZUAY", "PARROQUIA": "SAN FELIPE DE OÑA", "SECTOR": "URBANO", "PLANIFICAC": "613 BIRF", "X": -79.101251, "Y": -3.452218, "CANTON": "O�A", "NOMBRE": "GUERRERO GUERRERO LADY ALEJANDRA" }, "geometry": { "type": "Point", "coordinates": [ -79.101250764588201, -3.452218216725632 ] } },
{ "type": "Feature", "properties": { "CI": "1105579575", "GENERO": "HOMBRE", "PROVINCIA": "LOJA", "PARROQUIA": "ZAPOTLLO", "SECTOR": "URBANO", "PLANIFICAC": "613 BIRF", "X": -76.932837, "Y": -0.307334, "CANTON": "ZAPOTILLO", "NOMBRE": "GUERRERO VEGA CRISTIAN PAUL" }, "geometry": { "type": "Point", "coordinates": [ -76.932837433046544, -0.307333654242892 ] } },
{ "type": "Feature", "properties": { "CI": "202065447", "GENERO": "MUJER", "PROVINCIA": "BOLIVAR", "PARROQUIA": "Guanujo", "SECTOR": "URBANO", "PLANIFICAC": "613 BIRF", "X": -79.038474, "Y": -1.532485, "CANTON": "GUARANDA", "NOMBRE": "AUCATOMA MILAN MARIA MERCEDES" }, "geometry": { "type": "Point", "coordinates": [ -79.03847441055153, -1.53248520237129 ] } },
{ "type": "Feature", "properties": { "CI": "705676575", "GENERO": "MUJER", "PROVINCIA": "EL ORO", "PARROQUIA": "ARENILLAS", "SECTOR": "URBANO", "PLANIFICAC": "613 BIRF", "X": -80.081129, "Y": -3.548757, "CANTON": "ARENILLAS", "NOMBRE": "VICENTE IMAICELA INES RUTH" }, "geometry": { "type": "Point", "coordinates": [ -80.081128596692892, -3.548757308592273 ] } },
{ "type": "Feature", "properties": { "CI": "1312099490", "GENERO": "HOMBRE", "PROVINCIA": "MANABI", "PARROQUIA": "ROCAFUERTE", "SECTOR": "URBANO", "PLANIFICAC": "613 BIRF", "X": -80.483918, "Y": -0.947621, "CANTON": "ROCAFUERTE", "NOMBRE": "VELEZ MACIAS JOSE NILO" }, "geometry": { "type": "Point", "coordinates": [ -80.483917865983514, -0.947621310891498 ] } },
{ "type": "Feature", "properties": { "CI": "917483984", "GENERO": "MUJER", "PROVINCIA": "GUAYAS", "PARROQUIA": "PEDRO CARBO", "SECTOR": "URBANO", "PLANIFICAC": "613 BIRF", "X": -80.222965, "Y": -1.795647, "CANTON": "PEDRO CARBO", "NOMBRE": "REINA BANCHON YANETH MERIDA" }, "geometry": { "type": "Point", "coordinates": [ -80.222965250465975, -1.795647340186647 ] } },
{ "type": "Feature", "properties": { "CI": "401943758", "GENERO": "MUJER", "PROVINCIA": "CARCHI", "PARROQUIA": "GONZALEZ SUAREZ", "SECTOR": "URBANO", "PLANIFICAC": "613 BIRF", "X": -77.83, "Y": 0.570165, "CANTON": "MONTUFAR", "NOMBRE": "MENDEZ CUASQUER ANA MARIA" }, "geometry": { "type": "Point", "coordinates": [ -77.830000033872182, 0.570164831317394 ] } },
{ "type": "Feature", "properties": { "CI": "1205699901", "GENERO": "MUJER", "PROVINCIA": "LOS RIOS", "PARROQUIA": "MOCACHE", "SECTOR": "URBANO", "PLANIFICAC": "613 BIRF", "X": -79.501686, "Y": -1.125649, "CANTON": "MOCACHE", "NOMBRE": "NIVELA BUSTAMANTE VICTORIA VIRGINIA" }, "geometry": { "type": "Point", "coordinates": [ -79.50168591684762, -1.125648762204566 ] } },
{ "type": "Feature", "properties": { "CI": "302633037", "GENERO": "MUJER", "PROVINCIA": "CAÑAR", "PARROQUIA": "AZOGUES", "SECTOR": "URBANO", "PLANIFICAC": "613 BIRF", "X": -78.84099, "Y": -2.74836, "CANTON": "AZOGUES", "NOMBRE": "SUMBA SUMBA JESSICA DALILA" }, "geometry": { "type": "Point", "coordinates": [ -78.840990001336166, -2.748359981898171 ] } },
{ "type": "Feature", "properties": { "CI": "400584413", "GENERO": "HOMBRE", "PROVINCIA": "CARCHI", "PARROQUIA": "GONZALEZ SUAREZ", "SECTOR": "URBANO", "PLANIFICAC": "613 BIRF", "X": -77.719753, "Y": 0.824075, "CANTON": "TULCAN", "NOMBRE": "BENAVIDES ROSERO LUIS EDUARDO" }, "geometry": { "type": "Point", "coordinates": [ -77.719752977396851, 0.82407501421011 ] } },
{ "type": "Feature", "properties": { "CI": "1206242073", "GENERO": "MUJER", "PROVINCIA": "LOS RIOS", "PARROQUIA": "MOCACHE", "SECTOR": "URBANO", "PLANIFICAC": "613 BIRF", "X": -79.502317, "Y": -1.121344, "CANTON": "MOCACHE", "NOMBRE": "ZAMBRANO MENDEZ KARINA MAGALI" }, "geometry": { "type": "Point", "coordinates": [ -79.502317085920595, -1.121344063841845 ] } },
{ "type": "Feature", "properties": { "CI": "401903828", "GENERO": "MUJER", "PROVINCIA": "CARCHI", "PARROQUIA": "TULCAN", "SECTOR": "URBANO", "PLANIFICAC": "613 BIRF", "X": -77.740788, "Y": 0.797399, "CANTON": "TULCAN", "NOMBRE": "CORAL ARIAS SANDRA ALEJANDRINA" }, "geometry": { "type": "Point", "coordinates": [ -77.740787895879194, 0.797398822780968 ] } },
{ "type": "Feature", "properties": { "CI": "804017358", "GENERO": "HOMBRE", "PROVINCIA": "ESMERALDAS", "PARROQUIA": "VICHE", "SECTOR": "URBANO", "PLANIFICAC": "613 BIRF", "X": -79.470001, "Y": 0.634562, "CANTON": "QUININDE", "NOMBRE": "PARRAGA ROMAN CARLOS ALBERTO" }, "geometry": { "type": "Point", "coordinates": [ -79.470000803197337, 0.634562208267669 ] } },
{ "type": "Feature", "properties": { "CI": "1206405548", "GENERO": "HOMBRE", "PROVINCIA": "LOS RIOS", "PARROQUIA": "MONTALVO", "SECTOR": "URBANO", "PLANIFICAC": "613 BIRF", "X": -79.296837, "Y": -1.785683, "CANTON": "MONTALVO", "NOMBRE": "MENDOZA PAREDES PIEDAD LILIAN" }, "geometry": { "type": "Point", "coordinates": [ -79.296837158181759, -1.78568272166398 ] } },
{ "type": "Feature", "properties": { "CI": "1203639834", "GENERO": "MUJER", "PROVINCIA": "LOS RIOS", "PARROQUIA": "QUEVEDO", "SECTOR": "URBANO", "PLANIFICAC": "613 BIRF", "X": -79.450307, "Y": -1.040057, "CANTON": "QUEVEDO", "NOMBRE": "LINDAO SANCHEZ PATRICIA ELIZABETH" }, "geometry": { "type": "Point", "coordinates": [ -79.450306683173949, -1.040056900904553 ] } },
{ "type": "Feature", "properties": { "CI": "1205528969", "GENERO": "MUJER", "PROVINCIA": "LOS RIOS", "PARROQUIA": "QUEVEDO", "SECTOR": "URBANO", "PLANIFICAC": "613 BIRF", "X": -79.473856, "Y": -0.983362, "CANTON": "QUEVEDO", "NOMBRE": "MORAN ALVARADO JENNIFFER KAREN" }, "geometry": { "type": "Point", "coordinates": [ -79.473855807236873, -0.98336221869099 ] } },
{ "type": "Feature", "properties": { "CI": "705695195", "GENERO": "MUJER", "PROVINCIA": "EL ORO", "PARROQUIA": "SANTA ROSA", "SECTOR": "URBANO", "PLANIFICAC": "613 BIRF", "X": -79.929347, "Y": -3.468714, "CANTON": "SANTA ROSA", "NOMBRE": "VALDEZ IMBAQUINGO VANESSA MARGARITA" }, "geometry": { "type": "Point", "coordinates": [ -79.92934687955956, -3.468713515800407 ] } },
{ "type": "Feature", "properties": { "CI": "1713243655", "GENERO": "MUJER", "PROVINCIA": "ORELLANA", "PARROQUIA": "LA JOYA DE LOS SACHAS", "SECTOR": "URBANO", "PLANIFICAC": "613 BIRF", "X": -76.932837, "Y": -0.307334, "CANTON": "LA JOYA DE LOS SACHAS", "NOMBRE": "CHIQUIMBA IMBAQUINGO MARIA NARCISA" }, "geometry": { "type": "Point", "coordinates": [ -76.932837433046544, -0.307333654242892 ] } },
{ "type": "Feature", "properties": { "CI": "401697636", "GENERO": "MUJER", "PROVINCIA": "CARCHI", "PARROQUIA": "TULCAN", "SECTOR": "URBANO", "PLANIFICAC": "613 BIRF", "X": -77.75, "Y": 0.78603, "CANTON": "TULCAN", "NOMBRE": "POZO MASMUTA NARCIZA ROCIO" }, "geometry": { "type": "Point", "coordinates": [ -77.750000028920979, 0.786030258086755 ] } },
{ "type": "Feature", "properties": { "CI": "401533872", "GENERO": "MUJER", "PROVINCIA": "CARCHI", "PARROQUIA": "LA LIBERTAD", "SECTOR": "URBANO", "PLANIFICAC": "613 BIRF", "X": -77.946673, "Y": 0.659005, "CANTON": "ESPEJO", "NOMBRE": "ENRIQUEZ MALQUINTUS AMANDA MARISOL" }, "geometry": { "type": "Point", "coordinates": [ -77.946673408924781, 0.659005302131328 ] } },
{ "type": "Feature", "properties": { "CI": "1726269721", "GENERO": "MUJER", "PROVINCIA": "BOLIVAR", "PARROQUIA": "LAS NAVES", "SECTOR": "URBANO", "PLANIFICAC": "613 BIRF", "X": -79.305248, "Y": -1.276297, "CANTON": "LAS NAVES", "NOMBRE": "PADILLA BARCENES ALEXANDRA MARIBEL" }, "geometry": { "type": "Point", "coordinates": [ -79.30524835697156, -1.27629672131611 ] } },
{ "type": "Feature", "properties": { "CI": "1206570457", "GENERO": "MUJER", "PROVINCIA": "LOS RIOS", "PARROQUIA": "MOCACHE", "SECTOR": "URBANO", "PLANIFICAC": "613 BIRF", "X": -79.483394, "Y": -1.104078, "CANTON": "MOCACHE", "NOMBRE": "BRIONES BRIONES BELGICA VERONICA" }, "geometry": { "type": "Point", "coordinates": [ -79.483393816706027, -1.104078130552496 ] } },
{ "type": "Feature", "properties": { "CI": "1207033851", "GENERO": "MUJER", "PROVINCIA": "LOS RIOS", "PARROQUIA": "MOCACHE", "SECTOR": "URBANO", "PLANIFICAC": "613 BIRF", "X": -79.478528, "Y": -1.260746, "CANTON": "MOCACHE", "NOMBRE": "VERA BARZOLA CARMEN BEATRIZ" }, "geometry": { "type": "Point", "coordinates": [ -79.478528364550584, -1.2607459926402 ] } },
{ "type": "Feature", "properties": { "CI": "2100638473", "GENERO": "MUJER", "PROVINCIA": "SUCUMBIOS", "PARROQUIA": "SHUSHUFINDI", "SECTOR": "URBANO", "PLANIFICAC": "613 BIRF", "X": -76.575573, "Y": -0.068173, "CANTON": "SHUSHUFINDI", "NOMBRE": "MAZA LOJAN CARMEN ROCIO" }, "geometry": { "type": "Point", "coordinates": [ -76.575573460745119, -0.068172733220952 ] } },
{ "type": "Feature", "properties": { "CI": "201911146", "GENERO": "MUJER", "PROVINCIA": "BOLIVAR", "PARROQUIA": "CALUMA", "SECTOR": "URBANO", "PLANIFICAC": "613 BIRF", "X": -79.241937, "Y": -1.630099, "CANTON": "CALUMA", "NOMBRE": "CARVAJAL OLIVARES NANCY MARIELA" }, "geometry": { "type": "Point", "coordinates": [ -79.241936688330171, -1.630098788533147 ] } },
{ "type": "Feature", "properties": { "CI": "1206621987", "GENERO": "HOMBRE", "PROVINCIA": "LOS RIOS", "PARROQUIA": "VINCES", "SECTOR": "URBANO", "PLANIFICAC": "613 BIRF", "X": -79.637636, "Y": -1.390843, "CANTON": "VINCES", "NOMBRE": "BUSTAMANTE GARCIA PEDRO ELOY" }, "geometry": { "type": "Point", "coordinates": [ -79.637636013313468, -1.390843105919609 ] } },
{ "type": "Feature", "properties": { "CI": "910096635", "GENERO": "HOMBRE", "PROVINCIA": "ORELLANA", "PARROQUIA": "EL COCA NUEVO COCA", "SECTOR": "URBANO", "PLANIFICAC": "613 BIRF", "X": -76.721804, "Y": -0.460484, "CANTON": "FRANCISCO DE ORELLANA", "NOMBRE": "LAPO TANDAZO CARLOS" }, "geometry": { "type": "Point", "coordinates": [ -76.721803870882027, -0.460483711561872 ] } },
{ "type": "Feature", "properties": { "CI": "250068814", "GENERO": "MUJER", "PROVINCIA": "BOLIVAR", "PARROQUIA": "VEINTIMILLA", "SECTOR": "URBANO", "PLANIFICAC": "613 BIRF", "X": -78.984639, "Y": -1.598195, "CANTON": "GUARANDA", "NOMBRE": "ILLACHUMA PUNGAÑA VILMA MERCEDES" }, "geometry": { "type": "Point", "coordinates": [ -78.984639417679006, -1.598194601991185 ] } },
{ "type": "Feature", "properties": { "CI": "401560958", "GENERO": "HOMBRE", "PROVINCIA": "CARCHI", "PARROQUIA": "SAN JOSE EL CAPULI", "SECTOR": "URBANO", "PLANIFICAC": "613 BIRF", "X": -77.83, "Y": 0.596508, "CANTON": "MONTUFAR", "NOMBRE": "MESA IRUA SEGUNDO BAYARDO" }, "geometry": { "type": "Point", "coordinates": [ -77.829999994491288, 0.596508487223216 ] } },
{ "type": "Feature", "properties": { "CI": "450068895", "GENERO": "MUJER", "PROVINCIA": "CARCHI", "PARROQUIA": "LA LIBERTAD", "SECTOR": "URBANO", "PLANIFICAC": "613 BIRF", "X": -77.939291, "Y": 0.651348, "CANTON": "ESPEJO", "NOMBRE": "CHUGA TANICUCHI ERIKA VALERIA" }, "geometry": { "type": "Point", "coordinates": [ -77.939291177144369, 0.651347771254059 ] } },
{ "type": "Feature", "properties": { "CI": "401005889", "GENERO": "MUJER", "PROVINCIA": "CARCHI", "PARROQUIA": "SAN JOSE", "SECTOR": "URBANO", "PLANIFICAC": "613 BIRF", "X": -77.823904, "Y": 0.583075, "CANTON": "MONTUFAR", "NOMBRE": "POZO MONTENEGRO BERTHA YOLANDA" }, "geometry": { "type": "Point", "coordinates": [ -77.823903666008704, 0.58307502344818 ] } },
{ "type": "Feature", "properties": { "CI": "1250399746", "GENERO": "MUJER", "PROVINCIA": "LOS RIOS", "PARROQUIA": "MOCACHE", "SECTOR": "URBANO", "PLANIFICAC": "613 BIRF", "X": -79.489666, "Y": -1.172862, "CANTON": "MOCACHE", "NOMBRE": "TEJADA VILELA VALERIA ALEJANDRA" }, "geometry": { "type": "Point", "coordinates": [ -79.489665663486718, -1.172861846610612 ] } },
{ "type": "Feature", "properties": { "CI": "1204395725", "GENERO": "HOMBRE", "PROVINCIA": "LOS RIOS", "PARROQUIA": "MOCACHE", "SECTOR": "URBANO", "PLANIFICAC": "613 BIRF", "X": -79.649026, "Y": -1.179583, "CANTON": "MOCACHE", "NOMBRE": "CHACON BRAVO EDISON ANDRES" }, "geometry": { "type": "Point", "coordinates": [ -79.649025535890402, -1.179582690641628 ] } },
{ "type": "Feature", "properties": { "CI": "401755418", "GENERO": "MUJER", "PROVINCIA": "CARCHI", "PARROQUIA": "TULCAN", "SECTOR": "URBANO", "PLANIFICAC": "613 BIRF", "X": -77.72, "Y": 0.749902, "CANTON": "TULCAN", "NOMBRE": "POZO MASMUTA DIANA ARACELLY" }, "geometry": { "type": "Point", "coordinates": [ -77.720000036928269, 0.74990247751815 ] } },
{ "type": "Feature", "properties": { "CI": "2400038515", "GENERO": "MUJER", "PROVINCIA": "SANTA ELENA", "PARROQUIA": "LA LIBERTAD", "SECTOR": "URBANO", "PLANIFICAC": "613 BIRF", "X": -80.901404, "Y": -2.240778, "CANTON": "LA LIBERTAD", "NOMBRE": "REYES BAQUERIZO VILMA ALEXANDRA" }, "geometry": { "type": "Point", "coordinates": [ -80.901403995648835, -2.240777999339784 ] } },
{ "type": "Feature", "properties": { "CI": "401078100", "GENERO": "MUJER", "PROVINCIA": "CARCHI", "PARROQUIA": "GONZALEZ SUAREZ", "SECTOR": "URBANO", "PLANIFICAC": "613 BIRF", "X": -77.85, "Y": 0.606784, "CANTON": "MONTUFAR", "NOMBRE": "ESTACIO CUNGUAN DALBA GUADALUPE" }, "geometry": { "type": "Point", "coordinates": [ -77.850000013793519, 0.606784425168195 ] } },
{ "type": "Feature", "properties": { "CI": "1206970939", "GENERO": "MUJER", "PROVINCIA": "LOS RIOS", "PARROQUIA": "MOCACHE", "SECTOR": "URBANO", "PLANIFICAC": "613 BIRF", "X": -79.491761, "Y": -1.099461, "CANTON": "MOCACHE", "NOMBRE": "ESCOBAR VILELA DAMARIS EDITH" }, "geometry": { "type": "Point", "coordinates": [ -79.491761411552858, -1.099460866611783 ] } },
{ "type": "Feature", "properties": { "CI": "1723278519", "GENERO": "MUJER", "PROVINCIA": "ORELLANA", "PARROQUIA": "EL COCA NUEVO COCA", "SECTOR": "URBANO", "PLANIFICAC": "613 BIRF", "X": -76.720707, "Y": -0.455966, "CANTON": "FRANCISCO DE ORELLANA", "NOMBRE": "TENORIO CARRANZA VIVIANA BEATRIZ" }, "geometry": { "type": "Point", "coordinates": [ -76.720707478861016, -0.455965592814847 ] } },
{ "type": "Feature", "properties": { "CI": "1722265426", "GENERO": "MUJER", "PROVINCIA": "EL ORO", "PARROQUIA": "PORTOVELO", "SECTOR": "URBANO", "PLANIFICAC": "613 BIRF", "X": -79.595427, "Y": -3.727221, "CANTON": "PORTOVELO", "NOMBRE": "SOTOMAYOR VILLAMAR PATRICIA GEORGINA" }, "geometry": { "type": "Point", "coordinates": [ -79.595427229618309, -3.72722060457679 ] } },
{ "type": "Feature", "properties": { "CI": "1308753092", "GENERO": "HOMBRE", "PROVINCIA": "LOS RIOS", "PARROQUIA": "QUEVEDO", "SECTOR": "URBANO", "PLANIFICAC": "613 BIRF", "X": -79.473918, "Y": -1.024359, "CANTON": "QUEVEDO", "NOMBRE": "CEDEÑO ZAMBRANO PEDRO JACINTO" }, "geometry": { "type": "Point", "coordinates": [ -79.473917660769629, -1.024358958142194 ] } },
{ "type": "Feature", "properties": { "CI": "1401000912", "GENERO": "MUJER", "PROVINCIA": "MORONA SANTIAGO", "PARROQUIA": "LOGRO�O", "SECTOR": "URBANO", "PLANIFICAC": "613 BIRF", "X": -78.211639, "Y": -2.610387, "CANTON": "LOGRO�O", "NOMBRE": "PERALTA RODRIGUEZ JESENIA LIZBETH" }, "geometry": { "type": "Point", "coordinates": [ -78.211639463331366, -2.610387434499121 ] } },
{ "type": "Feature", "properties": { "CI": "1204783870", "GENERO": "MUJER", "PROVINCIA": "LOS RIOS", "PARROQUIA": "MOCACHE", "SECTOR": "URBANO", "PLANIFICAC": "613 BIRF", "X": -79.653804, "Y": -1.183836, "CANTON": "MOCACHE", "NOMBRE": "CHACON RENDON VERONICA MARILIN" }, "geometry": { "type": "Point", "coordinates": [ -79.65380411181782, -1.183836060330006 ] } },
{ "type": "Feature", "properties": { "CI": "401974415", "GENERO": "MUJER", "PROVINCIA": "CARCHI", "PARROQUIA": "LA PAZ", "SECTOR": "URBANO", "PLANIFICAC": "613 BIRF", "X": -77.830119, "Y": 0.596658, "CANTON": "MONTUFAR", "NOMBRE": "MAYA YAMA DEYANEIRA MARISOL" }, "geometry": { "type": "Point", "coordinates": [ -77.830119344638845, 0.596658058787112 ] } },
{ "type": "Feature", "properties": { "CI": "958149130", "GENERO": "MUJER", "PROVINCIA": "LOS RIOS", "PARROQUIA": "QUEVEDO", "SECTOR": "URBANO", "PLANIFICAC": "613 BIRF", "X": -79.47461, "Y": -0.983697, "CANTON": "QUEVEDO", "NOMBRE": "SALTOS RAMIREZ MARJORIE LUCIA" }, "geometry": { "type": "Point", "coordinates": [ -79.474610383038566, -0.983697196164182 ] } },
{ "type": "Feature", "properties": { "CI": "1315929396", "GENERO": "MUJER", "PROVINCIA": "LOS RIOS", "PARROQUIA": "QUEVEDO", "SECTOR": "URBANO", "PLANIFICAC": "613 BIRF", "X": -79.474305, "Y": -0.98376, "CANTON": "QUEVEDO", "NOMBRE": "PARRAGA SABANDO PATRICIA ISABEL" }, "geometry": { "type": "Point", "coordinates": [ -79.47430486917095, -0.98376036397579 ] } },
{ "type": "Feature", "properties": { "CI": "1207026855", "GENERO": "MUJER", "PROVINCIA": "LOS RIOS", "PARROQUIA": "BABAHOYO", "SECTOR": "URBANO", "PLANIFICAC": "613 BIRF", "X": -79.645045, "Y": -1.122861, "CANTON": "BABAHOYO", "NOMBRE": "GUADAMUD GUEVARA ROSA LISSETTE" }, "geometry": { "type": "Point", "coordinates": [ -79.645044507183201, -1.122861226146695 ] } },
{ "type": "Feature", "properties": { "CI": "1726161829", "GENERO": "MUJER", "PROVINCIA": "SUCUMBIOS", "PARROQUIA": "NUEVA LOJA", "SECTOR": "URBANO", "PLANIFICAC": "613 BIRF", "X": -76.933949, "Y": 0.096244, "CANTON": "LAGO AGRIO", "NOMBRE": "ANDRADE ARTEAGA LINA CECILIA" }, "geometry": { "type": "Point", "coordinates": [ -76.933949485152112, 0.096244372265176 ] } },
{ "type": "Feature", "properties": { "CI": "928970326", "GENERO": "MUJER", "PROVINCIA": "LOS RIOS", "PARROQUIA": "MOCACHE", "SECTOR": "URBANO", "PLANIFICAC": "613 BIRF", "X": -79.586548, "Y": -1.120355, "CANTON": "MOCACHE", "NOMBRE": "ANZULES SOLORZANO ANABEL MERCEDES" }, "geometry": { "type": "Point", "coordinates": [ -79.58654800181445, -1.120355150281114 ] } },
{ "type": "Feature", "properties": { "CI": "401963855", "GENERO": "MUJER", "PROVINCIA": "CARCHI", "PARROQUIA": "LA LIBERTAD", "SECTOR": "URBANO", "PLANIFICAC": "613 BIRF", "X": -77.934132, "Y": 0.637834, "CANTON": "ESPEJO", "NOMBRE": "POZO MASABANDA LEZLY DAYANA" }, "geometry": { "type": "Point", "coordinates": [ -77.934131537906239, 0.637833862292591 ] } },
{ "type": "Feature", "properties": { "CI": "1200583506", "GENERO": "MUJER", "PROVINCIA": "ESMERALDAS", "PARROQUIA": "MALIMPIA", "SECTOR": "URBANO", "PLANIFICAC": "613 BIRF", "X": -79.405031, "Y": 0.394783, "CANTON": "QUININDE", "NOMBRE": "AVILES SOLIS MARGARITA" }, "geometry": { "type": "Point", "coordinates": [ -79.405030831356214, 0.394782835746789 ] } },
{ "type": "Feature", "properties": { "CI": "401691217", "GENERO": "MUJER", "PROVINCIA": "CARCHI", "PARROQUIA": "L A PAZ", "SECTOR": "URBANO", "PLANIFICAC": "613 BIRF", "X": -77.86524, "Y": 0.506065, "CANTON": "MONTUFAR", "NOMBRE": "VALLEJO TOCAIN EDILMA ELIZABETH" }, "geometry": { "type": "Point", "coordinates": [ -77.865239777925353, 0.506065207803286 ] } },
{ "type": "Feature", "properties": { "CI": "701423188", "GENERO": "HOMBRE", "PROVINCIA": "SANTA ELENA", "PARROQUIA": "JOSE LUIS TAMAYO", "SECTOR": "URBANO", "PLANIFICAC": "613 BIRF", "X": -80.927566, "Y": -2.242363, "CANTON": "SALINAS", "NOMBRE": "VARGAS GERMAN JORGE GALO" }, "geometry": { "type": "Point", "coordinates": [ -80.927565659680297, -2.242363404644008 ] } },
{ "type": "Feature", "properties": { "CI": "1102413349", "GENERO": "MUJER", "PROVINCIA": "LOJA", "PARROQUIA": "CARIAMANGA", "SECTOR": "URBANO", "PLANIFICAC": "613 BIRF", "X": -79.543717, "Y": -4.252328, "CANTON": "CALVAS", "NOMBRE": "CALDERON CUEVA DIGNA ISABEL" }, "geometry": { "type": "Point", "coordinates": [ -79.543717439239501, -4.252328084218097 ] } },
{ "type": "Feature", "properties": { "CI": "1104510126", "GENERO": "MUJER", "PROVINCIA": "ZAMORA CHINCHIPE", "PARROQUIA": "PUCAPAMBA", "SECTOR": "RURAL", "PLANIFICAC": "633 PRE FABRICADAS", "X": -79.126343, "Y": -4.94815, "CANTON": "CHINCHIPE", "NOMBRE": "ABAD JIMENEZ LEONOR MARCELA" }, "geometry": { "type": "Point", "coordinates": [ -79.126343000630058, -4.948150334702798 ] } },
{ "type": "Feature", "properties": { "CI": "501048946", "GENERO": "MUJER", "PROVINCIA": "COTOPAXI", "PARROQUIA": "ELOY ALFARO", "SECTOR": "URBANO", "PLANIFICAC": "633 PRE FABRICADAS", "X": -78.650254, "Y": -0.88095, "CANTON": "LATACUNGA", "NOMBRE": "ACHIG ROSA ELENA" }, "geometry": { "type": "Point", "coordinates": [ -78.65025377962148, -0.880949977963933 ] } },
{ "type": "Feature", "properties": { "CI": "250245370", "GENERO": "MUJER", "PROVINCIA": "BOLIVAR", "PARROQUIA": "SAN VICENTE", "SECTOR": "RURAL", "PLANIFICAC": "633 PRE FABRICADAS", "X": -79.013854, "Y": -1.592536, "CANTON": "SAN MIGUEL", "NOMBRE": "AGUIAR MASALEMA CARMEN VICTORIA" }, "geometry": { "type": "Point", "coordinates": [ -79.013854145919524, -1.59253596775503 ] } },
{ "type": "Feature", "properties": { "CI": "1600244105", "GENERO": "MUJER", "PROVINCIA": "PASTAZA", "PARROQUIA": "TARQUI", "SECTOR": "RURAL", "PLANIFICAC": "633 PRE FABRICADAS", "X": -78.011823, "Y": -1.517676, "CANTON": "PASTAZA", "NOMBRE": "AGUINDA ANDI ELENA GRACIELA" }, "geometry": { "type": "Point", "coordinates": [ -78.011823118264942, -1.517675785148445 ] } },
{ "type": "Feature", "properties": { "CI": "400414173", "GENERO": "MUJER", "PROVINCIA": "CARCHI", "PARROQUIA": "SAN JOSE", "SECTOR": "RURAL", "PLANIFICAC": "633 PRE FABRICADAS", "X": -77.843605, "Y": 0.54201, "CANTON": "MONTUFAR", "NOMBRE": "AGUIRRE AMUY MARÍA CARMEN" }, "geometry": { "type": "Point", "coordinates": [ -77.843604599793309, 0.542009645104729 ] } },
{ "type": "Feature", "properties": { "CI": "956440069", "GENERO": "MUJER", "PROVINCIA": "LOS RIOS", "PARROQUIA": "MOCACHE", "SECTOR": "RURAL", "PLANIFICAC": "633 PRE FABRICADAS", "X": -79.61933, "Y": -1.135249, "CANTON": "MOCACHE", "NOMBRE": "AGUIRRE VERA JENIFFER XIMENA" }, "geometry": { "type": "Point", "coordinates": [ -79.619330043776571, -1.135249311510619 ] } },
{ "type": "Feature", "properties": { "CI": "201807641", "GENERO": "MUJER", "PROVINCIA": "BOLIVAR", "PARROQUIA": "SAN SIMON", "SECTOR": "RURAL", "PLANIFICAC": "633 PRE FABRICADAS", "X": -78.982467, "Y": -1.623898, "CANTON": "GUARANDA", "NOMBRE": "AIDA LUZMILA AREVALO CHOCHOS" }, "geometry": { "type": "Point", "coordinates": [ -78.982466796285138, -1.623897736962126 ] } },
{ "type": "Feature", "properties": { "CI": "2100147350", "GENERO": "MUJER", "PROVINCIA": "SUCUMBIOS", "PARROQUIA": "SHUSHUFINDI", "SECTOR": "URBANO", "PLANIFICAC": "633 PRE FABRICADAS", "X": -76.657045, "Y": -0.230953, "CANTON": "SHUSHUFINDI", "NOMBRE": "AJILA CHUQUIRIMA FANNY ENID" }, "geometry": { "type": "Point", "coordinates": [ -76.657044880178574, -0.230953425281209 ] } },
{ "type": "Feature", "properties": { "CI": "1400503643", "GENERO": "MUJER", "PROVINCIA": "PASTAZA", "PARROQUIA": "SIMON BOLIVAR", "SECTOR": "RURAL", "PLANIFICAC": "633 PRE FABRICADAS", "X": -77.845364, "Y": -1.719257, "CANTON": "PASTAZA", "NOMBRE": "AJUNANCHI JIMBIQUITI INES MARIA" }, "geometry": { "type": "Point", "coordinates": [ -77.845363631891914, -1.719256546397568 ] } },
{ "type": "Feature", "properties": { "CI": "201866159", "GENERO": "MUJER", "PROVINCIA": "BOLIVAR", "PARROQUIA": "GUANUJO", "SECTOR": "URBANO", "PLANIFICAC": "633 PRE FABRICADAS", "X": -79.003522, "Y": -1.545301, "CANTON": "GUARANDA", "NOMBRE": "ALDAZ AZAS ADRIANA PATRICIA" }, "geometry": { "type": "Point", "coordinates": [ -79.003521570170747, -1.545300991009591 ] } },
{ "type": "Feature", "properties": { "CI": "201890654", "GENERO": "MUJER", "PROVINCIA": "BOLIVAR", "PARROQUIA": "ECHEANDIA", "SECTOR": "URBANO", "PLANIFICAC": "633 PRE FABRICADAS", "X": -79.269449, "Y": -1.454319, "CANTON": "ECHEANDIA", "NOMBRE": "ALDAZ MANOBANDA MORAYMA JANETH" }, "geometry": { "type": "Point", "coordinates": [ -79.269448829338813, -1.454318813552319 ] } },
{ "type": "Feature", "properties": { "CI": "250072733", "GENERO": "MUJER", "PROVINCIA": "BOLIVAR", "PARROQUIA": "SAN PABLO DE ATENAS", "SECTOR": "RURAL", "PLANIFICAC": "633 PRE FABRICADAS", "X": -79.062172, "Y": -1.79459, "CANTON": "SAN MIGUEL", "NOMBRE": "ALMENDARIZ GALEAS YOLANDA MARIBEL" }, "geometry": { "type": "Point", "coordinates": [ -79.062171832599091, -1.794590352409117 ] } },
{ "type": "Feature", "properties": { "CI": "202318986", "GENERO": "MUJER", "PROVINCIA": "BOLIVAR", "PARROQUIA": "GUANUJO", "SECTOR": "URBANO", "PLANIFICAC": "633 PRE FABRICADAS", "X": -79.011752, "Y": -1.528277, "CANTON": "GUARANDA", "NOMBRE": "ALUCHO CHATA MARIA DOLORES" }, "geometry": { "type": "Point", "coordinates": [ -79.011751697575633, -1.528276864197556 ] } },
{ "type": "Feature", "properties": { "CI": "2100354915", "GENERO": "HOMBRE", "PROVINCIA": "SUCUMBIOS", "PARROQUIA": "EL ENO", "SECTOR": "RURAL", "PLANIFICAC": "633 PRE FABRICADAS", "X": -76.868516, "Y": 0.0, "CANTON": "LAGO AGRIO", "NOMBRE": "ALVARADO GREFA FLAVIO GERMAN" }, "geometry": { "type": "Point", "coordinates": [ -76.86851575451773, 0.0 ] } },
{ "type": "Feature", "properties": { "CI": "1104317068", "GENERO": "HOMBRE", "PROVINCIA": "ZAMORA CHINCHIPE", "PARROQUIA": "ZUMBA", "SECTOR": "URBANO", "PLANIFICAC": "633 PRE FABRICADAS", "X": -79.225736, "Y": -4.854176, "CANTON": "CHINCHIPE", "NOMBRE": "ALVERCA ABAD JOSE ROGELIO" }, "geometry": { "type": "Point", "coordinates": [ -79.225735602952582, -4.854175762382327 ] } },
{ "type": "Feature", "properties": { "CI": "1105119331", "GENERO": "MUJER", "PROVINCIA": "ZAMORA CHINCHIPE", "PARROQUIA": "ZUMBA", "SECTOR": "URBANO", "PLANIFICAC": "633 PRE FABRICADAS", "X": -79.118962, "Y": -4.830803, "CANTON": "CHINCHIPE", "NOMBRE": "AMARI MUÑOZ LILIANA NOEMI" }, "geometry": { "type": "Point", "coordinates": [ -79.118962412838926, -4.83080278678597 ] } },
{ "type": "Feature", "properties": { "CI": "605370014", "GENERO": "MUJER", "PROVINCIA": "CHIMBORAZO", "PARROQUIA": "LICAN", "SECTOR": "RURAL", "PLANIFICAC": "633 PRE FABRICADAS", "X": -78.719551, "Y": -1.632168, "CANTON": "RIOBAMBA", "NOMBRE": "AMBI CASTILLO EVELYN ARACELY" }, "geometry": { "type": "Point", "coordinates": [ -78.719550576241971, -1.632168281759123 ] } },
{ "type": "Feature", "properties": { "CI": "2100670583", "GENERO": "MUJER", "PROVINCIA": "SUCUMBIOS", "PARROQUIA": "NUEVA LOJA", "SECTOR": "URBANO", "PLANIFICAC": "633 PRE FABRICADAS", "X": -76.960122, "Y": 0.090247, "CANTON": "LAGO AGRIO", "NOMBRE": "ANCHUNDIA TRIVIÑO GABRIELA ALEXANDRA" }, "geometry": { "type": "Point", "coordinates": [ -76.960122303465752, 0.090246817241401 ] } },
{ "type": "Feature", "properties": { "CI": "2100256110", "GENERO": "HOMBRE", "PROVINCIA": "SUCUMBIOS", "PARROQUIA": "SANTA CECILIA", "SECTOR": "RURAL", "PLANIFICAC": "633 PRE FABRICADAS", "X": -76.918113, "Y": 0.0, "CANTON": "LAGO AGRIO", "NOMBRE": "ANDY SHIGUANGO EUCLIDES XAVIER" }, "geometry": { "type": "Point", "coordinates": [ -76.918113227209517, 0.0 ] } },
{ "type": "Feature", "properties": { "CI": "1400524904", "GENERO": "MUJER", "PROVINCIA": "MORONA SANTIAGO", "PARROQUIA": "SUCUA", "SECTOR": "URBANO", "PLANIFICAC": "633 PRE FABRICADAS", "X": -78.174744, "Y": -2.402381, "CANTON": "SUCUA", "NOMBRE": "ANTUNI SHUIR BLANCA MARIBEL" }, "geometry": { "type": "Point", "coordinates": [ -78.174744187794886, -2.402380606090901 ] } },
{ "type": "Feature", "properties": { "CI": "401665237", "GENERO": "MUJER", "PROVINCIA": "CARCHI", "PARROQUIA": "JULIO ANDRADE", "SECTOR": "RURAL", "PLANIFICAC": "633 PRE FABRICADAS", "X": -77.693225, "Y": 0.69733, "CANTON": "TULCAN", "NOMBRE": "AREVALO REVELO ADRIANA ROCIO" }, "geometry": { "type": "Point", "coordinates": [ -77.693224739991621, 0.69733030469741 ] } },
{ "type": "Feature", "properties": { "CI": "200697068", "GENERO": "HOMBRE", "PROVINCIA": "SUCUMBIOS", "PARROQUIA": "SIETE DE JULIO", "SECTOR": "RURAL", "PLANIFICAC": "633 PRE FABRICADAS", "X": -76.807558, "Y": -0.135497, "CANTON": "SHUSHUFINDI", "NOMBRE": "ARIAS QUINATOA LUIS MARCELO" }, "geometry": { "type": "Point", "coordinates": [ -76.807558152321732, -0.135497050825988 ] } },
{ "type": "Feature", "properties": { "CI": "2100545843", "GENERO": "MUJER", "PROVINCIA": "SUCUMBIOS", "PARROQUIA": "7 DE JULIO", "SECTOR": "RURAL", "PLANIFICAC": "633 PRE FABRICADAS", "X": -76.805071, "Y": -0.145282, "CANTON": "SHUSHUFINDI", "NOMBRE": "ARIAS SANCHEZ MAGALY ANDREINA" }, "geometry": { "type": "Point", "coordinates": [ -76.805070821940788, -0.145281603427513 ] } },
{ "type": "Feature", "properties": { "CI": "2100479035", "GENERO": "MUJER", "PROVINCIA": "SUCUMBIOS", "PARROQUIA": "SEVILLA", "SECTOR": "RURAL", "PLANIFICAC": "633 PRE FABRICADAS", "X": -77.101748, "Y": 0.090262, "CANTON": "CASCALES", "NOMBRE": "AROCA VERDEZOTO FRANCISCA MARIELA" }, "geometry": { "type": "Point", "coordinates": [ -77.10174751805782, 0.09026240124943 ] } },
{ "type": "Feature", "properties": { "CI": "2100613492", "GENERO": "MUJER", "PROVINCIA": "SUCUMBIOS", "PARROQUIA": "EL ENO", "SECTOR": "RURAL", "PLANIFICAC": "633 PRE FABRICADAS", "X": -76.972397, "Y": -0.05351, "CANTON": "LAGO AGRIO", "NOMBRE": "ARRIETA SANCHEZ KARINA GABRIELA" }, "geometry": { "type": "Point", "coordinates": [ -76.972397358596666, -0.053510137412033 ] } },
{ "type": "Feature", "properties": { "CI": "801029562", "GENERO": "MUJER", "PROVINCIA": "ESMERALDAS", "PARROQUIA": "LA UNION", "SECTOR": "RURAL", "PLANIFICAC": "633 PRE FABRICADAS", "X": -79.397704, "Y": 0.132549, "CANTON": "QUININDE", "NOMBRE": "ARROYO VALENCIA LILIAN ALAJITA" }, "geometry": { "type": "Point", "coordinates": [ -79.397703952964932, 0.132549210888505 ] } },
{ "type": "Feature", "properties": { "CI": "1850240241", "GENERO": "MUJER", "PROVINCIA": "BOLIVAR", "PARROQUIA": "ECHEANDIA", "SECTOR": "URBANO", "PLANIFICAC": "633 PRE FABRICADAS", "X": -79.286363, "Y": -1.43562, "CANTON": "ECHEANDIA", "NOMBRE": "ATACUCHI CHICAIZA JOHANNA LISETH" }, "geometry": { "type": "Point", "coordinates": [ -79.286363374082114, -1.435620046231104 ] } },
{ "type": "Feature", "properties": { "CI": "202102158", "GENERO": "HOMBRE", "PROVINCIA": "BOLIVAR", "PARROQUIA": "VEINTIMILLA (JOYOCOTO)", "SECTOR": "RURAL", "PLANIFICAC": "633 PRE FABRICADAS", "X": -79.0, "Y": -1.58, "CANTON": "GUARANDA", "NOMBRE": "AUCATOMA AUCATOMA MANUEL EDUARDO" }, "geometry": { "type": "Point", "coordinates": [ -79.000000000377725, -1.580000003994184 ] } },
{ "type": "Feature", "properties": { "CI": "1312438474", "GENERO": "HOMBRE", "PROVINCIA": "MANABI", "PARROQUIA": "CONVENTO", "SECTOR": "RURAL", "PLANIFICAC": "633 PRE FABRICADAS", "X": -80.04446, "Y": -0.27291, "CANTON": "CHONE", "NOMBRE": "AVEIGA CEDEÑO ANGEL CALIXTO" }, "geometry": { "type": "Point", "coordinates": [ -80.044460001826494, -0.27291000194647 ] } },
{ "type": "Feature", "properties": { "CI": "1204659302", "GENERO": "MUJER", "PROVINCIA": "ORELLANA", "PARROQUIA": "EL COCA EL DORADO", "SECTOR": "URBANO", "PLANIFICAC": "633 PRE FABRICADAS", "X": -76.953122, "Y": -0.503217, "CANTON": "FRANCISCO DE ORELLANA", "NOMBRE": "AVILES GARCIA JANETH ALEXANDRA" }, "geometry": { "type": "Point", "coordinates": [ -76.953122421583572, -0.503217049395368 ] } },
{ "type": "Feature", "properties": { "CI": "503095614", "GENERO": "MUJER", "PROVINCIA": "COTOPAXI", "PARROQUIA": "EL CORAZON", "SECTOR": "URBANO", "PLANIFICAC": "633 PRE FABRICADAS", "X": -79.011935, "Y": -1.099856, "CANTON": "PANGUA", "NOMBRE": "AYALA BAÑO NANCY MARBELLA" }, "geometry": { "type": "Point", "coordinates": [ -79.011935329337092, -1.099856194084489 ] } },
{ "type": "Feature", "properties": { "CI": "401790639", "GENERO": "MUJER", "PROVINCIA": "CARCHI", "PARROQUIA": "JULIO ANDRADE", "SECTOR": "RURAL", "PLANIFICAC": "633 PRE FABRICADAS", "X": -77.709469, "Y": 0.677236, "CANTON": "TULCAN", "NOMBRE": "AYALA CHAPI VILMA ELOISA" }, "geometry": { "type": "Point", "coordinates": [ -77.709469196407298, 0.677235631221516 ] } },
{ "type": "Feature", "properties": { "CI": "401254776", "GENERO": "MUJER", "PROVINCIA": "CARCHI", "PARROQUIA": "JULIO ANDRADE", "SECTOR": "RURAL", "PLANIFICAC": "633 PRE FABRICADAS", "X": -77.7086, "Y": 0.676603, "CANTON": "TULCAN", "NOMBRE": "AYALA CHEZA INES GUADALUPE" }, "geometry": { "type": "Point", "coordinates": [ -77.708599833965167, 0.676602596122869 ] } },
{ "type": "Feature", "properties": { "CI": "401820402", "GENERO": "MUJER", "PROVINCIA": "CARCHI", "PARROQUIA": "JULIO ANDRADE", "SECTOR": "RURAL", "PLANIFICAC": "633 PRE FABRICADAS", "X": -77.704105, "Y": 0.657052, "CANTON": "TULCAN", "NOMBRE": "AYALA CRIOLLO GEOVANNA ARACELLY" }, "geometry": { "type": "Point", "coordinates": [ -77.704105120280687, 0.657052038294865 ] } },
{ "type": "Feature", "properties": { "CI": "401457403", "GENERO": "MUJER", "PROVINCIA": "CARCHI", "PARROQUIA": "JULIO ANDRADE", "SECTOR": "RURAL", "PLANIFICAC": "633 PRE FABRICADAS", "X": -77.72369, "Y": 0.647457, "CANTON": "TULCAN", "NOMBRE": "AYALA PANTOJA LUZMILA MARLENE" }, "geometry": { "type": "Point", "coordinates": [ -77.723689995892016, 0.647456965267323 ] } },
{ "type": "Feature", "properties": { "CI": "1803993730", "GENERO": "MUJER", "PROVINCIA": "SUCUMBIOS", "PARROQUIA": "SHUSHUFINDI", "SECTOR": "RURAL", "PLANIFICAC": "633 PRE FABRICADAS", "X": -76.657394, "Y": -0.293154, "CANTON": "SHUSHUFINDI", "NOMBRE": "AZOGUE POAQUIZA MARIA DELIA" }, "geometry": { "type": "Point", "coordinates": [ -76.657394399331821, -0.293154185940076 ] } },
{ "type": "Feature", "properties": { "CI": "1724745060", "GENERO": "HOMBRE", "PROVINCIA": "SUCUMBIOS", "PARROQUIA": "SANTA CECILIA", "SECTOR": "RURAL", "PLANIFICAC": "633 PRE FABRICADAS", "X": -76.983517, "Y": 0.180499, "CANTON": "LAGO AGRIO", "NOMBRE": "BABA GUAMAN EULER RUBEN" }, "geometry": { "type": "Point", "coordinates": [ -76.983516727524986, 0.180498857271821 ] } },
{ "type": "Feature", "properties": { "CI": "1311067852", "GENERO": "MUJER", "PROVINCIA": "LOS RIOS", "PARROQUIA": "MOCACHE", "SECTOR": "RURAL", "PLANIFICAC": "633 PRE FABRICADAS", "X": -79.618692, "Y": -1.134914, "CANTON": "MOCACHE", "NOMBRE": "BAJAÑA FIGUEROA ZOILA MARICELA" }, "geometry": { "type": "Point", "coordinates": [ -79.618692205701407, -1.134914353433324 ] } },
{ "type": "Feature", "properties": { "CI": "1716923691", "GENERO": "MUJER", "PROVINCIA": "COTOPAXI", "PARROQUIA": "LAS PAMPAS", "SECTOR": "RURAL", "PLANIFICAC": "633 PRE FABRICADAS", "X": -78.966743, "Y": -0.434701, "CANTON": "SIGCHOS", "NOMBRE": "BALSECA DIAZ  JENNY ALEXANDRA" }, "geometry": { "type": "Point", "coordinates": [ -78.966742506721687, -0.434700967570913 ] } },
{ "type": "Feature", "properties": { "CI": "201747730", "GENERO": "MUJER", "PROVINCIA": "BOLIVAR", "PARROQUIA": "CALUMA", "SECTOR": "URBANO", "PLANIFICAC": "633 PRE FABRICADAS", "X": -79.248567, "Y": -1.628271, "CANTON": "CALUMA", "NOMBRE": "BANSHUY LEDESMA PIEDAD BREMILDA" }, "geometry": { "type": "Point", "coordinates": [ -79.248566791798481, -1.628271046120128 ] } },
{ "type": "Feature", "properties": { "CI": "503569279", "GENERO": "MUJER", "PROVINCIA": "COTOPAXI", "PARROQUIA": "MORASPUNGO", "SECTOR": "RURAL", "PLANIFICAC": "633 PRE FABRICADAS", "X": -79.232152, "Y": -1.18225, "CANTON": "PANGUA", "NOMBRE": "BARRENO GUISCASO CARLA ISABEL" }, "geometry": { "type": "Point", "coordinates": [ -79.232152198045341, -1.182250344916255 ] } },
{ "type": "Feature", "properties": { "CI": "603727678", "GENERO": "MUJER", "PROVINCIA": "CHIMBORAZO", "PARROQUIA": "CUMANDA", "SECTOR": "URBANO", "PLANIFICAC": "633 PRE FABRICADAS", "X": -79.146483, "Y": -2.208379, "CANTON": "CUMANDA", "NOMBRE": "BARRERA CAGUANA CARMEN ISABEL" }, "geometry": { "type": "Point", "coordinates": [ -79.146482714290016, -2.208379355348958 ] } },
{ "type": "Feature", "properties": { "CI": "250270287", "GENERO": "MUJER", "PROVINCIA": "BOLIVAR", "PARROQUIA": "GUANUJO", "SECTOR": "URBANO", "PLANIFICAC": "633 PRE FABRICADAS", "X": -78.929194, "Y": -1.526704, "CANTON": "GUARANDA", "NOMBRE": "BAYAS COLES TANIA ISABEL" }, "geometry": { "type": "Point", "coordinates": [ -78.929194378866839, -1.526703723503991 ] } },
{ "type": "Feature", "properties": { "CI": "201343167", "GENERO": "HOMBRE", "PROVINCIA": "BOLIVAR", "PARROQUIA": "LA MAGDALENA", "SECTOR": "RURAL", "PLANIFICAC": "633 PRE FABRICADAS", "X": -79.09, "Y": -1.69, "CANTON": "CHIMBO", "NOMBRE": "BAYAS MANOBANDA ANGEL SEGUNDO" }, "geometry": { "type": "Point", "coordinates": [ -79.09000000296875, -1.690000003189136 ] } },
{ "type": "Feature", "properties": { "CI": "401424379", "GENERO": "MUJER", "PROVINCIA": "CARCHI", "PARROQUIA": "FERNANDEZ SALVADOR", "SECTOR": "RURAL", "PLANIFICAC": "633 PRE FABRICADAS", "X": -77.751589, "Y": 0.632287, "CANTON": "MONTUFAR", "NOMBRE": "BENAVIDES ERAZO RUBIELA DEL CARMEN" }, "geometry": { "type": "Point", "coordinates": [ -77.751589359546159, 0.63228734210876 ] } },
{ "type": "Feature", "properties": { "CI": "1311090193", "GENERO": "MUJER", "PROVINCIA": "LOS RIOS", "PARROQUIA": "MOCACHE", "SECTOR": "RURAL", "PLANIFICAC": "633 PRE FABRICADAS", "X": -79.607218, "Y": -1.075947, "CANTON": "MOCACHE", "NOMBRE": "BERMELLO MONTECE JULISSA ROXANA" }, "geometry": { "type": "Point", "coordinates": [ -79.607217797821718, -1.075947126217744 ] } },
{ "type": "Feature", "properties": { "CI": "1101582086", "GENERO": "HOMBRE", "PROVINCIA": "ZAMORA CHINCHIPE", "PARROQUIA": "SAN ANDRES", "SECTOR": "RURAL", "PLANIFICAC": "633 PRE FABRICADAS", "X": -79.289371, "Y": -4.818016, "CANTON": "CHINCHIPE", "NOMBRE": "BERRU ABAD JUAN" }, "geometry": { "type": "Point", "coordinates": [ -79.289371278732801, -4.818015689981762 ] } },
{ "type": "Feature", "properties": { "CI": "502262207", "GENERO": "MUJER", "PROVINCIA": "COTOPAXI", "PARROQUIA": "EL CORAZON", "SECTOR": "URBANO", "PLANIFICAC": "633 PRE FABRICADAS", "X": -79.147294, "Y": -1.146142, "CANTON": "PANGUA", "NOMBRE": "BICHICELA VICHICELA ROSA ZOILA" }, "geometry": { "type": "Point", "coordinates": [ -79.147293669944446, -1.146142125447602 ] } },
{ "type": "Feature", "properties": { "CI": "2100976931", "GENERO": "MUJER", "PROVINCIA": "SUCUMBIOS", "PARROQUIA": "EL ENO", "SECTOR": "RURAL", "PLANIFICAC": "633 PRE FABRICADAS", "X": -77.035106, "Y": 0.090255, "CANTON": "LAGO AGRIO", "NOMBRE": "BRAVO BRAVO PATRICIA ALEXANDRA" }, "geometry": { "type": "Point", "coordinates": [ -77.03510579885473, 0.090255137356759 ] } },
{ "type": "Feature", "properties": { "CI": "1500353949", "GENERO": "HOMBRE", "PROVINCIA": "SUCUMBIOS", "PARROQUIA": "7 DE JULIO", "SECTOR": "RURAL", "PLANIFICAC": "633 PRE FABRICADAS", "X": -76.800419, "Y": -0.156884, "CANTON": "SHUSHUFINDI", "NOMBRE": "BRAVO ENRIQUE SANTOS FRANCISCO" }, "geometry": { "type": "Point", "coordinates": [ -76.800418929244927, -0.156883856043139 ] } },
{ "type": "Feature", "properties": { "CI": "1314135581", "GENERO": "MUJER", "PROVINCIA": "MANABI", "PARROQUIA": "FLAVIO ALFARO", "SECTOR": "URBANO", "PLANIFICAC": "633 PRE FABRICADAS", "X": -79.9095, "Y": -0.3955, "CANTON": "FLAVIO ALFARO", "NOMBRE": "BRAVO MENDOZA KASSANDRA MALLERLY" }, "geometry": { "type": "Point", "coordinates": [ -79.909499999280314, -0.395499997220438 ] } },
{ "type": "Feature", "properties": { "CI": "2100325345", "GENERO": "MUJER", "PROVINCIA": "SUCUMBIOS", "PARROQUIA": "SIETE DE JULIO", "SECTOR": "RURAL", "PLANIFICAC": "633 PRE FABRICADAS", "X": -76.770445, "Y": -0.155295, "CANTON": "LAGO AGRIO", "NOMBRE": "BRAVO QUIJIJE MARIA AGUSTINA" }, "geometry": { "type": "Point", "coordinates": [ -76.770444604108704, -0.155294858408558 ] } },
{ "type": "Feature", "properties": { "CI": "2100825591", "GENERO": "MUJER", "PROVINCIA": "SUCUMBIOS", "PARROQUIA": "10 DE AGOSTO", "SECTOR": "RURAL", "PLANIFICAC": "633 PRE FABRICADAS", "X": -76.93499, "Y": 0.148298, "CANTON": "LAGO AGRIO", "NOMBRE": "BUENAÑO TARQUI DAYLIN LASTENIA" }, "geometry": { "type": "Point", "coordinates": [ -76.934989534180616, 0.148297773333846 ] } },
{ "type": "Feature", "properties": { "CI": "150480812", "GENERO": "MUJER", "PROVINCIA": "AZUAY", "PARROQUIA": "DELEGSOL", "SECTOR": "RURAL", "PLANIFICAC": "633 PRE FABRICADAS", "X": -78.751677, "Y": -2.99882, "CANTON": "CHORDELEG", "NOMBRE": "CABRERA CASTRO JENNY PATRICIA" }, "geometry": { "type": "Point", "coordinates": [ -78.75167739285861, -2.998819862217077 ] } },
{ "type": "Feature", "properties": { "CI": "401822325", "GENERO": "MUJER", "PROVINCIA": "CARCHI", "PARROQUIA": "JULIO ANDRADE", "SECTOR": "RURAL", "PLANIFICAC": "633 PRE FABRICADAS", "X": -77.723315, "Y": 0.654386, "CANTON": "TULCAN", "NOMBRE": "CAICEDO CASTILLO TANIA YADIRA" }, "geometry": { "type": "Point", "coordinates": [ -77.723315097192753, 0.654385757749308 ] } },
{ "type": "Feature", "properties": { "CI": "400553095", "GENERO": "MUJER", "PROVINCIA": "CARCHI", "PARROQUIA": "GONZALEZ SUAREZ - LA DELICIA", "SECTOR": "RURAL", "PLANIFICAC": "633 PRE FABRICADAS", "X": -77.869917, "Y": 0.632361, "CANTON": "MONTUFAR", "NOMBRE": "CAICEDO ROJAS MARIA INES" }, "geometry": { "type": "Point", "coordinates": [ -77.869917030095195, 0.632360592247654 ] } },
{ "type": "Feature", "properties": { "CI": "401670435", "GENERO": "MUJER", "PROVINCIA": "CARCHI", "PARROQUIA": "FERNANDEZ SALVADOR", "SECTOR": "RURAL", "PLANIFICAC": "633 PRE FABRICADAS", "X": -77.761169, "Y": 0.632293, "CANTON": "MONTUFAR", "NOMBRE": "CAICEDO TIPAS LILIANA GISSELA" }, "geometry": { "type": "Point", "coordinates": [ -77.761169012839602, 0.63229337334588 ] } },
{ "type": "Feature", "properties": { "CI": "401668884", "GENERO": "MUJER", "PROVINCIA": "CARCHI", "PARROQUIA": "FERNANDEZ SALVADOR", "SECTOR": "RURAL", "PLANIFICAC": "633 PRE FABRICADAS", "X": -77.76, "Y": 0.6, "CANTON": "MONTUFAR", "NOMBRE": "CAICEDO TIPAS ZOILA ELIZABETH" }, "geometry": { "type": "Point", "coordinates": [ -77.759999999476094, 0.599999934218113 ] } },
{ "type": "Feature", "properties": { "CI": "605360635", "GENERO": "MUJER", "PROVINCIA": "CHIMBORAZO", "PARROQUIA": "GUAMOTE", "SECTOR": "RURAL", "PLANIFICAC": "633 PRE FABRICADAS", "X": -78.718657, "Y": -1.941472, "CANTON": "GUAMOTE", "NOMBRE": "CAIZA LEMA MARIA LOURDES" }, "geometry": { "type": "Point", "coordinates": [ -78.718656732919598, -1.941471550341316 ] } },
{ "type": "Feature", "properties": { "CI": "202088001", "GENERO": "MUJER", "PROVINCIA": "BOLIVAR", "PARROQUIA": "SIMIATUG", "SECTOR": "RURAL", "PLANIFICAC": "633 PRE FABRICADAS", "X": -78.969568, "Y": -1.290947, "CANTON": "GUARANDA", "NOMBRE": "CAIZA RAMOS ZOILA ROSARIO" }, "geometry": { "type": "Point", "coordinates": [ -78.969568321670877, -1.290946715842403 ] } },
{ "type": "Feature", "properties": { "CI": "400392072", "GENERO": "HOMBRE", "PROVINCIA": "CARCHI", "PARROQUIA": "SAN JOSE", "SECTOR": "RURAL", "PLANIFICAC": "633 PRE FABRICADAS", "X": -77.844349, "Y": 0.54201, "CANTON": "MONTUFAR", "NOMBRE": "CALDERON NOE TARQUINO" }, "geometry": { "type": "Point", "coordinates": [ -77.844349035080214, 0.542010036007243 ] } },
{ "type": "Feature", "properties": { "CI": "503929903", "GENERO": "MUJER", "PROVINCIA": "COTOPAXI", "PARROQUIA": "LAS PAMPAS", "SECTOR": "RURAL", "PLANIFICAC": "633 PRE FABRICADAS", "X": -78.968747, "Y": -0.4283, "CANTON": "SIGCHOS", "NOMBRE": "CALO CHITALOGRO MELANIA ARACELY" }, "geometry": { "type": "Point", "coordinates": [ -78.968747038141856, -0.428300068021085 ] } },
{ "type": "Feature", "properties": { "CI": "1900736669", "GENERO": "HOMBRE", "PROVINCIA": "ZAMORA CHINCHIPE", "PARROQUIA": "ZUMBA", "SECTOR": "URBANO", "PLANIFICAC": "633 PRE FABRICADAS", "X": -79.136932, "Y": -4.878105, "CANTON": "CHINCHIPE", "NOMBRE": "CALVA JIMENEZ JAIME ALEXANDER" }, "geometry": { "type": "Point", "coordinates": [ -79.136932304500689, -4.878105465409198 ] } },
{ "type": "Feature", "properties": { "CI": "2000086906", "GENERO": "MUJER", "PROVINCIA": "LOJA", "PARROQUIA": "SAN ANTONIO DE LAS ARADAS", "SECTOR": "RURAL", "PLANIFICAC": "633 PRE FABRICADAS", "X": -79.427907, "Y": -4.379681, "CANTON": "QUILANGA", "NOMBRE": "CALVA TROYA ROCIO MARIA" }, "geometry": { "type": "Point", "coordinates": [ -79.427906865107715, -4.379681292394082 ] } },
{ "type": "Feature", "properties": { "CI": "1105224537", "GENERO": "HOMBRE", "PROVINCIA": "NAPO", "PARROQUIA": "TENA", "SECTOR": "RURAL", "PLANIFICAC": "633 PRE FABRICADAS", "X": -77.822609, "Y": -0.967043, "CANTON": "TENA", "NOMBRE": "CAMACHO GUAMAN WALTER GEOVANNY" }, "geometry": { "type": "Point", "coordinates": [ -77.822608557287296, -0.967042918269403 ] } },
{ "type": "Feature", "properties": { "CI": "503331696", "GENERO": "MUJER", "PROVINCIA": "BOLIVAR", "PARROQUIA": "SAN MIGUEL", "SECTOR": "URBANO", "PLANIFICAC": "633 PRE FABRICADAS", "X": -79.076591, "Y": -1.718225, "CANTON": "SAN MIGUEL", "NOMBRE": "CAMACHO YANEZ CRUZ MARIA" }, "geometry": { "type": "Point", "coordinates": [ -79.076590526689671, -1.7182250072533 ] } },
{ "type": "Feature", "properties": { "CI": "202094009", "GENERO": "MUJER", "PROVINCIA": "BOLIVAR", "PARROQUIA": "SAN MIGUEL", "SECTOR": "URBANO", "PLANIFICAC": "633 PRE FABRICADAS", "X": -79.053887, "Y": -1.712943, "CANTON": "SAN MIGUEL", "NOMBRE": "CAMACHO ZURITA MARIA NATIVIDAD" }, "geometry": { "type": "Point", "coordinates": [ -79.053886708221029, -1.712943317285968 ] } },
{ "type": "Feature", "properties": { "CI": "750998700", "GENERO": "MUJER", "PROVINCIA": "EL ORO", "PARROQUIA": "LA VICTORIA", "SECTOR": "URBANO", "PLANIFICAC": "633 PRE FABRICADAS", "X": -80.059402, "Y": -3.792427, "CANTON": "LAS LAJAS", "NOMBRE": "CAMPOVERDE CARPIO SILVANA NIKOOL" }, "geometry": { "type": "Point", "coordinates": [ -80.059402226384293, -3.792427184672625 ] } },
{ "type": "Feature", "properties": { "CI": "703460576", "GENERO": "MUJER", "PROVINCIA": "EL ORO", "PARROQUIA": "LA VICTORIA", "SECTOR": "URBANO", "PLANIFICAC": "633 PRE FABRICADAS", "X": -80.058673, "Y": -3.792653, "CANTON": "LAS LAJAS", "NOMBRE": "CAMPOVERDE GUAYCHA YOLANDA RAQUEL" }, "geometry": { "type": "Point", "coordinates": [ -80.058672567384548, -3.792652530886579 ] } },
{ "type": "Feature", "properties": { "CI": "1707678403", "GENERO": "HOMBRE", "PROVINCIA": "SUCUMBIOS", "PARROQUIA": "PACAYACU", "SECTOR": "RURAL", "PLANIFICAC": "633 PRE FABRICADAS", "X": -76.558722, "Y": 0.180399, "CANTON": "LAGO AGRIO", "NOMBRE": "CAMPOVERDE MORA JOSE AUGUSTO" }, "geometry": { "type": "Point", "coordinates": [ -76.558722288681238, 0.180399262731499 ] } },
{ "type": "Feature", "properties": { "CI": "402066039", "GENERO": "MUJER", "PROVINCIA": "CARCHI", "PARROQUIA": "TUFIÑO", "SECTOR": "RURAL", "PLANIFICAC": "633 PRE FABRICADAS", "X": -77.85337, "Y": 0.801007, "CANTON": "TULCAN", "NOMBRE": "CANCHALA PASPUEL PAOLA CONSUELO" }, "geometry": { "type": "Point", "coordinates": [ -77.85336971073194, 0.801006566846817 ] } },
{ "type": "Feature", "properties": { "CI": "401545710", "GENERO": "HOMBRE", "PROVINCIA": "CARCHI", "PARROQUIA": "SAN JOSE - CANCHAHUANO", "SECTOR": "RURAL", "PLANIFICAC": "633 PRE FABRICADAS", "X": -77.813709, "Y": 0.541994, "CANTON": "MONTUFAR", "NOMBRE": "CANGAS ORTIZ KLEVER BOLIVAR" }, "geometry": { "type": "Point", "coordinates": [ -77.813708717709289, 0.541993870667809 ] } },
{ "type": "Feature", "properties": { "CI": "2100553888", "GENERO": "MUJER", "PROVINCIA": "SUCUMBIOS", "PARROQUIA": "NUEVA LOJA", "SECTOR": "URBANO", "PLANIFICAC": "633 PRE FABRICADAS", "X": -76.856025, "Y": 0.090235, "CANTON": "LAGO AGRIO", "NOMBRE": "CANGO MAZA MERCEDES ROCIO" }, "geometry": { "type": "Point", "coordinates": [ -76.856024682389119, 0.090235008662234 ] } },
{ "type": "Feature", "properties": { "CI": "503500571", "GENERO": "MUJER", "PROVINCIA": "COTOPAXI", "PARROQUIA": "CUSUBAMBA", "SECTOR": "RURAL", "PLANIFICAC": "633 PRE FABRICADAS", "X": -78.704885, "Y": -1.077126, "CANTON": "SALCEDO", "NOMBRE": "CARRILLO TULMO ALVA INES" }, "geometry": { "type": "Point", "coordinates": [ -78.704885064354769, -1.077125814683144 ] } },
{ "type": "Feature", "properties": { "CI": "603390584", "GENERO": "MUJER", "PROVINCIA": "CHIMBORAZO", "PARROQUIA": "CUMANDA", "SECTOR": "URBANO", "PLANIFICAC": "633 PRE FABRICADAS", "X": -79.132701, "Y": -2.217214, "CANTON": "CUMANDA", "NOMBRE": "CASTILLO CAGUANA MARIA ELIZABETH" }, "geometry": { "type": "Point", "coordinates": [ -79.132701086690503, -2.21721446893286 ] } },
{ "type": "Feature", "properties": { "CI": "1204376972", "GENERO": "MUJER", "PROVINCIA": "BOLIVAR", "PARROQUIA": "LAS NAVES", "SECTOR": "URBANO", "PLANIFICAC": "633 PRE FABRICADAS", "X": -79.320123, "Y": -1.287528, "CANTON": "LAS NAVES", "NOMBRE": "CASTILLO CASTILLO ANA DEL ROCIO" }, "geometry": { "type": "Point", "coordinates": [ -79.320123411132172, -1.287527723686932 ] } },
{ "type": "Feature", "properties": { "CI": "1104663727", "GENERO": "MUJER", "PROVINCIA": "LOJA", "PARROQUIA": "SAN JOSE", "SECTOR": "URBANO", "PLANIFICAC": "633 PRE FABRICADAS", "X": -79.372737, "Y": -4.00318, "CANTON": "CATAMAYO", "NOMBRE": "CASTILLO CASTILLO NANCY MIREYA" }, "geometry": { "type": "Point", "coordinates": [ -79.372737032107835, -4.00317973932514 ] } },
{ "type": "Feature", "properties": { "CI": "2400259707", "GENERO": "MUJER", "PROVINCIA": "SANTA ELENA", "PARROQUIA": "COLONCHE", "SECTOR": "RURAL", "PLANIFICAC": "633 PRE FABRICADAS", "X": -80.604264, "Y": -2.11749, "CANTON": "SANTA ELENA", "NOMBRE": "CASTILLO MALAVE ERIKA ESTEFANIA" }, "geometry": { "type": "Point", "coordinates": [ -80.604263927822345, -2.117490431478149 ] } },
{ "type": "Feature", "properties": { "CI": "604761932", "GENERO": "MUJER", "PROVINCIA": "CHIMBORAZO", "PARROQUIA": "CHAMBO", "SECTOR": "RURAL", "PLANIFICAC": "633 PRE FABRICADAS", "X": -78.580422, "Y": -1.715246, "CANTON": "CHAMBO", "NOMBRE": "CATAGÑA QUISHPI MARÍA LIZBETH" }, "geometry": { "type": "Point", "coordinates": [ -78.580422370718296, -1.715245978838421 ] } },
{ "type": "Feature", "properties": { "CI": "1401253768", "GENERO": "MUJER", "PROVINCIA": "MORONA SANTIAGO", "PARROQUIA": "METZERA", "SECTOR": "RURAL", "PLANIFICAC": "633 PRE FABRICADAS", "X": -77.964763, "Y": -1.715685, "CANTON": "PALORA", "NOMBRE": "CATANI ANTONI LADY ELVIRA" }, "geometry": { "type": "Point", "coordinates": [ -77.964763274623195, -1.71568467807067 ] } },
{ "type": "Feature", "properties": { "CI": "910954411", "GENERO": "MUJER", "PROVINCIA": "SANTA ELENA", "PARROQUIA": "COLONCHE", "SECTOR": "RURAL", "PLANIFICAC": "633 PRE FABRICADAS", "X": -80.604426, "Y": -2.117029, "CANTON": "SANTA ELENA", "NOMBRE": "CATUTO MALAVE CARMEN JOVITA" }, "geometry": { "type": "Point", "coordinates": [ -80.604425912168224, -2.117029077424896 ] } },
{ "type": "Feature", "properties": { "CI": "201138492", "GENERO": "HOMBRE", "PROVINCIA": "SUCUMBIOS", "PARROQUIA": "7 DE JULIO", "SECTOR": "RURAL", "PLANIFICAC": "633 PRE FABRICADAS", "X": -76.757321, "Y": -0.241114, "CANTON": "SHUSHUFINDI", "NOMBRE": "CEVALLOS CESAR WILFRIDO" }, "geometry": { "type": "Point", "coordinates": [ -76.757321174948061, -0.241114361874479 ] } },
{ "type": "Feature", "properties": { "CI": "602594947", "GENERO": "HOMBRE", "PROVINCIA": "CHIMBORAZO", "PARROQUIA": "CUMANDA", "SECTOR": "URBANO", "PLANIFICAC": "633 PRE FABRICADAS", "X": -79.09873, "Y": -2.191808, "CANTON": "CUMANDA", "NOMBRE": "CEVALLOS CRUZ JORGE EDELBERTO" }, "geometry": { "type": "Point", "coordinates": [ -79.098729636010262, -2.191807657506724 ] } },
{ "type": "Feature", "properties": { "CI": "2300463540", "GENERO": "MUJER", "PROVINCIA": "BOLIVAR", "PARROQUIA": "LAS MERCEDES", "SECTOR": "URBANO", "PLANIFICAC": "633 PRE FABRICADAS", "X": -79.319122, "Y": -1.274222, "CANTON": "LAS NAVES", "NOMBRE": "CEVALLOS ROMERO MARIA FERNANDA" }, "geometry": { "type": "Point", "coordinates": [ -79.319122156443925, -1.274221845449922 ] } },
{ "type": "Feature", "properties": { "CI": "250106630", "GENERO": "MUJER", "PROVINCIA": "BOLIVAR", "PARROQUIA": "GUANUJO", "SECTOR": "URBANO", "PLANIFICAC": "633 PRE FABRICADAS", "X": -79.003835, "Y": -1.547307, "CANTON": "GUARANDA", "NOMBRE": "CHACHA CHACHA LAURA MARGOTH" }, "geometry": { "type": "Point", "coordinates": [ -79.003835051942048, -1.547306742906542 ] } },
{ "type": "Feature", "properties": { "CI": "250122413", "GENERO": "MUJER", "PROVINCIA": "BOLIVAR", "PARROQUIA": "ECHEANDIA", "SECTOR": "URBANO", "PLANIFICAC": "633 PRE FABRICADAS", "X": -79.327308, "Y": -1.4491, "CANTON": "ECHEANDIA", "NOMBRE": "CHACHA MANOBANDA  TANYA JADIRA" }, "geometry": { "type": "Point", "coordinates": [ -79.327308383381151, -1.449100060067382 ] } },
{ "type": "Feature", "properties": { "CI": "1751021856", "GENERO": "MUJER", "PROVINCIA": "BOLIVAR", "PARROQUIA": "ECHEANDIA", "SECTOR": "URBANO", "PLANIFICAC": "633 PRE FABRICADAS", "X": -79.238688, "Y": -1.449587, "CANTON": "ECHEANDIA", "NOMBRE": "CHACHA MANOBANDA JESSICA ISABEL" }, "geometry": { "type": "Point", "coordinates": [ -79.238687898218259, -1.449586512135352 ] } },
{ "type": "Feature", "properties": { "CI": "1103813083", "GENERO": "MUJER", "PROVINCIA": "ZAMORA CHINCHIPE", "PARROQUIA": "PANGUINTZA", "SECTOR": "URBANO", "PLANIFICAC": "633 PRE FABRICADAS", "X": -78.811518, "Y": -3.903692, "CANTON": "CENTINELA DEL CONDOR", "NOMBRE": "CHALAN GUALAN ZOILA MARGARITA" }, "geometry": { "type": "Point", "coordinates": [ -78.811517727316541, -3.903691589805047 ] } },
{ "type": "Feature", "properties": { "CI": "1708084940", "GENERO": "MUJER", "PROVINCIA": "SUCUMBIOS", "PARROQUIA": "EL ENO", "SECTOR": "RURAL", "PLANIFICAC": "633 PRE FABRICADAS", "X": -76.91823, "Y": -0.055456, "CANTON": "LAGO AGRIO", "NOMBRE": "CHAMBA CHAMBA JUANA" }, "geometry": { "type": "Point", "coordinates": [ -76.918229826202662, -0.055456117574658 ] } },
{ "type": "Feature", "properties": { "CI": "400480927", "GENERO": "MUJER", "PROVINCIA": "CARCHI", "PARROQUIA": "JUAN MONTALVO", "SECTOR": "RURAL", "PLANIFICAC": "633 PRE FABRICADAS", "X": -78.088176, "Y": 0.586181, "CANTON": "MIRA", "NOMBRE": "CHAMORRO CUASES SERAFINA CUSTODIA" }, "geometry": { "type": "Point", "coordinates": [ -78.088175986267814, 0.586181496843289 ] } },
{ "type": "Feature", "properties": { "CI": "401583679", "GENERO": "MUJER", "PROVINCIA": "IMBABURA", "PARROQUIA": "ALPACHACA", "SECTOR": "URBANO", "PLANIFICAC": "633 PRE FABRICADAS", "X": -78.129994, "Y": 0.361436, "CANTON": "IBARRA", "NOMBRE": "CHAMORRO TATES CARMEN CRISTINA" }, "geometry": { "type": "Point", "coordinates": [ -78.129994211151825, 0.361435530898551 ] } },
{ "type": "Feature", "properties": { "CI": "401597406", "GENERO": "HOMBRE", "PROVINCIA": "CARCHI", "PARROQUIA": "JULIO ANDRADE", "SECTOR": "RURAL", "PLANIFICAC": "633 PRE FABRICADAS", "X": -77.713033, "Y": 0.677986, "CANTON": "TULCAN", "NOMBRE": "CHANGUAN SISA LUIS ANTONIO" }, "geometry": { "type": "Point", "coordinates": [ -77.713033175827405, 0.677986215190826 ] } },
{ "type": "Feature", "properties": { "CI": "401934310", "GENERO": "MUJER", "PROVINCIA": "CARCHI", "PARROQUIA": "JULIO ANDRADE", "SECTOR": "RURAL", "PLANIFICAC": "633 PRE FABRICADAS", "X": -77.708469, "Y": 0.677236, "CANTON": "TULCAN", "NOMBRE": "CHAPI MARTINEZ ALICIA DAYANA" }, "geometry": { "type": "Point", "coordinates": [ -77.708469198491898, 0.677235669594028 ] } },
{ "type": "Feature", "properties": { "CI": "201611126", "GENERO": "MUJER", "PROVINCIA": "BOLIVAR", "PARROQUIA": "GUANUJO", "SECTOR": "URBANO", "PLANIFICAC": "633 PRE FABRICADAS", "X": -79.010387, "Y": -1.569702, "CANTON": "GUARANDA", "NOMBRE": "CHASI CHELA HILDA YOLANDA" }, "geometry": { "type": "Point", "coordinates": [ -79.010386843883907, -1.569702153171146 ] } },
{ "type": "Feature", "properties": { "CI": "201521283", "GENERO": "MUJER", "PROVINCIA": "BOLIVAR", "PARROQUIA": "JULIO MORENO", "SECTOR": "RURAL", "PLANIFICAC": "633 PRE FABRICADAS", "X": -79.15, "Y": -1.5, "CANTON": "GUARANDA", "NOMBRE": "CHATA GAVILANES MARIA ROCIO" }, "geometry": { "type": "Point", "coordinates": [ -79.149999996613033, -1.500000002818613 ] } },
{ "type": "Feature", "properties": { "CI": "202022794", "GENERO": "MUJER", "PROVINCIA": "BOLIVAR", "PARROQUIA": "GUANUJO", "SECTOR": "URBANO", "PLANIFICAC": "633 PRE FABRICADAS", "X": -79.003061, "Y": -1.537787, "CANTON": "GUARANDA", "NOMBRE": "CHAVEZ ANDRADE JESSICA MAYRA" }, "geometry": { "type": "Point", "coordinates": [ -79.003061379384036, -1.537786882589166 ] } },
{ "type": "Feature", "properties": { "CI": "1208400273", "GENERO": "MUJER", "PROVINCIA": "LOS RIOS", "PARROQUIA": "GUARE", "SECTOR": "RURAL", "PLANIFICAC": "633 PRE FABRICADAS", "X": -79.706521, "Y": -1.716282, "CANTON": "BABA", "NOMBRE": "CHAVEZ VERA DANIELA MICHAEL" }, "geometry": { "type": "Point", "coordinates": [ -79.706520754706759, -1.716282486682125 ] } },
{ "type": "Feature", "properties": { "CI": "401812011", "GENERO": "MUJER", "PROVINCIA": "CARCHI", "PARROQUIA": "TUFIÑO", "SECTOR": "RURAL", "PLANIFICAC": "633 PRE FABRICADAS", "X": -77.858712, "Y": 0.79314, "CANTON": "TULCAN", "NOMBRE": "CHENAS DUQUE JULIANA MABEL" }, "geometry": { "type": "Point", "coordinates": [ -77.858711666139087, 0.793140068169502 ] } },
{ "type": "Feature", "properties": { "CI": "250129327", "GENERO": "MUJER", "PROVINCIA": "BOLIVAR", "PARROQUIA": "GUANUJO", "SECTOR": "URBANO", "PLANIFICAC": "633 PRE FABRICADAS", "X": -79.016034, "Y": -1.57237, "CANTON": "GUARANDA", "NOMBRE": "CHICAIZA GUANO MORAYMA ELIZABETH" }, "geometry": { "type": "Point", "coordinates": [ -79.016034243389626, -1.572370090848618 ] } },
{ "type": "Feature", "properties": { "CI": "1401002645", "GENERO": "MUJER", "PROVINCIA": "MORONA SANTIAGO", "PARROQUIA": "HUAMBI", "SECTOR": "RURAL", "PLANIFICAC": "633 PRE FABRICADAS", "X": -78.148188, "Y": -2.564178, "CANTON": "SUCUA", "NOMBRE": "CHIGUANDA PEAZA MARICELA JERLY" }, "geometry": { "type": "Point", "coordinates": [ -78.148187964930997, -2.564178470917864 ] } },
{ "type": "Feature", "properties": { "CI": "1803554581", "GENERO": "MUJER", "PROVINCIA": "ORELLANA", "PARROQUIA": "EL COCA 6 DE DICIEMBRE", "SECTOR": "URBANO", "PLANIFICAC": "633 PRE FABRICADAS", "X": -77.008326, "Y": -0.436393, "CANTON": "FRANCISCO DE ORELLANA", "NOMBRE": "CHIMBO CAISA ROSA ANGELA" }, "geometry": { "type": "Point", "coordinates": [ -77.008325827594646, -0.436393003175659 ] } },
{ "type": "Feature", "properties": { "CI": "201641321", "GENERO": "MUJER", "PROVINCIA": "BOLIVAR", "PARROQUIA": "SAN SIMON", "SECTOR": "RURAL", "PLANIFICAC": "633 PRE FABRICADAS", "X": -79.022957, "Y": -1.640193, "CANTON": "GUARANDA", "NOMBRE": "CHIMBOLEMA GATIA AMANDA LUCIA" }, "geometry": { "type": "Point", "coordinates": [ -79.022956709612586, -1.64019331176731 ] } },
{ "type": "Feature", "properties": { "CI": "1803926722", "GENERO": "MUJER", "PROVINCIA": "COTOPAXI", "PARROQUIA": "MULALILLO", "SECTOR": "RURAL", "PLANIFICAC": "633 PRE FABRICADAS", "X": -78.617006, "Y": -1.111208, "CANTON": "SALCEDO", "NOMBRE": "CHIMBORAZO CHIMBORAZO MARÍA MAGDALENA" }, "geometry": { "type": "Point", "coordinates": [ -78.617005669177431, -1.111207528127422 ] } },
{ "type": "Feature", "properties": { "CI": "957855190", "GENERO": "MUJER", "PROVINCIA": "LOS RIOS", "PARROQUIA": "VINCES", "SECTOR": "RURAL", "PLANIFICAC": "633 PRE FABRICADAS", "X": -79.840108, "Y": -1.531029, "CANTON": "VINCES", "NOMBRE": "CHIRIBOGA SANTILLAN ERIKA TATIANA" }, "geometry": { "type": "Point", "coordinates": [ -79.840108280361974, -1.531028917631529 ] } },
{ "type": "Feature", "properties": { "CI": "200090017", "GENERO": "HOMBRE", "PROVINCIA": "SUCUMBIOS", "PARROQUIA": "7 DE JULIO", "SECTOR": "RURAL", "PLANIFICAC": "633 PRE FABRICADAS", "X": -76.783581, "Y": -0.196312, "CANTON": "SHUSHUFINDI", "NOMBRE": "CHOCHOS REMACHE EDMUNDO" }, "geometry": { "type": "Point", "coordinates": [ -76.783580808820204, -0.196312356817292 ] } },
{ "type": "Feature", "properties": { "CI": "200032514", "GENERO": "HOMBRE", "PROVINCIA": "SUCUMBIOS", "PARROQUIA": "7 DE JULIO", "SECTOR": "RURAL", "PLANIFICAC": "633 PRE FABRICADAS", "X": -76.798217, "Y": -0.144116, "CANTON": "SHUSHUFINDI", "NOMBRE": "CHOTO VILLAFUERTE SEGUNDO RODRIGO" }, "geometry": { "type": "Point", "coordinates": [ -76.798217235003833, -0.144115561743287 ] } },
{ "type": "Feature", "properties": { "CI": "401840822", "GENERO": "MUJER", "PROVINCIA": "CARCHI", "PARROQUIA": "SAN JOSE", "SECTOR": "RURAL", "PLANIFICAC": "633 PRE FABRICADAS", "X": -77.84, "Y": 0.56, "CANTON": "MONTUFAR", "NOMBRE": "CHULDE CHALACÓN JOSSELYN ANABELA" }, "geometry": { "type": "Point", "coordinates": [ -77.839999996506634, 0.559999961464925 ] } },
{ "type": "Feature", "properties": { "CI": "401450606", "GENERO": "MUJER", "PROVINCIA": "CARCHI", "PARROQUIA": "SAN JOSE", "SECTOR": "RURAL", "PLANIFICAC": "633 PRE FABRICADAS", "X": -77.84, "Y": 0.56, "CANTON": "MONTUFAR", "NOMBRE": "CHULDE QUIROZ BEATRIZ MARÍA" }, "geometry": { "type": "Point", "coordinates": [ -77.839999996506634, 0.559999961464925 ] } },
{ "type": "Feature", "properties": { "CI": "1725122376", "GENERO": "MUJER", "PROVINCIA": "CARCHI", "PARROQUIA": "TUFIÑO", "SECTOR": "RURAL", "PLANIFICAC": "633 PRE FABRICADAS", "X": -77.857379, "Y": 0.798484, "CANTON": "TULCAN", "NOMBRE": "CHUNATA CHACHA MARÍA FERNANDA" }, "geometry": { "type": "Point", "coordinates": [ -77.857378944416027, 0.798483870938321 ] } },
{ "type": "Feature", "properties": { "CI": "1721588695", "GENERO": "HOMBRE", "PROVINCIA": "COTOPAXI", "PARROQUIA": "LAS PAMPAS", "SECTOR": "RURAL", "PLANIFICAC": "633 PRE FABRICADAS", "X": -78.952945, "Y": -0.408522, "CANTON": "SIGCHOS", "NOMBRE": "CISNEROS SILVA OSCAR FABIAN" }, "geometry": { "type": "Point", "coordinates": [ -78.952945134271573, -0.408522080524976 ] } },
{ "type": "Feature", "properties": { "CI": "603054883", "GENERO": "MUJER", "PROVINCIA": "CHIMBORAZO", "PARROQUIA": "LICAN", "SECTOR": "RURAL", "PLANIFICAC": "633 PRE FABRICADAS", "X": -78.732757, "Y": -1.623369, "CANTON": "RIOBAMBA", "NOMBRE": "COELLO PARREÑO SONIA PATRICIA" }, "geometry": { "type": "Point", "coordinates": [ -78.732756812376209, -1.623369193583934 ] } },
{ "type": "Feature", "properties": { "CI": "1208645059", "GENERO": "HOMBRE", "PROVINCIA": "LOS RIOS", "PARROQUIA": "MOCACHE", "SECTOR": "RURAL", "PLANIFICAC": "633 PRE FABRICADAS", "X": -79.549699, "Y": -1.206014, "CANTON": "MOCACHE", "NOMBRE": "COELLO SANTANA LUIS FERNANDO" }, "geometry": { "type": "Point", "coordinates": [ -79.549699119115488, -1.206014253387823 ] } },
{ "type": "Feature", "properties": { "CI": "601324809", "GENERO": "MUJER", "PROVINCIA": "CHIMBORAZO", "PARROQUIA": "GUANO", "SECTOR": "RURAL", "PLANIFICAC": "633 PRE FABRICADAS", "X": -78.649689, "Y": -1.601371, "CANTON": "GUANO", "NOMBRE": "COLCHA GUARACA MARIA LUCRECIA" }, "geometry": { "type": "Point", "coordinates": [ -78.649689350441562, -1.601370786610679 ] } },
{ "type": "Feature", "properties": { "CI": "250128931", "GENERO": "MUJER", "PROVINCIA": "BOLIVAR", "PARROQUIA": "GUANUJO", "SECTOR": "URBANO", "PLANIFICAC": "633 PRE FABRICADAS", "X": -79.000716, "Y": -1.54811, "CANTON": "GUARANDA", "NOMBRE": "COLES GUARANDA MIRIAN JESSICA" }, "geometry": { "type": "Point", "coordinates": [ -79.000715775392379, -1.548110306851366 ] } },
{ "type": "Feature", "properties": { "CI": "201866951", "GENERO": "MUJER", "PROVINCIA": "BOLIVAR", "PARROQUIA": "BILOVAN", "SECTOR": "RURAL", "PLANIFICAC": "633 PRE FABRICADAS", "X": -79.11834, "Y": -1.816233, "CANTON": "SAN MIGUEL", "NOMBRE": "COLOMA VELASCO CECILIA PAOLA" }, "geometry": { "type": "Point", "coordinates": [ -79.118339715034551, -1.816233392862562 ] } },
{ "type": "Feature", "properties": { "CI": "600608897", "GENERO": "MUJER", "PROVINCIA": "PASTAZA", "PARROQUIA": "MADRE TIERRA", "SECTOR": "RURAL", "PLANIFICAC": "633 PRE FABRICADAS", "X": -78.034635, "Y": -1.56016, "CANTON": "MERA", "NOMBRE": "CONDO MARIA TERESA" }, "geometry": { "type": "Point", "coordinates": [ -78.034634593621703, -1.560159582651148 ] } },
{ "type": "Feature", "properties": { "CI": "1207550029", "GENERO": "MUJER", "PROVINCIA": "LOS RIOS", "PARROQUIA": "BABAHOYO", "SECTOR": "RURAL", "PLANIFICAC": "633 PRE FABRICADAS", "X": -79.51195, "Y": -1.813419, "CANTON": "BABAHOYO", "NOMBRE": "CONTRERAS JIMENEZ GINGER JESSICA" }, "geometry": { "type": "Point", "coordinates": [ -79.511950288223758, -1.813419126744299 ] } },
{ "type": "Feature", "properties": { "CI": "2100588041", "GENERO": "MUJER", "PROVINCIA": "SUCUMBIOS", "PARROQUIA": "EL ENO", "SECTOR": "RURAL", "PLANIFICAC": "633 PRE FABRICADAS", "X": -76.883731, "Y": -0.073388, "CANTON": "LAGO AGRIO", "NOMBRE": "CONZA SANCHEZ LILIANA ROCIO" }, "geometry": { "type": "Point", "coordinates": [ -76.883731489545127, -0.073388095753002 ] } },
{ "type": "Feature", "properties": { "CI": "301937835", "GENERO": "MUJER", "PROVINCIA": "CAÑAR", "PARROQUIA": "LUIS CORDERO", "SECTOR": "RURAL", "PLANIFICAC": "633 PRE FABRICADAS", "X": -78.810783, "Y": -2.724053, "CANTON": "AZOGUES", "NOMBRE": "CORAIZACA CARCHIPULLA GLORIA AZUCENA" }, "geometry": { "type": "Point", "coordinates": [ -78.810782720728383, -2.724052536442667 ] } },
{ "type": "Feature", "properties": { "CI": "401868047", "GENERO": "HOMBRE", "PROVINCIA": "CARCHI", "PARROQUIA": "SAN JOSE", "SECTOR": "RURAL", "PLANIFICAC": "633 PRE FABRICADAS", "X": -77.839457, "Y": 0.542007, "CANTON": "MONTUFAR", "NOMBRE": "CORAL MONTENEGRO WILLIAM ANDRÉS" }, "geometry": { "type": "Point", "coordinates": [ -77.839457263371699, 0.542007465654835 ] } },
{ "type": "Feature", "properties": { "CI": "401004494", "GENERO": "MUJER", "PROVINCIA": "CARCHI", "PARROQUIA": "JULIO ANDRADE", "SECTOR": "RURAL", "PLANIFICAC": "633 PRE FABRICADAS", "X": -77.719109, "Y": 0.701634, "CANTON": "TULCAN", "NOMBRE": "CORAL RUALES GLORIA ESPERANZA" }, "geometry": { "type": "Point", "coordinates": [ -77.719109061322811, 0.701634237864247 ] } },
{ "type": "Feature", "properties": { "CI": "201720182", "GENERO": "MUJER", "PROVINCIA": "BOLIVAR", "PARROQUIA": "SIMIATUG", "SECTOR": "URBANO", "PLANIFICAC": "633 PRE FABRICADAS", "X": -78.971762, "Y": -1.28931, "CANTON": "GUARANDA", "NOMBRE": "CORDOVA POAQUIZA ROSA HERMELINDA" }, "geometry": { "type": "Point", "coordinates": [ -78.971761733865847, -1.289310055805275 ] } },
{ "type": "Feature", "properties": { "CI": "1206972356", "GENERO": "HOMBRE", "PROVINCIA": "LOS RIOS", "PARROQUIA": "MOCACHE", "SECTOR": "RURAL", "PLANIFICAC": "633 PRE FABRICADAS", "X": -79.602361, "Y": -1.19782, "CANTON": "MOCACHE", "NOMBRE": "CORONEL RIVAS LUIS JAVIER" }, "geometry": { "type": "Point", "coordinates": [ -79.602360852445997, -1.197820474934365 ] } },
{ "type": "Feature", "properties": { "CI": "1002393708", "GENERO": "HOMBRE", "PROVINCIA": "IMBABURA", "PARROQUIA": "ANDRADE MARIN", "SECTOR": "URBANO", "PLANIFICAC": "633 PRE FABRICADAS", "X": -78.208091, "Y": 0.271095, "CANTON": "ANTONIO ANTE", "NOMBRE": "COTACACHI MANTILLA MANUEL MECIAS" }, "geometry": { "type": "Point", "coordinates": [ -78.208090603070858, 0.271095054887069 ] } },
{ "type": "Feature", "properties": { "CI": "302401211", "GENERO": "MUJER", "PROVINCIA": "CAÑAR", "PARROQUIA": "COJITAMBO", "SECTOR": "RURAL", "PLANIFICAC": "633 PRE FABRICADAS", "X": -78.866715, "Y": -2.747813, "CANTON": "AZOGUES", "NOMBRE": "CRESPO ORTIZ NUBE NARCISA" }, "geometry": { "type": "Point", "coordinates": [ -78.866715135299671, -2.747813252085393 ] } },
{ "type": "Feature", "properties": { "CI": "1313420224", "GENERO": "MUJER", "PROVINCIA": "ORELLANA", "PARROQUIA": "LA JOYA DE LOS SACHAS", "SECTOR": "URBANO", "PLANIFICAC": "633 PRE FABRICADAS", "X": -76.858194, "Y": -0.199693, "CANTON": "LA JOYA DE LOS SACHAS", "NOMBRE": "CRUZ BONE NINFA MABEL" }, "geometry": { "type": "Point", "coordinates": [ -76.858193985087055, -0.199693194157224 ] } },
{ "type": "Feature", "properties": { "CI": "401845086", "GENERO": "MUJER", "PROVINCIA": "CARCHI", "PARROQUIA": "L A PAZ", "SECTOR": "RURAL", "PLANIFICAC": "633 PRE FABRICADAS", "X": -77.862512, "Y": 0.512755, "CANTON": "MONTUFAR", "NOMBRE": "CUASAPAZ LOPEZ YADIRA VANNESSA" }, "geometry": { "type": "Point", "coordinates": [ -77.862511649757295, 0.512755017340319 ] } },
{ "type": "Feature", "properties": { "CI": "401888441", "GENERO": "HOMBRE", "PROVINCIA": "CARCHI", "PARROQUIA": "JULIO ANDRADE", "SECTOR": "RURAL", "PLANIFICAC": "633 PRE FABRICADAS", "X": -77.712742, "Y": 0.677888, "CANTON": "TULCAN", "NOMBRE": "CUASAPAZ NAZATE LUIS ARMANDO" }, "geometry": { "type": "Point", "coordinates": [ -77.712741833822918, 0.677887653922488 ] } },
{ "type": "Feature", "properties": { "CI": "1104055411", "GENERO": "HOMBRE", "PROVINCIA": "LOJA", "PARROQUIA": "CATAMAYO", "SECTOR": "URBANO", "PLANIFICAC": "633 PRE FABRICADAS", "X": -79.368989, "Y": -3.962849, "CANTON": "CATAMAYO", "NOMBRE": "CUEVA RIOFRIO ESTALIN WILFRIDO" }, "geometry": { "type": "Point", "coordinates": [ -79.368989359770723, -3.962848544070226 ] } },
{ "type": "Feature", "properties": { "CI": "1104176696", "GENERO": "MUJER", "PROVINCIA": "LOJA", "PARROQUIA": "QUILANGA", "SECTOR": "URBANO", "PLANIFICAC": "633 PRE FABRICADAS", "X": -79.432866, "Y": -4.329631, "CANTON": "QUILANGA", "NOMBRE": "CUMBICOS CORREA SONIA TERESA" }, "geometry": { "type": "Point", "coordinates": [ -79.432866257498205, -4.329630658777396 ] } },
{ "type": "Feature", "properties": { "CI": "504521402", "GENERO": "MUJER", "PROVINCIA": "COTOPAXI", "PARROQUIA": "GUASAGANDA", "SECTOR": "RURAL", "PLANIFICAC": "633 PRE FABRICADAS", "X": -79.07798, "Y": -0.726268, "CANTON": "LA MANA", "NOMBRE": "CUNUHAY CHUSIN LUCY CENAIDA" }, "geometry": { "type": "Point", "coordinates": [ -79.07798013701931, -0.726268303152426 ] } },
{ "type": "Feature", "properties": { "CI": "940072325", "GENERO": "MUJER", "PROVINCIA": "GUAYAS", "PARROQUIA": "ENGABAO", "SECTOR": "URBANO", "PLANIFICAC": "633 PRE FABRICADAS", "X": -80.483677, "Y": -2.575702, "CANTON": "PLAYAS", "NOMBRE": "DE LA A TOMALA LEYDY FABIOLA" }, "geometry": { "type": "Point", "coordinates": [ -80.48367650568008, -2.575701925956009 ] } },
{ "type": "Feature", "properties": { "CI": "803757855", "GENERO": "MUJER", "PROVINCIA": "EL ORO", "PARROQUIA": "LA VICTORIA", "SECTOR": "URBANO", "PLANIFICAC": "633 PRE FABRICADAS", "X": -80.062412, "Y": -3.790811, "CANTON": "LAS LAJAS", "NOMBRE": "DELGADO ARAUJO RUTH BANESSA" }, "geometry": { "type": "Point", "coordinates": [ -80.062411680933693, -3.790811280507414 ] } },
{ "type": "Feature", "properties": { "CI": "503864696", "GENERO": "MUJER", "PROVINCIA": "COTOPAXI", "PARROQUIA": "LAS PAMPAS", "SECTOR": "RURAL", "PLANIFICAC": "633 PRE FABRICADAS", "X": -78.952094, "Y": -0.400421, "CANTON": "SIGCHOS", "NOMBRE": "DIAS SOTO LIGIA XIMENA" }, "geometry": { "type": "Point", "coordinates": [ -78.952093951774145, -0.400420685040533 ] } },
{ "type": "Feature", "properties": { "CI": "1201673694", "GENERO": "MUJER", "PROVINCIA": "LOS RIOS", "PARROQUIA": "MOCACHE", "SECTOR": "RURAL", "PLANIFICAC": "633 PRE FABRICADAS", "X": -79.478997, "Y": -1.259127, "CANTON": "MOCACHE", "NOMBRE": "DIAZ SALAVARRIA MARIANA JESUS" }, "geometry": { "type": "Point", "coordinates": [ -79.478996561062274, -1.259127380591001 ] } },
{ "type": "Feature", "properties": { "CI": "942915182", "GENERO": "HOMBRE", "PROVINCIA": "GUAYAS", "PARROQUIA": "ENGABAO", "SECTOR": "URBANO", "PLANIFICAC": "633 PRE FABRICADAS", "X": -80.479164, "Y": -2.567522, "CANTON": "PLAYAS", "NOMBRE": "DICAO RODRIGUEZ LUIS ALBERTO" }, "geometry": { "type": "Point", "coordinates": [ -80.479164129588611, -2.56752181262425 ] } },
{ "type": "Feature", "properties": { "CI": "940079866", "GENERO": "MUJER", "PROVINCIA": "GUAYAS", "PARROQUIA": "ENGABAO", "SECTOR": "URBANO", "PLANIFICAC": "633 PRE FABRICADAS", "X": -80.479119, "Y": -2.56754, "CANTON": "PLAYAS", "NOMBRE": "DICAO RODRIGUEZ MARIA MERCEDES" }, "geometry": { "type": "Point", "coordinates": [ -80.47911914554382, -2.567539887713067 ] } },
{ "type": "Feature", "properties": { "CI": "401832738", "GENERO": "HOMBRE", "PROVINCIA": "CARCHI", "PARROQUIA": "LOS ANDES", "SECTOR": "RURAL", "PLANIFICAC": "633 PRE FABRICADAS", "X": -77.958615, "Y": 0.469277, "CANTON": "BOLIVAR", "NOMBRE": "DUARTE CALDERON LUIS HENRY" }, "geometry": { "type": "Point", "coordinates": [ -77.958614899330939, 0.469276699666493 ] } },
{ "type": "Feature", "properties": { "CI": "201765070", "GENERO": "HOMBRE", "PROVINCIA": "CHIMBORAZO", "PARROQUIA": "CUMANDA", "SECTOR": "URBANO", "PLANIFICAC": "633 PRE FABRICADAS", "X": -79.123837, "Y": -2.211389, "CANTON": "CUMANDA", "NOMBRE": "DUCHE QUINATOA JOSE FABIAN" }, "geometry": { "type": "Point", "coordinates": [ -79.123836648714246, -2.21138898923589 ] } },
{ "type": "Feature", "properties": { "CI": "1724177074", "GENERO": "MUJER", "PROVINCIA": "BOLIVAR", "PARROQUIA": "ECHEANDIA", "SECTOR": "URBANO", "PLANIFICAC": "633 PRE FABRICADAS", "X": -79.231418, "Y": -1.423651, "CANTON": "ECHEANDIA", "NOMBRE": "EDITH MARGOTH ESPIN GUERRERO" }, "geometry": { "type": "Point", "coordinates": [ -79.231417790534763, -1.423650949837777 ] } },
{ "type": "Feature", "properties": { "CI": "2100247283", "GENERO": "HOMBRE", "PROVINCIA": "SUCUMBIOS", "PARROQUIA": "SHUSHSUFINDI", "SECTOR": "RURAL", "PLANIFICAC": "633 PRE FABRICADAS", "X": -76.712433, "Y": -0.128704, "CANTON": "SHUSHUFINDI", "NOMBRE": "ENCARNACIÓN BRAVO JOSE ANIBAL" }, "geometry": { "type": "Point", "coordinates": [ -76.712432961781772, -0.12870351899338 ] } },
{ "type": "Feature", "properties": { "CI": "503830325", "GENERO": "MUJER", "PROVINCIA": "COTOPAXI", "PARROQUIA": "SAQUISILI", "SECTOR": "URBANO", "PLANIFICAC": "633 PRE FABRICADAS", "X": -78.708291, "Y": -0.824803, "CANTON": "SAQUISILI", "NOMBRE": "ESPIN  NARVAEZ LAYLA ANABEL" }, "geometry": { "type": "Point", "coordinates": [ -78.708291309007123, -0.824802707074009 ] } },
{ "type": "Feature", "properties": { "CI": "201949682", "GENERO": "MUJER", "PROVINCIA": "BOLIVAR", "PARROQUIA": "SAN VICENTE", "SECTOR": "RURAL", "PLANIFICAC": "633 PRE FABRICADAS", "X": -79.001215, "Y": -1.76322, "CANTON": "SAN MIGUEL", "NOMBRE": "ESTRADA ALARCON NELLY MAGALY" }, "geometry": { "type": "Point", "coordinates": [ -79.001215048506154, -1.763220001526248 ] } },
{ "type": "Feature", "properties": { "CI": "921172193", "GENERO": "MUJER", "PROVINCIA": "CHIMBORAZO", "PARROQUIA": "CUMANDA", "SECTOR": "URBANO", "PLANIFICAC": "633 PRE FABRICADAS", "X": -79.13143, "Y": -2.21309, "CANTON": "CUMANDA", "NOMBRE": "ESTRADA LOMBEIDA ELSA IRENE" }, "geometry": { "type": "Point", "coordinates": [ -79.131429870636524, -2.213089544157181 ] } },
{ "type": "Feature", "properties": { "CI": "1202344592", "GENERO": "HOMBRE", "PROVINCIA": "SUCUMBIOS", "PARROQUIA": "SAN PEDRO DE LOS COFANES", "SECTOR": "RURAL", "PLANIFICAC": "633 PRE FABRICADAS", "X": -76.822256, "Y": -0.172209, "CANTON": "SHUSHUFINDI", "NOMBRE": "ESTRADA TROYA ERMEL FRIDGERAL" }, "geometry": { "type": "Point", "coordinates": [ -76.822256194928968, -0.172209326919606 ] } },
{ "type": "Feature", "properties": { "CI": "1308804606", "GENERO": "MUJER", "PROVINCIA": "MANABI", "PARROQUIA": "EL CARMEN", "SECTOR": "URBANO", "PLANIFICAC": "633 PRE FABRICADAS", "X": -79.479254, "Y": -0.188859, "CANTON": "EL CARMEN", "NOMBRE": "FALCONEZ VELEZ CRISTINA DEL ROSARIO" }, "geometry": { "type": "Point", "coordinates": [ -79.479254426169291, -0.188859006403222 ] } },
{ "type": "Feature", "properties": { "CI": "1205007154", "GENERO": "MUJER", "PROVINCIA": "CHIMBORAZO", "PARROQUIA": "CUMANDA", "SECTOR": "URBANO", "PLANIFICAC": "633 PRE FABRICADAS", "X": -79.155333, "Y": -2.204258, "CANTON": "CUMANDA", "NOMBRE": "FIGUEROA SEVILLANO INOCENTA JOSEFINA" }, "geometry": { "type": "Point", "coordinates": [ -79.155332656756727, -2.204258020771773 ] } },
{ "type": "Feature", "properties": { "CI": "801993973", "GENERO": "MUJER", "PROVINCIA": "ESMERALDAS", "PARROQUIA": "TONSUPA", "SECTOR": "URBANO", "PLANIFICAC": "633 PRE FABRICADAS", "X": -79.825359, "Y": 0.87858, "CANTON": "ATACAMES", "NOMBRE": "FLECHER BAZURTO CARMEN JESUS" }, "geometry": { "type": "Point", "coordinates": [ -79.825358950032751, 0.878579817829772 ] } },
{ "type": "Feature", "properties": { "CI": "928384361", "GENERO": "MUJER", "PROVINCIA": "SANTA ELENA", "PARROQUIA": "COLONCHE", "SECTOR": "RURAL", "PLANIFICAC": "633 PRE FABRICADAS", "X": -80.603985, "Y": -2.117581, "CANTON": "SANTA ELENA", "NOMBRE": "FLORES GONZALEZ JENNY KARINA" }, "geometry": { "type": "Point", "coordinates": [ -80.603985133293662, -2.117580829600069 ] } },
{ "type": "Feature", "properties": { "CI": "915352249", "GENERO": "MUJER", "PROVINCIA": "SANTA ELENA", "PARROQUIA": "COLONCHE", "SECTOR": "RURAL", "PLANIFICAC": "633 PRE FABRICADAS", "X": -80.604129, "Y": -2.118178, "CANTON": "SANTA ELENA", "NOMBRE": "FLORES GONZALEZ MERCEDES FANNY" }, "geometry": { "type": "Point", "coordinates": [ -80.60412886385005, -2.118177966729223 ] } },
{ "type": "Feature", "properties": { "CI": "605775766", "GENERO": "MUJER", "PROVINCIA": "BOLIVAR", "PARROQUIA": "GUANUJO", "SECTOR": "URBANO", "PLANIFICAC": "633 PRE FABRICADAS", "X": -78.993825, "Y": -1.536486, "CANTON": "GUARANDA", "NOMBRE": "GAGLAY GAGLAY MAYRA JISELA" }, "geometry": { "type": "Point", "coordinates": [ -78.993824872445998, -1.53648629036767 ] } },
{ "type": "Feature", "properties": { "CI": "202507588", "GENERO": "MUJER", "PROVINCIA": "BOLIVAR", "PARROQUIA": "SAN MIGUEL", "SECTOR": "URBANO", "PLANIFICAC": "633 PRE FABRICADAS", "X": -79.056101, "Y": -1.705506, "CANTON": "SAN MIGUEL", "NOMBRE": "GAIBOR FUENTES JOSELIN GABRIELA" }, "geometry": { "type": "Point", "coordinates": [ -79.056101037094976, -1.705506182846327 ] } },
{ "type": "Feature", "properties": { "CI": "2100374004", "GENERO": "HOMBRE", "PROVINCIA": "SUCUMBIOS", "PARROQUIA": "EL ENO", "SECTOR": "RURAL", "PLANIFICAC": "633 PRE FABRICADAS", "X": -76.824962, "Y": -0.11335, "CANTON": "LAGO AGRIO", "NOMBRE": "GAIBOR MONTERO CESAR AUGUSTO" }, "geometry": { "type": "Point", "coordinates": [ -76.824961575140264, -0.113349620460083 ] } },
{ "type": "Feature", "properties": { "CI": "2100200829", "GENERO": "MUJER", "PROVINCIA": "SUCUMBIOS", "PARROQUIA": "NUEVA LOJA", "SECTOR": "URBANO", "PLANIFICAC": "633 PRE FABRICADAS", "X": -76.875828, "Y": 0.090237, "CANTON": "LAGO AGRIO", "NOMBRE": "GARCIA CEDEÑO PIEDAD ROCIO" }, "geometry": { "type": "Point", "coordinates": [ -76.875827926620914, 0.090237278193344 ] } },
{ "type": "Feature", "properties": { "CI": "202229829", "GENERO": "MUJER", "PROVINCIA": "BOLIVAR", "PARROQUIA": "LAS MERCEDES", "SECTOR": "URBANO", "PLANIFICAC": "633 PRE FABRICADAS", "X": -79.345833, "Y": -1.290903, "CANTON": "LAS NAVES", "NOMBRE": "GARCIA LUCIO DANIELA PATRICIA" }, "geometry": { "type": "Point", "coordinates": [ -79.345833210453975, -1.290903302074172 ] } },
{ "type": "Feature", "properties": { "CI": "1306998947", "GENERO": "MUJER", "PROVINCIA": "MANABI", "PARROQUIA": "CALCETA", "SECTOR": "URBANO", "PLANIFICAC": "633 PRE FABRICADAS", "X": -80.168249, "Y": -0.815049, "CANTON": "BOLIVAR", "NOMBRE": "GARCIA MOLINA LUCINA MARIA" }, "geometry": { "type": "Point", "coordinates": [ -80.168249281134393, -0.815048814627832 ] } },
{ "type": "Feature", "properties": { "CI": "1204342008", "GENERO": "MUJER", "PROVINCIA": "LOS RIOS", "PARROQUIA": "MOCACHE", "SECTOR": "RURAL", "PLANIFICAC": "633 PRE FABRICADAS", "X": -79.46495, "Y": -1.247326, "CANTON": "MOCACHE", "NOMBRE": "GARCIA MONCADA ANA MIREYA" }, "geometry": { "type": "Point", "coordinates": [ -79.464949816593943, -1.247325711293631 ] } },
{ "type": "Feature", "properties": { "CI": "917662165", "GENERO": "MUJER", "PROVINCIA": "GUAYAS", "PARROQUIA": "ENGABAO", "SECTOR": "URBANO", "PLANIFICAC": "633 PRE FABRICADAS", "X": -80.490488, "Y": -2.571127, "CANTON": "PLAYAS", "NOMBRE": "GARCIA MUÑOZ GLADYS ESMELIDA" }, "geometry": { "type": "Point", "coordinates": [ -80.490487850133391, -2.571127015324949 ] } },
{ "type": "Feature", "properties": { "CI": "201497922", "GENERO": "MUJER", "PROVINCIA": "BOLIVAR", "PARROQUIA": "SAN LORENZO", "SECTOR": "RURAL", "PLANIFICAC": "633 PRE FABRICADAS", "X": -78.993647, "Y": -1.676075, "CANTON": "GUARANDA", "NOMBRE": "GARCIA RUIZ VILMA DEONILA" }, "geometry": { "type": "Point", "coordinates": [ -78.993646708199421, -1.676074997709605 ] } },
{ "type": "Feature", "properties": { "CI": "201717055", "GENERO": "MUJER", "PROVINCIA": "COTOPAXI", "PARROQUIA": "MORASPUNGO", "SECTOR": "RURAL", "PLANIFICAC": "633 PRE FABRICADAS", "X": -79.18706, "Y": -0.986862, "CANTON": "PANGUA", "NOMBRE": "GARCIA SANCHEZ EMMA MARIBEL" }, "geometry": { "type": "Point", "coordinates": [ -79.187059835881286, -0.986862040019227 ] } },
{ "type": "Feature", "properties": { "CI": "250034063", "GENERO": "MUJER", "PROVINCIA": "BOLIVAR", "PARROQUIA": "JULIO MORENO", "SECTOR": "URBANO", "PLANIFICAC": "633 PRE FABRICADAS", "X": -79.12825, "Y": -1.569755, "CANTON": "GUARANDA", "NOMBRE": "GAVILAN CHELA SILVIA CLORINDA" }, "geometry": { "type": "Point", "coordinates": [ -79.128250063688668, -1.569755079931803 ] } },
{ "type": "Feature", "properties": { "CI": "202359428", "GENERO": "MUJER", "PROVINCIA": "BOLIVAR", "PARROQUIA": "JULIO MORENO", "SECTOR": "RURAL", "PLANIFICAC": "633 PRE FABRICADAS", "X": -79.058942, "Y": -1.574345, "CANTON": "GUARANDA", "NOMBRE": "GAVILANES VILLAMARIN GLADYS JUDITH" }, "geometry": { "type": "Point", "coordinates": [ -79.058941529169502, -1.574345142307813 ] } },
{ "type": "Feature", "properties": { "CI": "1805511712", "GENERO": "MUJER", "PROVINCIA": "TUNGURAHUA", "PARROQUIA": "SUCRE", "SECTOR": "RURAL", "PLANIFICAC": "633 PRE FABRICADAS", "X": -78.495275, "Y": -1.26563, "CANTON": "PATATE", "NOMBRE": "GAVILANEZ GUAMBO DIANA MONSERRATH" }, "geometry": { "type": "Point", "coordinates": [ -78.495274525326067, -1.265629946607473 ] } },
{ "type": "Feature", "properties": { "CI": "1400578207", "GENERO": "MUJER", "PROVINCIA": "MORONA SANTIAGO", "PARROQUIA": "HUAMBI", "SECTOR": "RURAL", "PLANIFICAC": "633 PRE FABRICADAS", "X": -78.187632, "Y": -2.567709, "CANTON": "SUCUA", "NOMBRE": "GOMEZ GOMEZ NARCIZA DE JESUS" }, "geometry": { "type": "Point", "coordinates": [ -78.187631962321461, -2.567709064435258 ] } },
{ "type": "Feature", "properties": { "CI": "944376623", "GENERO": "HOMBRE", "PROVINCIA": "GUAYAS", "PARROQUIA": "ENGABAO", "SECTOR": "URBANO", "PLANIFICAC": "633 PRE FABRICADAS", "X": -80.479279, "Y": -2.573149, "CANTON": "PLAYAS", "NOMBRE": "GONZABAY TOMALA LUIS FERNANDO" }, "geometry": { "type": "Point", "coordinates": [ -80.479278788585944, -2.573148942027485 ] } },
{ "type": "Feature", "properties": { "CI": "402019038", "GENERO": "HOMBRE", "PROVINCIA": "CARCHI", "PARROQUIA": "GONZALEZ SUAREZ", "SECTOR": "RURAL", "PLANIFICAC": "633 PRE FABRICADAS", "X": -77.718657, "Y": 0.844686, "CANTON": "TULCAN", "NOMBRE": "GORDON PEÑA HECTOR MAURICIO" }, "geometry": { "type": "Point", "coordinates": [ -77.7186567718162, 0.844686148289069 ] } },
{ "type": "Feature", "properties": { "CI": "102841251", "GENERO": "MUJER", "PROVINCIA": "MORONA SANTIAGO", "PARROQUIA": "SUCUA", "SECTOR": "URBANO", "PLANIFICAC": "633 PRE FABRICADAS", "X": -78.163432, "Y": -2.431464, "CANTON": "SUCUA", "NOMBRE": "GRANDA TAMAY ROSARIO" }, "geometry": { "type": "Point", "coordinates": [ -78.163432247753178, -2.431464322310023 ] } },
{ "type": "Feature", "properties": { "CI": "1804549986", "GENERO": "HOMBRE", "PROVINCIA": "TUNGURAHUA", "PARROQUIA": "P. URBINA", "SECTOR": "RURAL", "PLANIFICAC": "633 PRE FABRICADAS", "X": -78.557095, "Y": -1.146067, "CANTON": "PILLARO", "NOMBRE": "GUACHI ALVAREZ LUIS HERMOGENES" }, "geometry": { "type": "Point", "coordinates": [ -78.557095172095387, -1.146067157191101 ] } },
{ "type": "Feature", "properties": { "CI": "1103052161", "GENERO": "MUJER", "PROVINCIA": "ZAMORA CHINCHIPE", "PARROQUIA": "YANTZAZA (YANZATZA)", "SECTOR": "RURAL", "PLANIFICAC": "633 PRE FABRICADAS", "X": -78.779269, "Y": -3.720761, "CANTON": "YANTZAZA", "NOMBRE": "GUAILLAS GUAMAN MARIA ALEGRIA" }, "geometry": { "type": "Point", "coordinates": [ -78.779269211527861, -3.72076098935164 ] } },
{ "type": "Feature", "properties": { "CI": "1003397203", "GENERO": "HOMBRE", "PROVINCIA": "IMBABURA", "PARROQUIA": "URCUQUI", "SECTOR": "URBANO", "PLANIFICAC": "633 PRE FABRICADAS", "X": -78.190882, "Y": 0.451818, "CANTON": "SAN MIGUEL DE URCUQUI", "NOMBRE": "GUALACATA ANRANGO MARCO VINICIO" }, "geometry": { "type": "Point", "coordinates": [ -78.190881816031762, 0.451818362789263 ] } },
{ "type": "Feature", "properties": { "CI": "450024161", "GENERO": "HOMBRE", "PROVINCIA": "CARCHI", "PARROQUIA": "TUFIÑO", "SECTOR": "RURAL", "PLANIFICAC": "633 PRE FABRICADAS", "X": -77.856397, "Y": 0.7999, "CANTON": "TULCAN", "NOMBRE": "GUAMÁN CHILES BRAYAN ALEXANDER" }, "geometry": { "type": "Point", "coordinates": [ -77.856396585868396, 0.799899943285053 ] } },
{ "type": "Feature", "properties": { "CI": "201923976", "GENERO": "MUJER", "PROVINCIA": "BOLIVAR", "PARROQUIA": "VEINTIMILLA", "SECTOR": "URBANO", "PLANIFICAC": "633 PRE FABRICADAS", "X": -79.006408, "Y": -1.575377, "CANTON": "GUARANDA", "NOMBRE": "GUAMAN GUTIERREZ BELGICA MARIBEL" }, "geometry": { "type": "Point", "coordinates": [ -79.006408359591717, -1.575377185295041 ] } },
{ "type": "Feature", "properties": { "CI": "201841012", "GENERO": "HOMBRE", "PROVINCIA": "LOS RIOS", "PARROQUIA": "VENTANAS", "SECTOR": "RURAL", "PLANIFICAC": "633 PRE FABRICADAS", "X": -79.467642, "Y": -1.454408, "CANTON": "VENTANAS", "NOMBRE": "GUAMAN PAREDES VICTOR HERNAN" }, "geometry": { "type": "Point", "coordinates": [ -79.467641547979156, -1.454407974906616 ] } },
{ "type": "Feature", "properties": { "CI": "2100533971", "GENERO": "MUJER", "PROVINCIA": "SUCUMBIOS", "PARROQUIA": "SIETE DE JULIO", "SECTOR": "RURAL", "PLANIFICAC": "633 PRE FABRICADAS", "X": -76.744247, "Y": -0.203605, "CANTON": "SHUSHUFINDI", "NOMBRE": "GUAMBO VELASCO LAURA NOEMI" }, "geometry": { "type": "Point", "coordinates": [ -76.744247118616073, -0.203605236146988 ] } },
{ "type": "Feature", "properties": { "CI": "650420714", "GENERO": "MUJER", "PROVINCIA": "ORELLANA", "PARROQUIA": "LA JOYA DE LOS SACHAS/LOTIZACION SOLIDARIO 4", "SECTOR": "URBANO", "PLANIFICAC": "633 PRE FABRICADAS", "X": -76.875892, "Y": -0.300959, "CANTON": "LA JOYA DE LOS SACHAS", "NOMBRE": "GUAMBO VILLA SILVANA KATHERINE" }, "geometry": { "type": "Point", "coordinates": [ -76.875892477881976, -0.300959382734951 ] } },
{ "type": "Feature", "properties": { "CI": "202416475", "GENERO": "MUJER", "PROVINCIA": "BOLIVAR", "PARROQUIA": "GUANUJO", "SECTOR": "URBANO", "PLANIFICAC": "633 PRE FABRICADAS", "X": -78.932221, "Y": -1.517937, "CANTON": "GUARANDA", "NOMBRE": "GUAQUIPANA GUAQUIPANA MARGOTH MAGDALENA" }, "geometry": { "type": "Point", "coordinates": [ -78.932221366995449, -1.517936568804927 ] } },
{ "type": "Feature", "properties": { "CI": "502820277", "GENERO": "MUJER", "PROVINCIA": "COTOPAXI", "PARROQUIA": "PUCAYACU-", "SECTOR": "RURAL", "PLANIFICAC": "633 PRE FABRICADAS", "X": -79.115728, "Y": -0.717242, "CANTON": "LA MANA", "NOMBRE": "GUAROCHICO TIMBILA LIGIA MARLENE" }, "geometry": { "type": "Point", "coordinates": [ -79.115728213742841, -0.717241932382407 ] } },
{ "type": "Feature", "properties": { "CI": "2150272751", "GENERO": "MUJER", "PROVINCIA": "SUCUMBIOS", "PARROQUIA": "10 DE AGOSTO", "SECTOR": "RURAL", "PLANIFICAC": "633 PRE FABRICADAS", "X": -76.896277, "Y": 0.180479, "CANTON": "LAGO AGRIO", "NOMBRE": "GUAYANAY VERDESOTO DAMARIS ROCIO" }, "geometry": { "type": "Point", "coordinates": [ -76.896276550625643, 0.180479218420666 ] } },
{ "type": "Feature", "properties": { "CI": "2100736053", "GENERO": "MUJER", "PROVINCIA": "SUCUMBIOS", "PARROQUIA": "SANTA CECILIA", "SECTOR": "RURAL", "PLANIFICAC": "633 PRE FABRICADAS", "X": -76.933801, "Y": 0.008493, "CANTON": "LAGO AGRIO", "NOMBRE": "GUERRERO MUEPAZ JACQUELINE ELIZABETH" }, "geometry": { "type": "Point", "coordinates": [ -76.933801057879265, 0.008492939919684 ] } },
{ "type": "Feature", "properties": { "CI": "1900535988", "GENERO": "HOMBRE", "PROVINCIA": "ZAMORA CHINCHIPE", "PARROQUIA": "ZURMI", "SECTOR": "RURAL", "PLANIFICAC": "633 PRE FABRICADAS", "X": -78.659896, "Y": -4.22792, "CANTON": "NANGARITZA", "NOMBRE": "GUEVARA ALVAREZ YOVANY JOSE" }, "geometry": { "type": "Point", "coordinates": [ -78.659896134521716, -4.22792045606649 ] } },
{ "type": "Feature", "properties": { "CI": "201758927", "GENERO": "MUJER", "PROVINCIA": "BOLIVAR", "PARROQUIA": "LA MAGDALENA", "SECTOR": "RURAL", "PLANIFICAC": "633 PRE FABRICADAS", "X": -79.080902, "Y": -1.66655, "CANTON": "CHIMBO", "NOMBRE": "GUEVARA SALAZAR RUTH MARITZA" }, "geometry": { "type": "Point", "coordinates": [ -79.080901636624617, -1.666550225635792 ] } },
{ "type": "Feature", "properties": { "CI": "1500491392", "GENERO": "MUJER", "PROVINCIA": "ORELLANA", "PARROQUIA": "EL COCA ÑUCANCHI WASY", "SECTOR": "URBANO", "PLANIFICAC": "633 PRE FABRICADAS", "X": -77.001293, "Y": -0.463639, "CANTON": "FRANCISCO DE ORELLANA", "NOMBRE": "GUTIERREZ NOA ISELA LUCIA" }, "geometry": { "type": "Point", "coordinates": [ -77.001292879213665, -0.463638925186121 ] } },
{ "type": "Feature", "properties": { "CI": "1205219510", "GENERO": "MUJER", "PROVINCIA": "LOS RIOS", "PARROQUIA": "MOCACHE", "SECTOR": "RURAL", "PLANIFICAC": "633 PRE FABRICADAS", "X": -79.632675, "Y": -1.189614, "CANTON": "MOCACHE", "NOMBRE": "HOLGUIN RIVAS CLARA AZUCENA" }, "geometry": { "type": "Point", "coordinates": [ -79.632674909509234, -1.189614251226244 ] } },
{ "type": "Feature", "properties": { "CI": "2100688247", "GENERO": "HOMBRE", "PROVINCIA": "SUCUMBIOS", "PARROQUIA": "SANTA CECILIA", "SECTOR": "RURAL", "PLANIFICAC": "633 PRE FABRICADAS", "X": -76.984637, "Y": 0.09025, "CANTON": "LAGO AGRIO", "NOMBRE": "HUILCA LLAMUCO JOSE GABRIEL" }, "geometry": { "type": "Point", "coordinates": [ -76.984636838873456, 0.090249554479353 ] } },
{ "type": "Feature", "properties": { "CI": "200829182", "GENERO": "HOMBRE", "PROVINCIA": "SUCUMBIOS", "PARROQUIA": "SANTA CECILIA", "SECTOR": "RURAL", "PLANIFICAC": "633 PRE FABRICADAS", "X": -77.011689, "Y": 0.180505, "CANTON": "LAGO AGRIO", "NOMBRE": "ILVES CAMACHO ANGEL ESTUARDO" }, "geometry": { "type": "Point", "coordinates": [ -77.011688738327166, 0.180505109151023 ] } },
{ "type": "Feature", "properties": { "CI": "401823976", "GENERO": "MUJER", "PROVINCIA": "CARCHI", "PARROQUIA": "JULIO ANDRADE", "SECTOR": "RURAL", "PLANIFICAC": "633 PRE FABRICADAS", "X": -77.715713, "Y": 0.691245, "CANTON": "TULCAN", "NOMBRE": "IMBAQUINGO IMBAQUINGO JOHANA ESPERANZA" }, "geometry": { "type": "Point", "coordinates": [ -77.715713051405956, 0.691245453081669 ] } },
{ "type": "Feature", "properties": { "CI": "1000732063", "GENERO": "MUJER", "PROVINCIA": "EL ORO", "PARROQUIA": "SANTA ROSA", "SECTOR": "URBANO", "PLANIFICAC": "633 PRE FABRICADAS", "X": -79.929158, "Y": -3.46846, "CANTON": "SANTA ROSA", "NOMBRE": "IMBAQUINGO TERAN AMADA ELISA" }, "geometry": { "type": "Point", "coordinates": [ -79.929158132069745, -3.468460030060704 ] } },
{ "type": "Feature", "properties": { "CI": "1723317952", "GENERO": "MUJER", "PROVINCIA": "ESMERALDAS", "PARROQUIA": "LA UNION DE QUININDE", "SECTOR": "RURAL", "PLANIFICAC": "633 PRE FABRICADAS", "X": -79.362595, "Y": 0.130629, "CANTON": "QUININDE", "NOMBRE": "JAMA PILAMUNGA MAYRA ALEXANDRA" }, "geometry": { "type": "Point", "coordinates": [ -79.36259500363056, 0.130628933097421 ] } },
{ "type": "Feature", "properties": { "CI": "1103481311", "GENERO": "HOMBRE", "PROVINCIA": "LOJA", "PARROQUIA": "SAN ANTONIO DE LAS ARADAS", "SECTOR": "RURAL", "PLANIFICAC": "633 PRE FABRICADAS", "X": -79.402208, "Y": -4.360154, "CANTON": "QUILANGA", "NOMBRE": "JARAMILLO CARRION JOSE MOISES" }, "geometry": { "type": "Point", "coordinates": [ -79.402207863427336, -4.360153597867963 ] } },
{ "type": "Feature", "properties": { "CI": "604821256", "GENERO": "MUJER", "PROVINCIA": "CHIMBORAZO", "PARROQUIA": "SAN ANDRES", "SECTOR": "RURAL", "PLANIFICAC": "633 PRE FABRICADAS", "X": -78.732962, "Y": -1.575674, "CANTON": "GUANO", "NOMBRE": "JAYA LOPEZ VILMA GRACIELA" }, "geometry": { "type": "Point", "coordinates": [ -78.732961901691624, -1.575673724730213 ] } },
{ "type": "Feature", "properties": { "CI": "202279071", "GENERO": "MUJER", "PROVINCIA": "BOLIVAR", "PARROQUIA": "GUANUJO", "SECTOR": "URBANO", "PLANIFICAC": "633 PRE FABRICADAS", "X": -78.928383, "Y": -1.52937, "CANTON": "GUARANDA", "NOMBRE": "JAYA TIBAMLOMBO LUCRECIA MARGOTH" }, "geometry": { "type": "Point", "coordinates": [ -78.928383262034529, -1.529370121832567 ] } },
{ "type": "Feature", "properties": { "CI": "202094843", "GENERO": "MUJER", "PROVINCIA": "BOLIVAR", "PARROQUIA": "CALUMA", "SECTOR": "URBANO", "PLANIFICAC": "633 PRE FABRICADAS", "X": -79.259834, "Y": -1.640308, "CANTON": "CALUMA", "NOMBRE": "JIMENEZ BARCENES ROSA MIREYA" }, "geometry": { "type": "Point", "coordinates": [ -79.259834057200237, -1.64030811745836 ] } },
{ "type": "Feature", "properties": { "CI": "1103584726", "GENERO": "HOMBRE", "PROVINCIA": "ZAMORA CHINCHIPE", "PARROQUIA": "SAN FRANCISCO DE VERGEL", "SECTOR": "RURAL", "PLANIFICAC": "633 PRE FABRICADAS", "X": -79.057297, "Y": -4.771642, "CANTON": "PALANDA", "NOMBRE": "JIMENEZ JIMENEZ JOSE BAUDILIO" }, "geometry": { "type": "Point", "coordinates": [ -79.057296643676324, -4.771642049660286 ] } },
{ "type": "Feature", "properties": { "CI": "1900810092", "GENERO": "MUJER", "PROVINCIA": "ZAMORA CHINCHIPE", "PARROQUIA": "GUAYZIMI", "SECTOR": "URBANO", "PLANIFICAC": "633 PRE FABRICADAS", "X": -78.680776, "Y": -4.045395, "CANTON": "NANGARITZA", "NOMBRE": "JIMENEZ ZHUNAULA MARIUXI ELIZABETH" }, "geometry": { "type": "Point", "coordinates": [ -78.680775617412948, -4.045395315215707 ] } },
{ "type": "Feature", "properties": { "CI": "202065504", "GENERO": "MUJER", "PROVINCIA": "BOLIVAR", "PARROQUIA": "VEINTIMILLA (JOYOCOTO)", "SECTOR": "RURAL", "PLANIFICAC": "633 PRE FABRICADAS", "X": -79.0, "Y": -1.57, "CANTON": "GUARANDA", "NOMBRE": "JOGACHO SISA AIDA MARIELA" }, "geometry": { "type": "Point", "coordinates": [ -78.99999999633863, -1.569999995849795 ] } },
{ "type": "Feature", "properties": { "CI": "1003810650", "GENERO": "MUJER", "PROVINCIA": "IMBABURA", "PARROQUIA": "PIMAMPIRO", "SECTOR": "URBANO", "PLANIFICAC": "633 PRE FABRICADAS", "X": -77.940361, "Y": 0.361373, "CANTON": "PIMAMPIRO", "NOMBRE": "JUMA DIAZ DIANA MARICELA" }, "geometry": { "type": "Point", "coordinates": [ -77.940361218310343, 0.361373162828433 ] } },
{ "type": "Feature", "properties": { "CI": "1714531165", "GENERO": "MUJER", "PROVINCIA": "COTOPAXI", "PARROQUIA": "LAS PAMPAS", "SECTOR": "RURAL", "PLANIFICAC": "633 PRE FABRICADAS", "X": -78.96687, "Y": -0.428137, "CANTON": "SIGCHOS", "NOMBRE": "LARA SAFLA GLORIA CARMEN" }, "geometry": { "type": "Point", "coordinates": [ -78.966869987959399, -0.428136818442212 ] } },
{ "type": "Feature", "properties": { "CI": "301133849", "GENERO": "MUJER", "PROVINCIA": "CAÑAR", "PARROQUIA": "GUAPAN", "SECTOR": "RURAL", "PLANIFICAC": "633 PRE FABRICADAS", "X": -78.853564, "Y": -2.71103, "CANTON": "AZOGUES", "NOMBRE": "LATACELA SIGUENZA LOURDES ENCARNACION" }, "geometry": { "type": "Point", "coordinates": [ -78.853564041029159, -2.711029889783906 ] } },
{ "type": "Feature", "properties": { "CI": "302599311", "GENERO": "MUJER", "PROVINCIA": "CAÑAR", "PARROQUIA": "BIBLIAN", "SECTOR": "URBANO", "PLANIFICAC": "633 PRE FABRICADAS", "X": -78.91559, "Y": -2.64766, "CANTON": "BIBLIAN", "NOMBRE": "LAZO HUERA WILMER VINICIO" }, "geometry": { "type": "Point", "coordinates": [ -78.915590003977826, -2.647659995789349 ] } },
{ "type": "Feature", "properties": { "CI": "2400246043", "GENERO": "MUJER", "PROVINCIA": "SANTA ELENA", "PARROQUIA": "COLONCHE", "SECTOR": "RURAL", "PLANIFICAC": "633 PRE FABRICADAS", "X": -80.603697, "Y": -2.117762, "CANTON": "SANTA ELENA", "NOMBRE": "LEAL NEIRA CINTHYA PAOLA" }, "geometry": { "type": "Point", "coordinates": [ -80.603697323124479, -2.117761695070728 ] } },
{ "type": "Feature", "properties": { "CI": "2400414500", "GENERO": "MUJER", "PROVINCIA": "SANTA ELENA", "PARROQUIA": "COLONCHE", "SECTOR": "RURAL", "PLANIFICAC": "633 PRE FABRICADAS", "X": -80.60376, "Y": -2.117834, "CANTON": "SANTA ELENA", "NOMBRE": "LEAL NEIRA EVELYN STEFANIA" }, "geometry": { "type": "Point", "coordinates": [ -80.603760253163912, -2.117834087031153 ] } },
{ "type": "Feature", "properties": { "CI": "605683721", "GENERO": "MUJER", "PROVINCIA": "CHIMBORAZO", "PARROQUIA": "SIBAMBE", "SECTOR": "URBANO", "PLANIFICAC": "633 PRE FABRICADAS", "X": -78.921277, "Y": -2.123364, "CANTON": "ALAUSI", "NOMBRE": "LEMA QUITO CARLOS ALFREDO" }, "geometry": { "type": "Point", "coordinates": [ -78.92127691914817, -2.123363571500232 ] } },
{ "type": "Feature", "properties": { "CI": "201550118", "GENERO": "MUJER", "PROVINCIA": "BOLIVAR", "PARROQUIA": "LA MAGDALENA", "SECTOR": "RURAL", "PLANIFICAC": "633 PRE FABRICADAS", "X": -79.075142, "Y": -1.666224, "CANTON": "CHIMBO", "NOMBRE": "LEMA SALAZAR MARTHA BERTILA" }, "geometry": { "type": "Point", "coordinates": [ -79.075142284962325, -1.666224388384914 ] } },
{ "type": "Feature", "properties": { "CI": "913286696", "GENERO": "HOMBRE", "PROVINCIA": "LOS RIOS", "PARROQUIA": "VENTANAS", "SECTOR": "RURAL", "PLANIFICAC": "633 PRE FABRICADAS", "X": -79.396107, "Y": -1.484826, "CANTON": "VENTANAS", "NOMBRE": "LEON GAMARRA GUZMAN EDUARDO" }, "geometry": { "type": "Point", "coordinates": [ -79.396107355100995, -1.484826144355251 ] } },
{ "type": "Feature", "properties": { "CI": "1204979916", "GENERO": "HOMBRE", "PROVINCIA": "LOS RIOS", "PARROQUIA": "GUARE", "SECTOR": "RURAL", "PLANIFICAC": "633 PRE FABRICADAS", "X": -79.712437, "Y": -1.685697, "CANTON": "BABA", "NOMBRE": "LEON GAVILANES LUIS MEDARDO" }, "geometry": { "type": "Point", "coordinates": [ -79.7124374644456, -1.685696523621959 ] } },
{ "type": "Feature", "properties": { "CI": "1207465046", "GENERO": "HOMBRE", "PROVINCIA": "LOS RIOS", "PARROQUIA": "VENTANAS", "SECTOR": "RURAL", "PLANIFICAC": "633 PRE FABRICADAS", "X": -79.396503, "Y": -1.485007, "CANTON": "VENTANAS", "NOMBRE": "LEON RIOS JOSE JULIAN" }, "geometry": { "type": "Point", "coordinates": [ -79.396502617569737, -1.485007306756003 ] } },
{ "type": "Feature", "properties": { "CI": "1805258777", "GENERO": "MUJER", "PROVINCIA": "TUNGURAHUA", "PARROQUIA": "MATRIZ", "SECTOR": "URBANO", "PLANIFICAC": "633 PRE FABRICADAS", "X": -78.479647, "Y": -1.30458, "CANTON": "PATATE", "NOMBRE": "LESANO ACOSTA CRISTINAMAGALY" }, "geometry": { "type": "Point", "coordinates": [ -78.4796466349827, -1.304579528856154 ] } },
{ "type": "Feature", "properties": { "CI": "940073356", "GENERO": "MUJER", "PROVINCIA": "GUAYAS", "PARROQUIA": "ENGABAO", "SECTOR": "URBANO", "PLANIFICAC": "633 PRE FABRICADAS", "X": -80.479227, "Y": -2.568707, "CANTON": "PLAYAS", "NOMBRE": "LINDAO DE LOS ANGELES JENNIFER YESENIA" }, "geometry": { "type": "Point", "coordinates": [ -80.479226617068761, -2.568706963327657 ] } },
{ "type": "Feature", "properties": { "CI": "940073307", "GENERO": "MUJER", "PROVINCIA": "GUAYAS", "PARROQUIA": "ENGABAO", "SECTOR": "URBANO", "PLANIFICAC": "633 PRE FABRICADAS", "X": -80.479469, "Y": -2.568725, "CANTON": "PLAYAS", "NOMBRE": "LINDAO DE LOS ANGELES MARIA ELENA" }, "geometry": { "type": "Point", "coordinates": [ -80.479469484251538, -2.568725156319352 ] } },
{ "type": "Feature", "properties": { "CI": "940079718", "GENERO": "MUJER", "PROVINCIA": "GUAYAS", "PARROQUIA": "ENGABAO", "SECTOR": "URBANO", "PLANIFICAC": "633 PRE FABRICADAS", "X": -80.483823, "Y": -2.570319, "CANTON": "PLAYAS", "NOMBRE": "LINDAO GARCIA LIDIA SELENA" }, "geometry": { "type": "Point", "coordinates": [ -80.483822596906293, -2.57031916177331 ] } },
{ "type": "Feature", "properties": { "CI": "941043853", "GENERO": "HOMBRE", "PROVINCIA": "GUAYAS", "PARROQUIA": "ENGABAO", "SECTOR": "URBANO", "PLANIFICAC": "633 PRE FABRICADAS", "X": -80.479243, "Y": -2.572335, "CANTON": "PLAYAS", "NOMBRE": "LINDAO RODRIGUEZ RAUL ERASMO" }, "geometry": { "type": "Point", "coordinates": [ -80.479243137357813, -2.572334719360869 ] } },
{ "type": "Feature", "properties": { "CI": "940073182", "GENERO": "MUJER", "PROVINCIA": "GUAYAS", "PARROQUIA": "ENGABAO", "SECTOR": "URBANO", "PLANIFICAC": "633 PRE FABRICADAS", "X": -80.479767, "Y": -2.566789, "CANTON": "PLAYAS", "NOMBRE": "LINDAO TOMALA INGRID YULEIXI" }, "geometry": { "type": "Point", "coordinates": [ -80.479767113968109, -2.5667892720788 ] } },
{ "type": "Feature", "properties": { "CI": "927167262", "GENERO": "MUJER", "PROVINCIA": "GUAYAS", "PARROQUIA": "ENGABAO", "SECTOR": "URBANO", "PLANIFICAC": "633 PRE FABRICADAS", "X": -80.479272, "Y": -2.566988, "CANTON": "PLAYAS", "NOMBRE": "LINDAO TOMALA YAJAIRA VALERIA" }, "geometry": { "type": "Point", "coordinates": [ -80.479272289771117, -2.566988098267483 ] } },
{ "type": "Feature", "properties": { "CI": "1206720037", "GENERO": "MUJER", "PROVINCIA": "COTOPAXI", "PARROQUIA": "MORASPUNGO", "SECTOR": "RURAL", "PLANIFICAC": "633 PRE FABRICADAS", "X": -79.269019, "Y": -1.068701, "CANTON": "PANGUA", "NOMBRE": "LINO LOOR DAYSI GLENDA" }, "geometry": { "type": "Point", "coordinates": [ -79.269019403725054, -1.068701116727269 ] } },
{ "type": "Feature", "properties": { "CI": "550118053", "GENERO": "MUJER", "PROVINCIA": "COTOPAXI", "PARROQUIA": "CANCHAGUA", "SECTOR": "RURAL", "PLANIFICAC": "633 PRE FABRICADAS", "X": -78.717355, "Y": -0.788973, "CANTON": "SAQUISILI", "NOMBRE": "LLAMUCA NEGRETE BLANCA MARLENE" }, "geometry": { "type": "Point", "coordinates": [ -78.717354619525352, -0.788973110476551 ] } },
{ "type": "Feature", "properties": { "CI": "2100915327", "GENERO": "MUJER", "PROVINCIA": "SUCUMBIOS", "PARROQUIA": "10 DE AGOSTO", "SECTOR": "RURAL", "PLANIFICAC": "633 PRE FABRICADAS", "X": -76.911401, "Y": 0.180483, "CANTON": "LAGO AGRIO", "NOMBRE": "LLAMUCO BONILLA SUSANA MORAIMA" }, "geometry": { "type": "Point", "coordinates": [ -76.911400789909464, 0.180482653262399 ] } },
{ "type": "Feature", "properties": { "CI": "2200525372", "GENERO": "MUJER", "PROVINCIA": "SUCUMBIOS", "PARROQUIA": "7 DE JULIO", "SECTOR": "RURAL", "PLANIFICAC": "633 PRE FABRICADAS", "X": -76.796097, "Y": -0.140616, "CANTON": "SHUSHUFINDI", "NOMBRE": "LLAMUCO SISA BEATRIZ MAGDALENA" }, "geometry": { "type": "Point", "coordinates": [ -76.796097086240465, -0.140616212789228 ] } },
{ "type": "Feature", "properties": { "CI": "1707850846", "GENERO": "HOMBRE", "PROVINCIA": "LOJA", "PARROQUIA": "SAN PEDRO DE LA BENDITA", "SECTOR": "RURAL", "PLANIFICAC": "633 PRE FABRICADAS", "X": -79.435255, "Y": -3.942573, "CANTON": "CATAMAYO", "NOMBRE": "LOAIZA SARANGO ANGEL DIONICIO" }, "geometry": { "type": "Point", "coordinates": [ -79.435255015725986, -3.94257302353943 ] } },
{ "type": "Feature", "properties": { "CI": "917069098", "GENERO": "MUJER", "PROVINCIA": "GUAYAS", "PARROQUIA": "ENGABAO", "SECTOR": "URBANO", "PLANIFICAC": "633 PRE FABRICADAS", "X": -80.479542, "Y": -2.566663, "CANTON": "PLAYAS", "NOMBRE": "LOPEZ VARGAS MARIA LOURDES" }, "geometry": { "type": "Point", "coordinates": [ -80.479542281719446, -2.566662525509344 ] } },
{ "type": "Feature", "properties": { "CI": "2100518790", "GENERO": "MUJER", "PROVINCIA": "SUCUMBIOS", "PARROQUIA": "SIETE DE JULIO", "SECTOR": "RURAL", "PLANIFICAC": "633 PRE FABRICADAS", "X": -76.770445, "Y": -0.155295, "CANTON": "SHUSHUFINDI", "NOMBRE": "LOZANO SEIS NORMA GALUD" }, "geometry": { "type": "Point", "coordinates": [ -76.770444604108704, -0.155294858408558 ] } },
{ "type": "Feature", "properties": { "CI": "917799090", "GENERO": "MUJER", "PROVINCIA": "SANTA ELENA", "PARROQUIA": "COLONCHE", "SECTOR": "RURAL", "PLANIFICAC": "633 PRE FABRICADAS", "X": -80.604066, "Y": -2.118024, "CANTON": "SANTA ELENA", "NOMBRE": "MAGALLAN NEIRA JACQUELINE GISELLA" }, "geometry": { "type": "Point", "coordinates": [ -80.604065954450462, -2.118024152029101 ] } },
{ "type": "Feature", "properties": { "CI": "2450585522", "GENERO": "MUJER", "PROVINCIA": "SANTA ELENA", "PARROQUIA": "COLONCHE", "SECTOR": "RURAL", "PLANIFICAC": "633 PRE FABRICADAS", "X": -80.604066, "Y": -2.117744, "CANTON": "SANTA ELENA", "NOMBRE": "MAGALLAN NEIRA TATIANA PAOLA" }, "geometry": { "type": "Point", "coordinates": [ -80.60406602564332, -2.117743695892275 ] } },
{ "type": "Feature", "properties": { "CI": "2400077604", "GENERO": "MUJER", "PROVINCIA": "SANTA ELENA", "PARROQUIA": "COLONCHE", "SECTOR": "RURAL", "PLANIFICAC": "633 PRE FABRICADAS", "X": -80.604462, "Y": -2.116884, "CANTON": "SANTA ELENA", "NOMBRE": "MAGALLAN NEIRA YAJAIRA ANNABELL" }, "geometry": { "type": "Point", "coordinates": [ -80.604461919375041, -2.116884335090852 ] } },
{ "type": "Feature", "properties": { "CI": "2400068876", "GENERO": "MUJER", "PROVINCIA": "SANTA ELENA", "PARROQUIA": "COLONCHE", "SECTOR": "RURAL", "PLANIFICAC": "633 PRE FABRICADAS", "X": -80.603275, "Y": -2.116929, "CANTON": "SANTA ELENA", "NOMBRE": "MALAVE CATUTO GINA JULIANA" }, "geometry": { "type": "Point", "coordinates": [ -80.603274881075095, -2.116929264964072 ] } },
{ "type": "Feature", "properties": { "CI": "2450836800", "GENERO": "HOMBRE", "PROVINCIA": "SANTA ELENA", "PARROQUIA": "COLONCHE", "SECTOR": "RURAL", "PLANIFICAC": "633 PRE FABRICADAS", "X": -80.604237, "Y": -2.117988, "CANTON": "SANTA ELENA", "NOMBRE": "MALAVE CATUTO JOEL JAVIER" }, "geometry": { "type": "Point", "coordinates": [ -80.604236823682058, -2.11798800803122 ] } },
{ "type": "Feature", "properties": { "CI": "917654402", "GENERO": "MUJER", "PROVINCIA": "SANTA ELENA", "PARROQUIA": "COLONCHE", "SECTOR": "RURAL", "PLANIFICAC": "633 PRE FABRICADAS", "X": -80.60448, "Y": -2.117165, "CANTON": "SANTA ELENA", "NOMBRE": "MALAVE FLORES MARGARITA DEL CONSUELO" }, "geometry": { "type": "Point", "coordinates": [ -80.604479833541333, -2.117164795858823 ] } },
{ "type": "Feature", "properties": { "CI": "2450385824", "GENERO": "MUJER", "PROVINCIA": "SANTA ELENA", "PARROQUIA": "COLONCHE", "SECTOR": "RURAL", "PLANIFICAC": "633 PRE FABRICADAS", "X": -80.604093, "Y": -2.118486, "CANTON": "SANTA ELENA", "NOMBRE": "MALAVE FLORES MERY GRACIELA" }, "geometry": { "type": "Point", "coordinates": [ -80.604092815216362, -2.118485554539819 ] } },
{ "type": "Feature", "properties": { "CI": "2450071762", "GENERO": "MUJER", "PROVINCIA": "SANTA ELENA", "PARROQUIA": "COLONCHE", "SECTOR": "RURAL", "PLANIFICAC": "633 PRE FABRICADAS", "X": -80.604399, "Y": -2.116794, "CANTON": "SANTA ELENA", "NOMBRE": "MALAVE MALAVE ELOISA ELIZABETH" }, "geometry": { "type": "Point", "coordinates": [ -80.604398993914629, -2.116793849213979 ] } },
{ "type": "Feature", "properties": { "CI": "2400313306", "GENERO": "HOMBRE", "PROVINCIA": "SANTA ELENA", "PARROQUIA": "COLONCHE", "SECTOR": "RURAL", "PLANIFICAC": "633 PRE FABRICADAS", "X": -80.603832, "Y": -2.118359, "CANTON": "SANTA ELENA", "NOMBRE": "MALAVE MALAVE LUIS ALEJANDRO" }, "geometry": { "type": "Point", "coordinates": [ -80.603832060933641, -2.118358829895361 ] } },
{ "type": "Feature", "properties": { "CI": "916850126", "GENERO": "MUJER", "PROVINCIA": "SANTA ELENA", "PARROQUIA": "COLONCHE", "SECTOR": "RURAL", "PLANIFICAC": "633 PRE FABRICADAS", "X": -80.60448, "Y": -2.116993, "CANTON": "SANTA ELENA", "NOMBRE": "MALAVE NEIRA ANA CECILIA" }, "geometry": { "type": "Point", "coordinates": [ -80.604479877113477, -2.11699290337744 ] } },
{ "type": "Feature", "properties": { "CI": "918984782", "GENERO": "HOMBRE", "PROVINCIA": "SANTA ELENA", "PARROQUIA": "COLONCHE", "SECTOR": "RURAL", "PLANIFICAC": "633 PRE FABRICADAS", "X": -80.603652, "Y": -2.117644, "CANTON": "SANTA ELENA", "NOMBRE": "MALAVE NEIRA MAURO ENRIQUE" }, "geometry": { "type": "Point", "coordinates": [ -80.603652389847596, -2.117644072875489 ] } },
{ "type": "Feature", "properties": { "CI": "2450811464", "GENERO": "MUJER", "PROVINCIA": "SANTA ELENA", "PARROQUIA": "COLONCHE", "SECTOR": "RURAL", "PLANIFICAC": "633 PRE FABRICADAS", "X": -80.603769, "Y": -2.118277, "CANTON": "SANTA ELENA", "NOMBRE": "MALAVE TOMALA YARITZA FERNANDA" }, "geometry": { "type": "Point", "coordinates": [ -80.603769133172392, -2.118277390961938 ] } },
{ "type": "Feature", "properties": { "CI": "200818052", "GENERO": "MUJER", "PROVINCIA": "BOLIVAR", "PARROQUIA": "GUANUJO", "SECTOR": "URBANO", "PLANIFICAC": "633 PRE FABRICADAS", "X": -79.015456, "Y": -1.552791, "CANTON": "GUARANDA", "NOMBRE": "MANOBANDA GUASHPA MARIA LUZMILA" }, "geometry": { "type": "Point", "coordinates": [ -79.015456133097274, -1.552790895203021 ] } },
{ "type": "Feature", "properties": { "CI": "550056162", "GENERO": "MUJER", "PROVINCIA": "COTOPAXI", "PARROQUIA": "MULALILLO", "SECTOR": "RURAL", "PLANIFICAC": "633 PRE FABRICADAS", "X": -78.620163, "Y": -1.116354, "CANTON": "SALCEDO", "NOMBRE": "MAÑAY CHICAIZA TALIA LISSETH" }, "geometry": { "type": "Point", "coordinates": [ -78.620162689212052, -1.116353788495525 ] } },
{ "type": "Feature", "properties": { "CI": "1900861368", "GENERO": "MUJER", "PROVINCIA": "ZAMORA CHINCHIPE", "PARROQUIA": "ZUMBA", "SECTOR": "URBANO", "PLANIFICAC": "633 PRE FABRICADAS", "X": -79.141849, "Y": -4.860397, "CANTON": "CHINCHIPE", "NOMBRE": "MARTINEZ GUERRERO ELIANE ANAHI" }, "geometry": { "type": "Point", "coordinates": [ -79.141848741714583, -4.860396887574142 ] } },
{ "type": "Feature", "properties": { "CI": "1726046319", "GENERO": "MUJER", "PROVINCIA": "LOS RIOS", "PARROQUIA": "CHACARITA", "SECTOR": "RURAL", "PLANIFICAC": "633 PRE FABRICADAS", "X": -79.351647, "Y": -1.367373, "CANTON": "VENTANAS", "NOMBRE": "MARTINEZ TERAN YOLANDA STEFANIA" }, "geometry": { "type": "Point", "coordinates": [ -79.351646814625738, -1.36737251584704 ] } },
{ "type": "Feature", "properties": { "CI": "201880747", "GENERO": "MUJER", "PROVINCIA": "BOLIVAR", "PARROQUIA": "GUANUJO", "SECTOR": "URBANO", "PLANIFICAC": "633 PRE FABRICADAS", "X": -79.007848, "Y": -1.550061, "CANTON": "GUARANDA", "NOMBRE": "MASABANDA CHACHA MARYLIN ROSA" }, "geometry": { "type": "Point", "coordinates": [ -79.007847665691813, -1.550061040018825 ] } },
{ "type": "Feature", "properties": { "CI": "501639397", "GENERO": "HOMBRE", "PROVINCIA": "COTOPAXI", "PARROQUIA": "LAS PAMPAS", "SECTOR": "RURAL", "PLANIFICAC": "633 PRE FABRICADAS", "X": -78.965728, "Y": -0.432332, "CANTON": "SIGCHOS", "NOMBRE": "MASAPANTA GUAMANI MANUEL GERARDO" }, "geometry": { "type": "Point", "coordinates": [ -78.965728251626089, -0.432331801438215 ] } },
{ "type": "Feature", "properties": { "CI": "1804221958", "GENERO": "MUJER", "PROVINCIA": "TUNGURAHUA", "PARROQUIA": "SALASACA", "SECTOR": "RURAL", "PLANIFICAC": "633 PRE FABRICADAS", "X": -78.56716, "Y": -1.344185, "CANTON": "PELILEO", "NOMBRE": "MASAQUIZA BENAVIDES ANA MARCELA" }, "geometry": { "type": "Point", "coordinates": [ -78.567160029789179, -1.344185056455556 ] } },
{ "type": "Feature", "properties": { "CI": "1400794911", "GENERO": "MUJER", "PROVINCIA": "PASTAZA", "PARROQUIA": "PUYO", "SECTOR": "URBANO", "PLANIFICAC": "633 PRE FABRICADAS", "X": -77.945178, "Y": -1.463207, "CANTON": "PASTAZA", "NOMBRE": "MASHU ATAMAINT HORTENCIA YOLANDA" }, "geometry": { "type": "Point", "coordinates": [ -77.945178411613611, -1.463206531484581 ] } },
{ "type": "Feature", "properties": { "CI": "1715139653", "GENERO": "MUJER", "PROVINCIA": "TUNGURAHUA", "PARROQUIA": "E. MARIA TERAN", "SECTOR": "RURAL", "PLANIFICAC": "633 PRE FABRICADAS", "X": -78.512553, "Y": -1.237247, "CANTON": "PILLARO", "NOMBRE": "MEDINA QUIROZ MARGOTH IDILGARDA" }, "geometry": { "type": "Point", "coordinates": [ -78.512552528760637, -1.237247107290751 ] } },
{ "type": "Feature", "properties": { "CI": "802419242", "GENERO": "HOMBRE", "PROVINCIA": "ESMERALDAS", "PARROQUIA": "MALIMPIA", "SECTOR": "RURAL", "PLANIFICAC": "633 PRE FABRICADAS", "X": -79.42073, "Y": 0.41457, "CANTON": "QUININDE", "NOMBRE": "MENDEZ GOMEZ ALBERTO ENRIQUE" }, "geometry": { "type": "Point", "coordinates": [ -79.420730402883407, 0.414570196898574 ] } },
{ "type": "Feature", "properties": { "CI": "1401147499", "GENERO": "MUJER", "PROVINCIA": "MORONA SANTIAGO", "PARROQUIA": "SANGAY", "SECTOR": "RURAL", "PLANIFICAC": "633 PRE FABRICADAS", "X": -77.975051, "Y": -1.78939, "CANTON": "PALORA", "NOMBRE": "MENTA PUMA SHEYLA MISHEL" }, "geometry": { "type": "Point", "coordinates": [ -77.975051068316972, -1.789390438416314 ] } },
{ "type": "Feature", "properties": { "CI": "1750212951", "GENERO": "MUJER", "PROVINCIA": "LOS RIOS", "PARROQUIA": "MOCACHE", "SECTOR": "URBANO", "PLANIFICAC": "633 PRE FABRICADAS", "X": -79.489129, "Y": -1.098799, "CANTON": "MOCACHE", "NOMBRE": "MERO TOMALA VIVIANA CAROLINA" }, "geometry": { "type": "Point", "coordinates": [ -79.489129064926701, -1.098799306347802 ] } },
{ "type": "Feature", "properties": { "CI": "202204848", "GENERO": "MUJER", "PROVINCIA": "BOLIVAR", "PARROQUIA": "CHILLANES", "SECTOR": "URBANO", "PLANIFICAC": "633 PRE FABRICADAS", "X": -79.061543, "Y": -1.942092, "CANTON": "CHILLANES", "NOMBRE": "MIÑO GUAMAN ESTELA GERMANIA" }, "geometry": { "type": "Point", "coordinates": [ -79.061542808509728, -1.942092086627572 ] } },
{ "type": "Feature", "properties": { "CI": "1500400799", "GENERO": "MUJER", "PROVINCIA": "SUCUMBIOS", "PARROQUIA": "7 DE JULIO", "SECTOR": "RURAL", "PLANIFICAC": "633 PRE FABRICADAS", "X": -76.741777, "Y": -0.199536, "CANTON": "SHUSHUFINDI", "NOMBRE": "MIRANDA ROJAS NARCISA ANGELICA" }, "geometry": { "type": "Point", "coordinates": [ -76.741776500877037, -0.199536120929273 ] } },
{ "type": "Feature", "properties": { "CI": "1311295495", "GENERO": "MUJER", "PROVINCIA": "ORELLANA", "PARROQUIA": "EL COCA GUADALUPE LARRIBA", "SECTOR": "URBANO", "PLANIFICAC": "633 PRE FABRICADAS", "X": -77.008557, "Y": -0.428049, "CANTON": "FRANCISCO DE ORELLANA", "NOMBRE": "MOLINA SABANDO JOSEFA AUXILIADORA" }, "geometry": { "type": "Point", "coordinates": [ -77.00855727567594, -0.428048680897014 ] } },
{ "type": "Feature", "properties": { "CI": "1002663423", "GENERO": "MUJER", "PROVINCIA": "CHIMBORAZO", "PARROQUIA": "CUMANDA", "SECTOR": "URBANO", "PLANIFICAC": "633 PRE FABRICADAS", "X": -79.128581, "Y": -2.20587, "CANTON": "CUMANDA", "NOMBRE": "MONTALVO BEJARANO MAGDALENA NOHEMI" }, "geometry": { "type": "Point", "coordinates": [ -79.128580535005767, -2.205870146863682 ] } },
{ "type": "Feature", "properties": { "CI": "1003600887", "GENERO": "MUJER", "PROVINCIA": "IMBABURA", "PARROQUIA": "SAN ROQUE", "SECTOR": "RURAL", "PLANIFICAC": "633 PRE FABRICADAS", "X": -78.210999, "Y": 0.271096, "CANTON": "ANTONIO ANTE", "NOMBRE": "MONTALVO GUAJAN MIRYAN LUCIA" }, "geometry": { "type": "Point", "coordinates": [ -78.210998865805252, 0.271095730109225 ] } },
{ "type": "Feature", "properties": { "CI": "929162741", "GENERO": "MUJER", "PROVINCIA": "LOS RIOS", "PARROQUIA": "MOCACHE", "SECTOR": "RURAL", "PLANIFICAC": "633 PRE FABRICADAS", "X": -79.606984, "Y": -1.075567, "CANTON": "MOCACHE", "NOMBRE": "MONTECE LOOR GISELLA CAROLINA" }, "geometry": { "type": "Point", "coordinates": [ -79.606984343276935, -1.075567146073099 ] } },
{ "type": "Feature", "properties": { "CI": "929759546", "GENERO": "HOMBRE", "PROVINCIA": "LOS RIOS", "PARROQUIA": "MOCACHE", "SECTOR": "RURAL", "PLANIFICAC": "633 PRE FABRICADAS", "X": -79.57301, "Y": -1.186093, "CANTON": "MOCACHE", "NOMBRE": "MONTECEL PINTO FRANKLIN STALIN" }, "geometry": { "type": "Point", "coordinates": [ -79.573009785669086, -1.186092683759182 ] } },
{ "type": "Feature", "properties": { "CI": "401438411", "GENERO": "MUJER", "PROVINCIA": "CARCHI", "PARROQUIA": "SAN JOSE", "SECTOR": "RURAL", "PLANIFICAC": "633 PRE FABRICADAS", "X": -77.839427, "Y": 0.542007, "CANTON": "MONTUFAR", "NOMBRE": "MONTENEGRO MONTENEGRO VERÓNICA ELIZABETH" }, "geometry": { "type": "Point", "coordinates": [ -77.839427310212812, 0.542007449903874 ] } },
{ "type": "Feature", "properties": { "CI": "940897275", "GENERO": "MUJER", "PROVINCIA": "LOS RIOS", "PARROQUIA": "MOCACHE", "SECTOR": "RURAL", "PLANIFICAC": "633 PRE FABRICADAS", "X": -79.647403, "Y": -1.172093, "CANTON": "MOCACHE", "NOMBRE": "MONTOYA JIMENEZ DAYANNA YANINA" }, "geometry": { "type": "Point", "coordinates": [ -79.647402653114867, -1.172092852689299 ] } },
{ "type": "Feature", "properties": { "CI": "502244866", "GENERO": "MUJER", "PROVINCIA": "COTOPAXI", "PARROQUIA": "MORASPUNGO", "SECTOR": "RURAL", "PLANIFICAC": "633 PRE FABRICADAS", "X": -79.221367, "Y": -1.146135, "CANTON": "PANGUA", "NOMBRE": "MORA TORO ANA LUISA" }, "geometry": { "type": "Point", "coordinates": [ -79.221366701445106, -1.146135144847238 ] } },
{ "type": "Feature", "properties": { "CI": "1205398652", "GENERO": "MUJER", "PROVINCIA": "COTOPAXI", "PARROQUIA": "EL CARMEN", "SECTOR": "URBANO", "PLANIFICAC": "633 PRE FABRICADAS", "X": -79.222703, "Y": -0.925145, "CANTON": "LA MANA", "NOMBRE": "MOREIRA CRUZ CLELIA MARGOTH" }, "geometry": { "type": "Point", "coordinates": [ -79.222702701698566, -0.925145466336545 ] } },
{ "type": "Feature", "properties": { "CI": "925427056", "GENERO": "MUJER", "PROVINCIA": "LOS RIOS", "PARROQUIA": "MOCACHE", "SECTOR": "RURAL", "PLANIFICAC": "633 PRE FABRICADAS", "X": -79.694814, "Y": -1.153013, "CANTON": "MOCACHE", "NOMBRE": "MOREIRA JAMA JOHANA YESSICA" }, "geometry": { "type": "Point", "coordinates": [ -79.694813534399046, -1.153012636462767 ] } },
{ "type": "Feature", "properties": { "CI": "1805056304", "GENERO": "MUJER", "PROVINCIA": "TUNGURAHUA", "PARROQUIA": "P. URBINA", "SECTOR": "RURAL", "PLANIFICAC": "633 PRE FABRICADAS", "X": -78.55466, "Y": -1.148162, "CANTON": "PILLARO", "NOMBRE": "MORENO CHILUIZA AURORA ALEJANDRINA" }, "geometry": { "type": "Point", "coordinates": [ -78.554659729149876, -1.148162109981421 ] } },
{ "type": "Feature", "properties": { "CI": "1804678751", "GENERO": "MUJER", "PROVINCIA": "TUNGURAHUA", "PARROQUIA": "P. URBINA", "SECTOR": "RURAL", "PLANIFICAC": "633 PRE FABRICADAS", "X": -78.554597, "Y": -1.147547, "CANTON": "PILLARO", "NOMBRE": "MORENO CHILUIZA LILIA JUDITH" }, "geometry": { "type": "Point", "coordinates": [ -78.554597389486801, -1.147547405014444 ] } },
{ "type": "Feature", "properties": { "CI": "1804241733", "GENERO": "MUJER", "PROVINCIA": "TUNGURAHUA", "PARROQUIA": "P. URBINA", "SECTOR": "RURAL", "PLANIFICAC": "633 PRE FABRICADAS", "X": -78.55431, "Y": -1.147457, "CANTON": "PILLARO", "NOMBRE": "MORENO CHILUIZA SOLEDAD ALEXANDRA" }, "geometry": { "type": "Point", "coordinates": [ -78.55431009681071, -1.147456767800606 ] } },
{ "type": "Feature", "properties": { "CI": "1207053081", "GENERO": "MUJER", "PROVINCIA": "LOS RIOS", "PARROQUIA": "ZAPOTAL", "SECTOR": "RURAL", "PLANIFICAC": "633 PRE FABRICADAS", "X": -79.447707, "Y": -1.391385, "CANTON": "VENTANAS", "NOMBRE": "MORETA NARANJO MARIU EUGENIA" }, "geometry": { "type": "Point", "coordinates": [ -79.447707032092524, -1.391385279067445 ] } },
{ "type": "Feature", "properties": { "CI": "2100355532", "GENERO": "MUJER", "PROVINCIA": "ORELLANA", "PARROQUIA": "LA JOYA DE LOS SACHAS/LOTIZACION SOLIDARIO 5", "SECTOR": "URBANO", "PLANIFICAC": "633 PRE FABRICADAS", "X": -76.876593, "Y": -0.299985, "CANTON": "LA JOYA DE LOS SACHAS", "NOMBRE": "MORETA PEÑAFIEL GEOVANA MARIZOL" }, "geometry": { "type": "Point", "coordinates": [ -76.876593426908158, -0.299985086560192 ] } },
{ "type": "Feature", "properties": { "CI": "200848075", "GENERO": "MUJER", "PROVINCIA": "SUCUMBIOS", "PARROQUIA": "SAN PEDRO DE LOS COFANES", "SECTOR": "RURAL", "PLANIFICAC": "633 PRE FABRICADAS", "X": -76.838232, "Y": -0.128704, "CANTON": "SHUSHUFINDI", "NOMBRE": "MORETA PEÑAFIEL MARIA JULIA MARCELA" }, "geometry": { "type": "Point", "coordinates": [ -76.838231840946918, -0.128703782369842 ] } },
{ "type": "Feature", "properties": { "CI": "202188215", "GENERO": "MUJER", "PROVINCIA": "BOLIVAR", "PARROQUIA": "SAN JOSE DE CHIMBO", "SECTOR": "URBANO", "PLANIFICAC": "633 PRE FABRICADAS", "X": -79.007596, "Y": -1.670605, "CANTON": "CHIMBO", "NOMBRE": "MOYANO BERMEO KARINA MARIBEL" }, "geometry": { "type": "Point", "coordinates": [ -79.007595796511183, -1.67060533507173 ] } },
{ "type": "Feature", "properties": { "CI": "401608476", "GENERO": "MUJER", "PROVINCIA": "CARCHI", "PARROQUIA": "JUAN MONTALVO", "SECTOR": "RURAL", "PLANIFICAC": "633 PRE FABRICADAS", "X": -78.098854, "Y": 0.551643, "CANTON": "MIRA", "NOMBRE": "MUÑOZ POZO MARCELA ELIZABETH" }, "geometry": { "type": "Point", "coordinates": [ -78.098854199871568, 0.551643402582644 ] } },
{ "type": "Feature", "properties": { "CI": "2200362537", "GENERO": "MUJER", "PROVINCIA": "ORELLANA", "PARROQUIA": "LA JOYA DE LOS SACHAS/LOTIZACION SOLIDARIO 1", "SECTOR": "URBANO", "PLANIFICAC": "633 PRE FABRICADAS", "X": -76.877345, "Y": -0.300719, "CANTON": "LA JOYA DE LOS SACHAS", "NOMBRE": "MUYULEMA SALAZAR NELLY ELIZABETH" }, "geometry": { "type": "Point", "coordinates": [ -76.877344647688361, -0.30071873167431 ] } },
{ "type": "Feature", "properties": { "CI": "1400231856", "GENERO": "MUJER", "PROVINCIA": "MORONA SANTIAGO", "PARROQUIA": "HUAMBI", "SECTOR": "RURAL", "PLANIFICAC": "633 PRE FABRICADAS", "X": -78.157351, "Y": -2.527865, "CANTON": "SUCUA", "NOMBRE": "NANTIPIA QUITIARRA FLORENTINA DOMINGA" }, "geometry": { "type": "Point", "coordinates": [ -78.157350997270754, -2.527865336289359 ] } },
{ "type": "Feature", "properties": { "CI": "2450719162", "GENERO": "MUJER", "PROVINCIA": "SANTA ELENA", "PARROQUIA": "COLONCHE", "SECTOR": "RURAL", "PLANIFICAC": "633 PRE FABRICADAS", "X": -80.604084, "Y": -2.118241, "CANTON": "SANTA ELENA", "NOMBRE": "NAPA NEIRA DOMENICA DAYANA" }, "geometry": { "type": "Point", "coordinates": [ -80.604083884597557, -2.118241283981655 ] } },
{ "type": "Feature", "properties": { "CI": "2100530902", "GENERO": "MUJER", "PROVINCIA": "SUCUMBIOS", "PARROQUIA": "SIETE DE JULIO", "SECTOR": "RURAL", "PLANIFICAC": "633 PRE FABRICADAS", "X": -76.778907, "Y": -0.166643, "CANTON": "SHUSHUFINDI", "NOMBRE": "NARANJO LLUMIGUANO INES LEONOR" }, "geometry": { "type": "Point", "coordinates": [ -76.778907055027304, -0.166643033398334 ] } },
{ "type": "Feature", "properties": { "CI": "2100553870", "GENERO": "HOMBRE", "PROVINCIA": "SUCUMBIOS", "PARROQUIA": "7 DE JULIO", "SECTOR": "RURAL", "PLANIFICAC": "633 PRE FABRICADAS", "X": -76.788111, "Y": -0.219724, "CANTON": "SHUSHUFINDI", "NOMBRE": "NARANJO LLUMIGUANO LUIS LEOVIGILDO" }, "geometry": { "type": "Point", "coordinates": [ -76.788110520485645, -0.21972393156633 ] } },
{ "type": "Feature", "properties": { "CI": "704248632", "GENERO": "MUJER", "PROVINCIA": "EL ORO", "PARROQUIA": "NUEVO SANTA ROSA", "SECTOR": "RURAL", "PLANIFICAC": "633 PRE FABRICADAS", "X": -79.944257, "Y": -3.44931, "CANTON": "SANTA ROSA", "NOMBRE": "NAVARRO RAMIREZ MARIA ISABEL" }, "geometry": { "type": "Point", "coordinates": [ -79.944256966272732, -3.449309762157155 ] } },
{ "type": "Feature", "properties": { "CI": "202014031", "GENERO": "MUJER", "PROVINCIA": "COTOPAXI", "PARROQUIA": "MORASPUNGO", "SECTOR": "RURAL", "PLANIFICAC": "633 PRE FABRICADAS", "X": -79.214524, "Y": -1.155427, "CANTON": "PANGUA", "NOMBRE": "NAVEDA PEÑAFIEL SILVIA VANESSA" }, "geometry": { "type": "Point", "coordinates": [ -79.214523975691463, -1.155426917052401 ] } },
{ "type": "Feature", "properties": { "CI": "1729926020", "GENERO": "HOMBRE", "PROVINCIA": "SANTA ELENA", "PARROQUIA": "COLONCHE", "SECTOR": "RURAL", "PLANIFICAC": "633 PRE FABRICADAS", "X": -80.604309, "Y": -2.117518, "CANTON": "SANTA ELENA", "NOMBRE": "NEIRA CATUTO JAIRO JAVIER" }, "geometry": { "type": "Point", "coordinates": [ -80.60430888409428, -2.117517583939079 ] } },
{ "type": "Feature", "properties": { "CI": "926364928", "GENERO": "HOMBRE", "PROVINCIA": "SANTA ELENA", "PARROQUIA": "COLONCHE", "SECTOR": "RURAL", "PLANIFICAC": "633 PRE FABRICADAS", "X": -80.603787, "Y": -2.118205, "CANTON": "SANTA ELENA", "NOMBRE": "NEIRA MAGALLAN MARCOS FABIAN" }, "geometry": { "type": "Point", "coordinates": [ -80.603787136831201, -2.11820501981254 ] } },
{ "type": "Feature", "properties": { "CI": "918985680", "GENERO": "HOMBRE", "PROVINCIA": "SANTA ELENA", "PARROQUIA": "COLONCHE", "SECTOR": "RURAL", "PLANIFICAC": "633 PRE FABRICADAS", "X": -80.603383, "Y": -2.117155, "CANTON": "SANTA ELENA", "NOMBRE": "NEIRA MAGALLANES IVAN WILFRIDO" }, "geometry": { "type": "Point", "coordinates": [ -80.603382735108596, -2.117155467015803 ] } },
{ "type": "Feature", "properties": { "CI": "2450071580", "GENERO": "MUJER", "PROVINCIA": "SANTA ELENA", "PARROQUIA": "COLONCHE", "SECTOR": "RURAL", "PLANIFICAC": "633 PRE FABRICADAS", "X": -80.604111, "Y": -2.117698, "CANTON": "SANTA ELENA", "NOMBRE": "NEIRA NEIRA DENISSE CAROLINA" }, "geometry": { "type": "Point", "coordinates": [ -80.604111000286167, -2.117698472581837 ] } },
{ "type": "Feature", "properties": { "CI": "916985872", "GENERO": "HOMBRE", "PROVINCIA": "SANTA ELENA", "PARROQUIA": "COLONCHE", "SECTOR": "RURAL", "PLANIFICAC": "633 PRE FABRICADAS", "X": -80.603751, "Y": -2.117789, "CANTON": "SANTA ELENA", "NOMBRE": "NEIRA NEIRA WINSTON ROBERT" }, "geometry": { "type": "Point", "coordinates": [ -80.603751272022748, -2.117788849859884 ] } },
{ "type": "Feature", "properties": { "CI": "925724734", "GENERO": "MUJER", "PROVINCIA": "SANTA ELENA", "PARROQUIA": "COLONCHE", "SECTOR": "RURAL", "PLANIFICAC": "633 PRE FABRICADAS", "X": -80.604048, "Y": -2.117554, "CANTON": "SANTA ELENA", "NOMBRE": "NEIRA POZO ESPERANZA MARIA" }, "geometry": { "type": "Point", "coordinates": [ -80.604048088602696, -2.1175537048562 ] } },
{ "type": "Feature", "properties": { "CI": "914503172", "GENERO": "MUJER", "PROVINCIA": "SANTA ELENA", "PARROQUIA": "COLONCHE", "SECTOR": "RURAL", "PLANIFICAC": "633 PRE FABRICADAS", "X": -80.603814, "Y": -2.117671, "CANTON": "SANTA ELENA", "NOMBRE": "NEIRA REYES OLINDA INDELIRA" }, "geometry": { "type": "Point", "coordinates": [ -80.603814250321363, -2.117671255409012 ] } },
{ "type": "Feature", "properties": { "CI": "2200385942", "GENERO": "MUJER", "PROVINCIA": "ORELLANA", "PARROQUIA": "SAN SEBASTIAN DEL COCA", "SECTOR": "URBANO", "PLANIFICAC": "633 PRE FABRICADAS", "X": -77.001844, "Y": -0.336154, "CANTON": "LA JOYA DE LOS SACHAS", "NOMBRE": "NOTENO SUCUMBIOS IRMA TATIANA" }, "geometry": { "type": "Point", "coordinates": [ -77.001844496901327, -0.336154328011512 ] } },
{ "type": "Feature", "properties": { "CI": "202013876", "GENERO": "MUJER", "PROVINCIA": "BOLIVAR", "PARROQUIA": "BILOVAN", "SECTOR": "RURAL", "PLANIFICAC": "633 PRE FABRICADAS", "X": -79.097514, "Y": -1.81235, "CANTON": "SAN MIGUEL", "NOMBRE": "NUÑEZ DAVILA CARMEN ROSA" }, "geometry": { "type": "Point", "coordinates": [ -79.097513508901713, -1.812350427331649 ] } },
{ "type": "Feature", "properties": { "CI": "2100430152", "GENERO": "MUJER", "PROVINCIA": "SUCUMBIOS", "PARROQUIA": "SIETE DE JULIO", "SECTOR": "RURAL", "PLANIFICAC": "633 PRE FABRICADAS", "X": -77.027317, "Y": 0.116325, "CANTON": "SHUSHUFINDI", "NOMBRE": "OLALLA GUEVARA CARMEN ALICIA" }, "geometry": { "type": "Point", "coordinates": [ -77.027317251859657, 0.116325311999741 ] } },
{ "type": "Feature", "properties": { "CI": "801100165", "GENERO": "MUJER", "PROVINCIA": "ESMERALDAS", "PARROQUIA": "ROCAFUERTE", "SECTOR": "RURAL", "PLANIFICAC": "633 PRE FABRICADAS", "X": -79.403551, "Y": 0.904377, "CANTON": "RIOVERDE", "NOMBRE": "OLIVERO REALPE ANA" }, "geometry": { "type": "Point", "coordinates": [ -79.403550581660852, 0.904377129498965 ] } },
{ "type": "Feature", "properties": { "CI": "923093082", "GENERO": "MUJER", "PROVINCIA": "CHIMBORAZO", "PARROQUIA": "CUMANDA", "SECTOR": "URBANO", "PLANIFICAC": "633 PRE FABRICADAS", "X": -79.148653, "Y": -2.205109, "CANTON": "CUMANDA", "NOMBRE": "ORDOÑEZ ESPINOZA MARIA ELENA" }, "geometry": { "type": "Point", "coordinates": [ -79.148653029034122, -2.205108713545333 ] } },
{ "type": "Feature", "properties": { "CI": "450068846", "GENERO": "MUJER", "PROVINCIA": "CARCHI", "PARROQUIA": "LA LIBERTAD", "SECTOR": "RURAL", "PLANIFICAC": "633 PRE FABRICADAS", "X": -77.934698, "Y": 0.6381, "CANTON": "ESPEJO", "NOMBRE": "ORTIZ NARVAEZ MARTHA NICOLE" }, "geometry": { "type": "Point", "coordinates": [ -77.93469757229434, 0.638100171034898 ] } },
{ "type": "Feature", "properties": { "CI": "1003887286", "GENERO": "HOMBRE", "PROVINCIA": "IMBABURA", "PARROQUIA": "EL SAGRARIO", "SECTOR": "URBANO", "PLANIFICAC": "633 PRE FABRICADAS", "X": -78.281252, "Y": 0.361482, "CANTON": "COTACACHI", "NOMBRE": "OYAGATA LIQUINCHANA JOSE ANTONIO" }, "geometry": { "type": "Point", "coordinates": [ -78.281251556957628, 0.361482420063811 ] } },
{ "type": "Feature", "properties": { "CI": "705837383", "GENERO": "MUJER", "PROVINCIA": "EL ORO", "PARROQUIA": "ARENILLAS", "SECTOR": "URBANO", "PLANIFICAC": "633 PRE FABRICADAS", "X": -80.081358, "Y": -3.544859, "CANTON": "ARENILLAS", "NOMBRE": "OYERVIDE GRANDA TANIA ELIZABETH" }, "geometry": { "type": "Point", "coordinates": [ -80.081357514023239, -3.544858795253667 ] } },
{ "type": "Feature", "properties": { "CI": "201092392", "GENERO": "MUJER", "PROVINCIA": "BOLIVAR", "PARROQUIA": "SAN PABLO ATENAS", "SECTOR": "RURAL", "PLANIFICAC": "633 PRE FABRICADAS", "X": -79.065502, "Y": -1.822207, "CANTON": "SAN MIGUEL", "NOMBRE": "PACHA YANZA MARIA NORMA" }, "geometry": { "type": "Point", "coordinates": [ -79.065501713983721, -1.822207212500741 ] } },
{ "type": "Feature", "properties": { "CI": "1803476512", "GENERO": "MUJER", "PROVINCIA": "TUNGURAHUA", "PARROQUIA": "CHIQUICHA", "SECTOR": "RURAL", "PLANIFICAC": "633 PRE FABRICADAS", "X": -78.544554, "Y": -1.242447, "CANTON": "PELILEO", "NOMBRE": "PALATE MORETA CARMEN GABRIELA" }, "geometry": { "type": "Point", "coordinates": [ -78.54455394970708, -1.242447386070213 ] } },
{ "type": "Feature", "properties": { "CI": "942593732", "GENERO": "MUJER", "PROVINCIA": "GUAYAS", "PARROQUIA": "ENGABAO", "SECTOR": "URBANO", "PLANIFICAC": "633 PRE FABRICADAS", "X": -80.487321, "Y": -2.571578, "CANTON": "PLAYAS", "NOMBRE": "PANCHANA GARCIA MEIVI DAYANA" }, "geometry": { "type": "Point", "coordinates": [ -80.487321294868863, -2.571578079305646 ] } },
{ "type": "Feature", "properties": { "CI": "201917945", "GENERO": "MUJER", "PROVINCIA": "BOLIVAR", "PARROQUIA": "SAN VICENTE", "SECTOR": "RURAL", "PLANIFICAC": "633 PRE FABRICADAS", "X": -79.018053, "Y": -1.725765, "CANTON": "SAN MIGUEL", "NOMBRE": "PARCO TOCTO CARMEN LUCIA" }, "geometry": { "type": "Point", "coordinates": [ -79.018053240447315, -1.725764507871843 ] } },
{ "type": "Feature", "properties": { "CI": "1803907219", "GENERO": "MUJER", "PROVINCIA": "TUNGURAHUA", "PARROQUIA": "BOLIVAR", "SECTOR": "RURAL", "PLANIFICAC": "633 PRE FABRICADAS", "X": -78.531854, "Y": -1.372405, "CANTON": "PELILEO", "NOMBRE": "PAREDES CHANGO LIDIA CIRA" }, "geometry": { "type": "Point", "coordinates": [ -78.531854256215539, -1.372404743307807 ] } },
{ "type": "Feature", "properties": { "CI": "605228790", "GENERO": "MUJER", "PROVINCIA": "CHIMBORAZO", "PARROQUIA": "MULTITUD", "SECTOR": "RURAL", "PLANIFICAC": "633 PRE FABRICADAS", "X": -79.044762, "Y": -2.137631, "CANTON": "ALAUSI", "NOMBRE": "PAREDES OÑATE VERONICA ROCIO" }, "geometry": { "type": "Point", "coordinates": [ -79.044762198626827, -2.137631045847324 ] } },
{ "type": "Feature", "properties": { "CI": "2150013882", "GENERO": "MUJER", "PROVINCIA": "SUCUMBIOS", "PARROQUIA": "NUEVA LOJA", "SECTOR": "URBANO", "PLANIFICAC": "633 PRE FABRICADAS", "X": -76.818279, "Y": 0.0, "CANTON": "LAGO AGRIO", "NOMBRE": "PAREDES SUAREZ JESSICA SUSANA" }, "geometry": { "type": "Point", "coordinates": [ -76.818279228906633, 0.0 ] } },
{ "type": "Feature", "properties": { "CI": "1306035070", "GENERO": "MUJER", "PROVINCIA": "MANABI", "PARROQUIA": "CALCETA", "SECTOR": "RURAL", "PLANIFICAC": "633 PRE FABRICADAS", "X": -80.171129, "Y": -0.838579, "CANTON": "BOLIVAR", "NOMBRE": "PARRAGA PARRAGA HUGO IGNACIO" }, "geometry": { "type": "Point", "coordinates": [ -80.171129132221353, -0.838578948066889 ] } },
{ "type": "Feature", "properties": { "CI": "401889142", "GENERO": "MUJER", "PROVINCIA": "CARCHI", "PARROQUIA": "TUFIÑO", "SECTOR": "RURAL", "PLANIFICAC": "633 PRE FABRICADAS", "X": -77.85714, "Y": 0.800821, "CANTON": "TULCAN", "NOMBRE": "PASPUEZAN CHILES PAOLA MARICELA" }, "geometry": { "type": "Point", "coordinates": [ -77.857139891991054, 0.800821492632925 ] } },
{ "type": "Feature", "properties": { "CI": "402065403", "GENERO": "MUJER", "PROVINCIA": "CARCHI", "PARROQUIA": "TUFIÑO", "SECTOR": "RURAL", "PLANIFICAC": "633 PRE FABRICADAS", "X": -77.857117, "Y": 0.800916, "CANTON": "TULCAN", "NOMBRE": "PASPUEZAN CHILES PASTORA ELIZABETH" }, "geometry": { "type": "Point", "coordinates": [ -77.857117088504069, 0.800916327833357 ] } },
{ "type": "Feature", "properties": { "CI": "401708193", "GENERO": "MUJER", "PROVINCIA": "CARCHI", "PARROQUIA": "TUFIÑO", "SECTOR": "RURAL", "PLANIFICAC": "633 PRE FABRICADAS", "X": -77.854216, "Y": 0.801155, "CANTON": "TULCAN", "NOMBRE": "PASPUEZAN GUEL IVONNE ISABEL" }, "geometry": { "type": "Point", "coordinates": [ -77.854215611085195, 0.801155010495118 ] } },
{ "type": "Feature", "properties": { "CI": "202393741", "GENERO": "MUJER", "PROVINCIA": "BOLIVAR", "PARROQUIA": "GUANUJO", "SECTOR": "URBANO", "PLANIFICAC": "633 PRE FABRICADAS", "X": -79.067048, "Y": -1.620571, "CANTON": "GUARANDA", "NOMBRE": "PASTO PATIN NORMA ROCIO" }, "geometry": { "type": "Point", "coordinates": [ -79.067048268402601, -1.620571038435856 ] } },
{ "type": "Feature", "properties": { "CI": "504370693", "GENERO": "MUJER", "PROVINCIA": "COTOPAXI", "PARROQUIA": "EL CARMEN", "SECTOR": "URBANO", "PLANIFICAC": "633 PRE FABRICADAS", "X": -79.226483, "Y": -0.928005, "CANTON": "LA MANA", "NOMBRE": "PASTUÑA SOUTANCE DORIS MARGOTH" }, "geometry": { "type": "Point", "coordinates": [ -79.226483362226261, -0.928004936575955 ] } },
{ "type": "Feature", "properties": { "CI": "606216430", "GENERO": "MUJER", "PROVINCIA": "CHIMBORAZO", "PARROQUIA": "CUMANDA", "SECTOR": "URBANO", "PLANIFICAC": "633 PRE FABRICADAS", "X": -79.130811, "Y": -2.212365, "CANTON": "CUMANDA", "NOMBRE": "PATATE LOGROÑO MICHEL LOURDES" }, "geometry": { "type": "Point", "coordinates": [ -79.130810563681308, -2.21236537143912 ] } },
{ "type": "Feature", "properties": { "CI": "201836822", "GENERO": "MUJER", "PROVINCIA": "BOLIVAR", "PARROQUIA": "GUANUJO", "SECTOR": "URBANO", "PLANIFICAC": "633 PRE FABRICADAS", "X": -78.969992, "Y": -1.52197, "CANTON": "GUARANDA", "NOMBRE": "PATIN TIBANLOMBO ANA LUCIA" }, "geometry": { "type": "Point", "coordinates": [ -78.969991708968763, -1.521970038564524 ] } },
{ "type": "Feature", "properties": { "CI": "1207302801", "GENERO": "HOMBRE", "PROVINCIA": "LOS RIOS", "PARROQUIA": "VENTANAS", "SECTOR": "RURAL", "PLANIFICAC": "633 PRE FABRICADAS", "X": -79.496192, "Y": -1.426734, "CANTON": "VENTANAS", "NOMBRE": "PAZMIÑO HIDALGO MIGUEL IVAN" }, "geometry": { "type": "Point", "coordinates": [ -79.496191680315633, -1.42673419733991 ] } },
{ "type": "Feature", "properties": { "CI": "501279400", "GENERO": "MUJER", "PROVINCIA": "COTOPAXI", "PARROQUIA": "COCHAMPAMBA", "SECTOR": "RURAL", "PLANIFICAC": "633 PRE FABRICADAS", "X": -78.76285, "Y": -0.83768, "CANTON": "SAQUISILI", "NOMBRE": "PERDOMO ANGUISACA MARIA SALOME" }, "geometry": { "type": "Point", "coordinates": [ -78.762850242284827, -0.837680314556075 ] } },
{ "type": "Feature", "properties": { "CI": "942926338", "GENERO": "MUJER", "PROVINCIA": "GUAYAS", "PARROQUIA": "ENGABAO", "SECTOR": "URBANO", "PLANIFICAC": "633 PRE FABRICADAS", "X": -80.478894, "Y": -2.568381, "CANTON": "PLAYAS", "NOMBRE": "PERERO VILLON TATIANA LISETTE" }, "geometry": { "type": "Point", "coordinates": [ -80.47889392104868, -2.568381143762885 ] } },
{ "type": "Feature", "properties": { "CI": "1723107270", "GENERO": "MUJER", "PROVINCIA": "COTOPAXI", "PARROQUIA": "COCHAMPAMBA", "SECTOR": "RURAL", "PLANIFICAC": "633 PRE FABRICADAS", "X": -78.708399, "Y": -0.825707, "CANTON": "SAQUISILI", "NOMBRE": "PEREZ CASTELLANO  LORENA MARISOL" }, "geometry": { "type": "Point", "coordinates": [ -78.708398556631963, -0.825706770633033 ] } },
{ "type": "Feature", "properties": { "CI": "1805219316", "GENERO": "MUJER", "PROVINCIA": "TUNGURAHUA", "PARROQUIA": "MATRIZ", "SECTOR": "RURAL", "PLANIFICAC": "633 PRE FABRICADAS", "X": -78.613866, "Y": -1.340571, "CANTON": "CEVALLOS", "NOMBRE": "PICO GUEVARA CINTHIA PATRICIA" }, "geometry": { "type": "Point", "coordinates": [ -78.613865838705934, -1.340570511301176 ] } },
{ "type": "Feature", "properties": { "CI": "250103231", "GENERO": "MUJER", "PROVINCIA": "BOLIVAR", "PARROQUIA": "SAN PABLO DE ATENAS", "SECTOR": "RURAL", "PLANIFICAC": "633 PRE FABRICADAS", "X": -79.066969, "Y": -1.811793, "CANTON": "SAN MIGUEL", "NOMBRE": "PILAMUNGA AREVALO LAURA VICTORIA" }, "geometry": { "type": "Point", "coordinates": [ -79.066969080209617, -1.811793079894251 ] } },
{ "type": "Feature", "properties": { "CI": "603488800", "GENERO": "HOMBRE", "PROVINCIA": "PASTAZA", "PARROQUIA": "PUYO", "SECTOR": "URBANO", "PLANIFICAC": "633 PRE FABRICADAS", "X": -78.046234, "Y": -1.504975, "CANTON": "PASTAZA", "NOMBRE": "PILCO SILVA PABLO ANIBAL" }, "geometry": { "type": "Point", "coordinates": [ -78.0462339863317, -1.504974769301515 ] } },
{ "type": "Feature", "properties": { "CI": "106865090", "GENERO": "MUJER", "PROVINCIA": "EL ORO", "PARROQUIA": "LA VICTORIA", "SECTOR": "URBANO", "PLANIFICAC": "633 PRE FABRICADAS", "X": -80.062135, "Y": -3.788215, "CANTON": "LAS LAJAS", "NOMBRE": "PILLACELA GUAZHIMA MARIA LIGIA" }, "geometry": { "type": "Point", "coordinates": [ -80.062135318844398, -3.788214862078994 ] } },
{ "type": "Feature", "properties": { "CI": "1204666448", "GENERO": "MUJER", "PROVINCIA": "GUAYAS", "PARROQUIA": "ENGABAO", "SECTOR": "URBANO", "PLANIFICAC": "633 PRE FABRICADAS", "X": -80.479695, "Y": -2.566735, "CANTON": "PLAYAS", "NOMBRE": "PILOZO VALENZUELA  LUCRECIA RICARDINA" }, "geometry": { "type": "Point", "coordinates": [ -80.479695173203723, -2.566734962110881 ] } },
{ "type": "Feature", "properties": { "CI": "1805524046", "GENERO": "MUJER", "PROVINCIA": "TUNGURAHUA", "PARROQUIA": "CHIQUICHA", "SECTOR": "RURAL", "PLANIFICAC": "633 PRE FABRICADAS", "X": -78.545946, "Y": -1.242178, "CANTON": "PELILEO", "NOMBRE": "PIMBO CHANGOBALIN SILVIA ISABEL" }, "geometry": { "type": "Point", "coordinates": [ -78.545946184155426, -1.242177520883401 ] } },
{ "type": "Feature", "properties": { "CI": "802020511", "GENERO": "MUJER", "PROVINCIA": "ESMERALDAS", "PARROQUIA": "MALIMPIA", "SECTOR": "RURAL", "PLANIFICAC": "633 PRE FABRICADAS", "X": -79.41, "Y": 0.41, "CANTON": "QUININDE", "NOMBRE": "PINCAY AVILA LAURA FRANCISCA" }, "geometry": { "type": "Point", "coordinates": [ -79.409999999152888, 0.409999919581123 ] } },
{ "type": "Feature", "properties": { "CI": "803900091", "GENERO": "MUJER", "PROVINCIA": "ESMERALDAS", "PARROQUIA": "ROSA ZARATE", "SECTOR": "URBANO", "PLANIFICAC": "633 PRE FABRICADAS", "X": -79.411599, "Y": 0.383285, "CANTON": "QUININDE", "NOMBRE": "PINCAY MENDOZA LILIAN ALEXANDRA" }, "geometry": { "type": "Point", "coordinates": [ -79.411598666665398, 0.383285458057589 ] } },
{ "type": "Feature", "properties": { "CI": "605040229", "GENERO": "MUJER", "PROVINCIA": "CHIMBORAZO", "PARROQUIA": "CUMANDA", "SECTOR": "URBANO", "PLANIFICAC": "633 PRE FABRICADAS", "X": -79.124789, "Y": -2.211652, "CANTON": "CUMANDA", "NOMBRE": "PINZON MONTERO KATTERINE LISSET" }, "geometry": { "type": "Point", "coordinates": [ -79.124789105613303, -2.211652427157848 ] } },
{ "type": "Feature", "properties": { "CI": "401817663", "GENERO": "MUJER", "PROVINCIA": "CARCHI", "PARROQUIA": "TULCAN", "SECTOR": "RURAL", "PLANIFICAC": "633 PRE FABRICADAS", "X": -77.713525, "Y": 0.740067, "CANTON": "TULCAN", "NOMBRE": "PISANAN CHEZA LILIANA ALEXANDRA" }, "geometry": { "type": "Point", "coordinates": [ -77.713525101570113, 0.740066621987971 ] } },
{ "type": "Feature", "properties": { "CI": "1900370345", "GENERO": "HOMBRE", "PROVINCIA": "ZAMORA CHINCHIPE", "PARROQUIA": "ZUMBI", "SECTOR": "RURAL", "PLANIFICAC": "633 PRE FABRICADAS", "X": -78.754605, "Y": -3.914063, "CANTON": "CENTINELA DEL CONDOR", "NOMBRE": "POMA COELLO SEGUNDO FRANCISCO" }, "geometry": { "type": "Point", "coordinates": [ -78.754605183729467, -3.914063459140861 ] } },
{ "type": "Feature", "properties": { "CI": "202373882", "GENERO": "MUJER", "PROVINCIA": "BOLIVAR", "PARROQUIA": "ECHEANDIA", "SECTOR": "URBANO", "PLANIFICAC": "633 PRE FABRICADAS", "X": -79.266053, "Y": -1.439355, "CANTON": "ECHEANDIA", "NOMBRE": "POMA PUNINA JESSICA MARGOTH" }, "geometry": { "type": "Point", "coordinates": [ -79.266053326436577, -1.439355075583787 ] } },
{ "type": "Feature", "properties": { "CI": "401464813", "GENERO": "MUJER", "PROVINCIA": "CARCHI", "PARROQUIA": "EL CARMELO", "SECTOR": "RURAL", "PLANIFICAC": "633 PRE FABRICADAS", "X": -77.645413, "Y": 0.642853, "CANTON": "TULCAN", "NOMBRE": "PORTILLA REVELO PATRICIA ALEXANDRA" }, "geometry": { "type": "Point", "coordinates": [ -77.645413024000746, 0.642853316397746 ] } },
{ "type": "Feature", "properties": { "CI": "401610977", "GENERO": "MUJER", "PROVINCIA": "CARCHI", "PARROQUIA": "GONZALEZ SUAREZ", "SECTOR": "RURAL", "PLANIFICAC": "633 PRE FABRICADAS", "X": -77.7398, "Y": 0.814233, "CANTON": "TULCAN", "NOMBRE": "PORTILLA RIOFRIO ROSA ELENA" }, "geometry": { "type": "Point", "coordinates": [ -77.739799952760009, 0.814232559109776 ] } },
{ "type": "Feature", "properties": { "CI": "2450802463", "GENERO": "HOMBRE", "PROVINCIA": "SANTA ELENA", "PARROQUIA": "COLONCHE", "SECTOR": "RURAL", "PLANIFICAC": "633 PRE FABRICADAS", "X": -80.603868, "Y": -2.118784, "CANTON": "SANTA ELENA", "NOMBRE": "POZO MALAVE OSCAR EDGAR" }, "geometry": { "type": "Point", "coordinates": [ -80.603867923450011, -2.118784046821464 ] } },
{ "type": "Feature", "properties": { "CI": "602870925", "GENERO": "MUJER", "PROVINCIA": "MORONA SANTIAGO", "PARROQUIA": "MACAS", "SECTOR": "RURAL", "PLANIFICAC": "633 PRE FABRICADAS", "X": -78.118002, "Y": -2.292281, "CANTON": "MORONA", "NOMBRE": "PUCUNA CORO MANUEL" }, "geometry": { "type": "Point", "coordinates": [ -78.118002016538014, -2.292281300278229 ] } },
{ "type": "Feature", "properties": { "CI": "400992293", "GENERO": "HOMBRE", "PROVINCIA": "CARCHI", "PARROQUIA": "TUFIÑO", "SECTOR": "RURAL", "PLANIFICAC": "633 PRE FABRICADAS", "X": -77.813298, "Y": 0.78974, "CANTON": "TULCAN", "NOMBRE": "PUETATE PASPUEZAN SEGUNDO EDUARDO" }, "geometry": { "type": "Point", "coordinates": [ -77.813298179918831, 0.789739672039586 ] } },
{ "type": "Feature", "properties": { "CI": "1802974285", "GENERO": "MUJER", "PROVINCIA": "TUNGURAHUA", "PARROQUIA": "P. URBINA", "SECTOR": "RURAL", "PLANIFICAC": "633 PRE FABRICADAS", "X": -78.548367, "Y": -1.155632, "CANTON": "PILLARO", "NOMBRE": "PULLUTASIG GALORA MIRIAN YOLANDA" }, "geometry": { "type": "Point", "coordinates": [ -78.548367141766064, -1.155631892066249 ] } },
{ "type": "Feature", "properties": { "CI": "2200099857", "GENERO": "MUJER", "PROVINCIA": "ORELLANA", "PARROQUIA": "EL COCA GUADALUPE LARRIBA", "SECTOR": "URBANO", "PLANIFICAC": "633 PRE FABRICADAS", "X": -77.007337, "Y": -0.435296, "CANTON": "FRANCISCO DE ORELLANA", "NOMBRE": "PUNINA SERRANO GLADYS HERMINIA" }, "geometry": { "type": "Point", "coordinates": [ -77.007336663885511, -0.435296299547422 ] } },
{ "type": "Feature", "properties": { "CI": "1004631899", "GENERO": "HOMBRE", "PROVINCIA": "IMBABURA", "PARROQUIA": "CAHUASQUI", "SECTOR": "RURAL", "PLANIFICAC": "633 PRE FABRICADAS", "X": -78.210636, "Y": 0.542191, "CANTON": "URCUQUI", "NOMBRE": "QUIGUANGO GOMEZ FRANCISCO PAUL" }, "geometry": { "type": "Point", "coordinates": [ -78.210636464663054, 0.54219119914054 ] } },
{ "type": "Feature", "properties": { "CI": "1206753707", "GENERO": "HOMBRE", "PROVINCIA": "LOS RIOS", "PARROQUIA": "QUINSALOMA", "SECTOR": "RURAL", "PLANIFICAC": "633 PRE FABRICADAS", "X": -79.321655, "Y": -1.205207, "CANTON": "QUINSALOMA", "NOMBRE": "QUIJE PAREDES BYRON AGUSTIN" }, "geometry": { "type": "Point", "coordinates": [ -79.321654913125599, -1.205206707282515 ] } },
{ "type": "Feature", "properties": { "CI": "250339835", "GENERO": "MUJER", "PROVINCIA": "BOLIVAR", "PARROQUIA": "ECHEANDIA", "SECTOR": "URBANO", "PLANIFICAC": "633 PRE FABRICADAS", "X": -79.330708, "Y": -1.45193, "CANTON": "ECHEANDIA", "NOMBRE": "QUILLE JOGACHO NORMA ROCIO" }, "geometry": { "type": "Point", "coordinates": [ -79.330708317601221, -1.451930001904994 ] } },
{ "type": "Feature", "properties": { "CI": "202355749", "GENERO": "MUJER", "PROVINCIA": "BOLIVAR", "PARROQUIA": "GUANUJO", "SECTOR": "URBANO", "PLANIFICAC": "633 PRE FABRICADAS", "X": -78.92902, "Y": -1.511767, "CANTON": "GUARANDA", "NOMBRE": "QUINALOA CHACHA ROSA MARGARITA" }, "geometry": { "type": "Point", "coordinates": [ -78.929019943849099, -1.511767312029795 ] } },
{ "type": "Feature", "properties": { "CI": "2100148424", "GENERO": "HOMBRE", "PROVINCIA": "SUCUMBIOS", "PARROQUIA": "SHUSHUFINDI", "SECTOR": "URBANO", "PLANIFICAC": "633 PRE FABRICADAS", "X": -76.639632, "Y": -0.19205, "CANTON": "SHUSHUFINDI", "NOMBRE": "QUINALOA RAMIREZ JOSE VICENTE" }, "geometry": { "type": "Point", "coordinates": [ -76.639631602465542, -0.192049622475717 ] } },
{ "type": "Feature", "properties": { "CI": "1207137017", "GENERO": "MUJER", "PROVINCIA": "BOLIVAR", "PARROQUIA": "ECHEANDIA", "SECTOR": "URBANO", "PLANIFICAC": "633 PRE FABRICADAS", "X": -79.289042, "Y": -1.429857, "CANTON": "ECHEANDIA", "NOMBRE": "QUINGAGUANO QUINGAGUANO SILVIA MARIANA" }, "geometry": { "type": "Point", "coordinates": [ -79.289041919851286, -1.429856753158942 ] } },
{ "type": "Feature", "properties": { "CI": "1724776644", "GENERO": "MUJER", "PROVINCIA": "ORELLANA", "PARROQUIA": "EL COCA EL DORADO", "SECTOR": "URBANO", "PLANIFICAC": "633 PRE FABRICADAS", "X": -76.953193, "Y": -0.49776, "CANTON": "FRANCISCO DE ORELLANA", "NOMBRE": "QUINTANILLA RUMIGUANO MARGOTH MATILDE" }, "geometry": { "type": "Point", "coordinates": [ -76.953192736992193, -0.497759556388904 ] } },
{ "type": "Feature", "properties": { "CI": "2200364889", "GENERO": "MUJER", "PROVINCIA": "ORELLANA", "PARROQUIA": "EL COCA TARACOA", "SECTOR": "RURAL", "PLANIFICAC": "633 PRE FABRICADAS", "X": -76.793773, "Y": -0.525899, "CANTON": "FRANCISCO DE ORELLANA", "NOMBRE": "QUINTERO REYES HEYDY SANDRA" }, "geometry": { "type": "Point", "coordinates": [ -76.793772999313845, -0.525898579809418 ] } },
{ "type": "Feature", "properties": { "CI": "302739552", "GENERO": "MUJER", "PROVINCIA": "CAÑAR", "PARROQUIA": "SAN MIGUEL", "SECTOR": "RURAL", "PLANIFICAC": "633 PRE FABRICADAS", "X": -78.835801, "Y": -2.809201, "CANTON": "AZOGUES", "NOMBRE": "QUINTUÑA SIGUENCIA DEYSI VERONICA" }, "geometry": { "type": "Point", "coordinates": [ -78.83580148812932, -2.80920110272071 ] } },
{ "type": "Feature", "properties": { "CI": "2100435896", "GENERO": "MUJER", "PROVINCIA": "SUCUMBIOS", "PARROQUIA": "7 DE JULIO", "SECTOR": "RURAL", "PLANIFICAC": "633 PRE FABRICADAS", "X": -76.788115, "Y": -0.175323, "CANTON": "SHUSHUFINDI", "NOMBRE": "QUIROZ VELASCO LILIAM ALEXANDRA" }, "geometry": { "type": "Point", "coordinates": [ -76.788114817018524, -0.17532333818581 ] } },
{ "type": "Feature", "properties": { "CI": "604622811", "GENERO": "MUJER", "PROVINCIA": "CHIMBORAZO", "PARROQUIA": "CHAMBO", "SECTOR": "RURAL", "PLANIFICAC": "633 PRE FABRICADAS", "X": -78.584318, "Y": -1.710126, "CANTON": "CHAMBO", "NOMBRE": "QUISHPE QUISPI SUSANA REBECA" }, "geometry": { "type": "Point", "coordinates": [ -78.584318298437267, -1.710125733703375 ] } },
{ "type": "Feature", "properties": { "CI": "604564799", "GENERO": "MUJER", "PROVINCIA": "CHIMBORAZO", "PARROQUIA": "CEBADAS", "SECTOR": "RURAL", "PLANIFICAC": "633 PRE FABRICADAS", "X": -78.629093, "Y": -1.984836, "CANTON": "GUAMOTE", "NOMBRE": "QUISHPE YANTALEMA JOSE HUMBERTO" }, "geometry": { "type": "Point", "coordinates": [ -78.629092691823431, -1.984836228598238 ] } },
{ "type": "Feature", "properties": { "CI": "2100644331", "GENERO": "MUJER", "PROVINCIA": "ORELLANA", "PARROQUIA": "EL COCA NUEVO PARAISO", "SECTOR": "RURAL", "PLANIFICAC": "633 PRE FABRICADAS", "X": -77.017045, "Y": -0.377026, "CANTON": "FRANCISCO DE ORELLANA", "NOMBRE": "RAMIREZ TENESACA ISABEL BEATRIZ" }, "geometry": { "type": "Point", "coordinates": [ -77.017045213086845, -0.377026360391035 ] } },
{ "type": "Feature", "properties": { "CI": "2100403548", "GENERO": "HOMBRE", "PROVINCIA": "ORELLANA", "PARROQUIA": "NUEVO PARAISO", "SECTOR": "RURAL", "PLANIFICAC": "633 PRE FABRICADAS", "X": -77.011036, "Y": -0.377391, "CANTON": "FRANCISCO DE ORELLANA", "NOMBRE": "RAMIREZ TENESACA OSCAR ALEJANDRO" }, "geometry": { "type": "Point", "coordinates": [ -77.011035948086274, -0.377390733460018 ] } },
{ "type": "Feature", "properties": { "CI": "202088068", "GENERO": "MUJER", "PROVINCIA": "BOLIVAR", "PARROQUIA": "GUANUJO", "SECTOR": "URBANO", "PLANIFICAC": "633 PRE FABRICADAS", "X": -79.055207, "Y": -1.546297, "CANTON": "GUARANDA", "NOMBRE": "REA CHELA MARIA DOLORES" }, "geometry": { "type": "Point", "coordinates": [ -79.055207198818138, -1.546296767841681 ] } },
{ "type": "Feature", "properties": { "CI": "1721302972", "GENERO": "MUJER", "PROVINCIA": "BOLIVAR", "PARROQUIA": "LA ASUNCION", "SECTOR": "RURAL", "PLANIFICAC": "633 PRE FABRICADAS", "X": -79.073166, "Y": -1.638117, "CANTON": "CHIMBO", "NOMBRE": "REA REA ELSIA MARINA" }, "geometry": { "type": "Point", "coordinates": [ -79.073165988129304, -1.638117256288103 ] } },
{ "type": "Feature", "properties": { "CI": "802939546", "GENERO": "MUJER", "PROVINCIA": "ESMERALDAS", "PARROQUIA": "ATACAMES", "SECTOR": "URBANO", "PLANIFICAC": "633 PRE FABRICADAS", "X": -79.85, "Y": 0.86, "CANTON": "ATACAMES", "NOMBRE": "REALPE QUINTERO JUANA KATHERINE" }, "geometry": { "type": "Point", "coordinates": [ -79.850000000457683, 0.859999930330325 ] } },
{ "type": "Feature", "properties": { "CI": "400937942", "GENERO": "MUJER", "PROVINCIA": "CARCHI", "PARROQUIA": "JULIO ANDRADE", "SECTOR": "RURAL", "PLANIFICAC": "633 PRE FABRICADAS", "X": -77.715983, "Y": 0.685054, "CANTON": "TULCAN", "NOMBRE": "REINA HUERTAS MIRIAM EMERITA" }, "geometry": { "type": "Point", "coordinates": [ -77.715982940296072, 0.685053695957291 ] } },
{ "type": "Feature", "properties": { "CI": "604473025", "GENERO": "MUJER", "PROVINCIA": "CHIMBORAZO", "PARROQUIA": "SANTIAGO DE QUITO", "SECTOR": "RURAL", "PLANIFICAC": "633 PRE FABRICADAS", "X": -78.71548, "Y": -1.748337, "CANTON": "COLTA", "NOMBRE": "REMACHE AUQUILLA SANDRA BEATRIZ" }, "geometry": { "type": "Point", "coordinates": [ -78.715480095219263, -1.748336774459507 ] } },
{ "type": "Feature", "properties": { "CI": "2100392303", "GENERO": "MUJER", "PROVINCIA": "SUCUMBIOS", "PARROQUIA": "NUEVA LOJA", "SECTOR": "URBANO", "PLANIFICAC": "633 PRE FABRICADAS", "X": -76.934811, "Y": 0.090244, "CANTON": "LAGO AGRIO", "NOMBRE": "RETETE CALVA ROSA IRENE" }, "geometry": { "type": "Point", "coordinates": [ -76.934810897103446, 0.090243973573466 ] } },
{ "type": "Feature", "properties": { "CI": "1311823353", "GENERO": "MUJER", "PROVINCIA": "SUCUMBIOS", "PARROQUIA": "NUEVA LOJA", "SECTOR": "URBANO", "PLANIFICAC": "633 PRE FABRICADAS", "X": -76.876236, "Y": 0.090237, "CANTON": "LAGO AGRIO", "NOMBRE": "RIVAS ROMERO GISELA MARIA" }, "geometry": { "type": "Point", "coordinates": [ -76.876235847903502, 0.090237324828673 ] } },
{ "type": "Feature", "properties": { "CI": "201978228", "GENERO": "MUJER", "PROVINCIA": "BOLIVAR", "PARROQUIA": "GUANUJO", "SECTOR": "URBANO", "PLANIFICAC": "633 PRE FABRICADAS", "X": -79.000837, "Y": -1.552948, "CANTON": "GUARANDA", "NOMBRE": "ROCHINA PEÑA CARMEN AURORA" }, "geometry": { "type": "Point", "coordinates": [ -79.000837018348477, -1.552947737545557 ] } },
{ "type": "Feature", "properties": { "CI": "201858792", "GENERO": "MUJER", "PROVINCIA": "BOLIVAR", "PARROQUIA": "LAS NAVES", "SECTOR": "URBANO", "PLANIFICAC": "633 PRE FABRICADAS", "X": -79.310951, "Y": -1.288667, "CANTON": "LAS NAVES", "NOMBRE": "RODRIGUEZ CAMACHO SELENE MARILUD" }, "geometry": { "type": "Point", "coordinates": [ -79.310951214580996, -1.288667230577059 ] } },
{ "type": "Feature", "properties": { "CI": "927525899", "GENERO": "HOMBRE", "PROVINCIA": "GUAYAS", "PARROQUIA": "ENGABAO", "SECTOR": "URBANO", "PLANIFICAC": "633 PRE FABRICADAS", "X": -80.486364, "Y": -2.580805, "CANTON": "PLAYAS", "NOMBRE": "RODRIGUEZ GARCIA ANALDO LUPERCIO" }, "geometry": { "type": "Point", "coordinates": [ -80.486364087071607, -2.580805393409991 ] } },
{ "type": "Feature", "properties": { "CI": "940072705", "GENERO": "MUJER", "PROVINCIA": "GUAYAS", "PARROQUIA": "ENGABAO", "SECTOR": "URBANO", "PLANIFICAC": "633 PRE FABRICADAS", "X": -80.489858, "Y": -2.570611, "CANTON": "PLAYAS", "NOMBRE": "RODRIGUEZ GARCIA LINDA TATIANA" }, "geometry": { "type": "Point", "coordinates": [ -80.489858377999099, -2.570611096651434 ] } },
{ "type": "Feature", "properties": { "CI": "200601144", "GENERO": "HOMBRE", "PROVINCIA": "BOLIVAR", "PARROQUIA": "SAN SIMON", "SECTOR": "RURAL", "PLANIFICAC": "633 PRE FABRICADAS", "X": -78.976521, "Y": -1.639796, "CANTON": "GUARANDA", "NOMBRE": "RODRIGUEZ LUIS MESIAS" }, "geometry": { "type": "Point", "coordinates": [ -78.976520988634775, -1.63979587606043 ] } },
{ "type": "Feature", "properties": { "CI": "1719658559", "GENERO": "MUJER", "PROVINCIA": "SUCUMBIOS", "PARROQUIA": "NUEVA LOJA", "SECTOR": "URBANO", "PLANIFICAC": "633 PRE FABRICADAS", "X": -76.857647, "Y": 0.090235, "CANTON": "LAGO AGRIO", "NOMBRE": "RODRIGUEZ MAZA MELIDA ROCIO" }, "geometry": { "type": "Point", "coordinates": [ -76.857647095736667, 0.090235195005459 ] } },
{ "type": "Feature", "properties": { "CI": "922149356", "GENERO": "HOMBRE", "PROVINCIA": "GUAYAS", "PARROQUIA": "ENGABAO", "SECTOR": "URBANO", "PLANIFICAC": "633 PRE FABRICADAS", "X": -80.474986, "Y": -2.577833, "CANTON": "PLAYAS", "NOMBRE": "RODRIGUEZ TOMALA SIXTO AGAPITO" }, "geometry": { "type": "Point", "coordinates": [ -80.474986073623811, -2.577833389410957 ] } },
{ "type": "Feature", "properties": { "CI": "1203544778", "GENERO": "MUJER", "PROVINCIA": "COTOPAXI", "PARROQUIA": "MORASPUNGO", "SECTOR": "RURAL", "PLANIFICAC": "633 PRE FABRICADAS", "X": -79.297334, "Y": -1.074966, "CANTON": "PANGUA", "NOMBRE": "ROJAS MATUTE LILIAN EUGENIA" }, "geometry": { "type": "Point", "coordinates": [ -79.297334271577483, -1.074965944793071 ] } },
{ "type": "Feature", "properties": { "CI": "200623247", "GENERO": "HOMBRE", "PROVINCIA": "SUCUMBIOS", "PARROQUIA": "EL ENO", "SECTOR": "RURAL", "PLANIFICAC": "633 PRE FABRICADAS", "X": -76.961702, "Y": 0.180494, "CANTON": "LAGO AGRIO", "NOMBRE": "ROMAN CAYACHI CRUZ DESIDERIO" }, "geometry": { "type": "Point", "coordinates": [ -76.961702366088304, 0.180493986088818 ] } },
{ "type": "Feature", "properties": { "CI": "1713165494", "GENERO": "HOMBRE", "PROVINCIA": "SUCUMBIOS", "PARROQUIA": "SANTA CECILIA", "SECTOR": "RURAL", "PLANIFICAC": "633 PRE FABRICADAS", "X": -76.961702, "Y": 0.180494, "CANTON": "LAGO AGRIO", "NOMBRE": "ROMAN CAYACHI MILTON MODESTO" }, "geometry": { "type": "Point", "coordinates": [ -76.961702366088304, 0.180493986088818 ] } },
{ "type": "Feature", "properties": { "CI": "401656319", "GENERO": "MUJER", "PROVINCIA": "CARCHI", "PARROQUIA": "FERNANDEZ SALVADOR", "SECTOR": "RURAL", "PLANIFICAC": "633 PRE FABRICADAS", "X": -77.753184, "Y": 0.632288, "CANTON": "MONTUFAR", "NOMBRE": "ROMAN TREJO MARICELA YOLANDA" }, "geometry": { "type": "Point", "coordinates": [ -77.753184393340504, 0.632288347558002 ] } },
{ "type": "Feature", "properties": { "CI": "1100418837", "GENERO": "HOMBRE", "PROVINCIA": "ZAMORA CHINCHIPE", "PARROQUIA": "ZUMBA", "SECTOR": "URBANO", "PLANIFICAC": "633 PRE FABRICADAS", "X": -79.108942, "Y": -4.800286, "CANTON": "CHINCHIPE", "NOMBRE": "ROMERO ANGEL M ANASARIO" }, "geometry": { "type": "Point", "coordinates": [ -79.108942353173646, -4.800286020410353 ] } },
{ "type": "Feature", "properties": { "CI": "2100592415", "GENERO": "HOMBRE", "PROVINCIA": "ORELLANA", "PARROQUIA": "LA JOYA DE LOS SACHAS", "SECTOR": "URBANO", "PLANIFICAC": "633 PRE FABRICADAS", "X": -76.848544, "Y": -0.25964, "CANTON": "LA JOYA DE LOS SACHAS", "NOMBRE": "ROSEL LOPEZ DANIEL DAVID" }, "geometry": { "type": "Point", "coordinates": [ -76.848543566051248, -0.259640002113246 ] } },
{ "type": "Feature", "properties": { "CI": "401290283", "GENERO": "MUJER", "PROVINCIA": "CARCHI", "PARROQUIA": "EL CARMELO", "SECTOR": "RURAL", "PLANIFICAC": "633 PRE FABRICADAS", "X": -77.613863, "Y": 0.660412, "CANTON": "TULCAN", "NOMBRE": "ROSERO BENAVIDES LEIDY MARGOTH" }, "geometry": { "type": "Point", "coordinates": [ -77.613862856075883, 0.660411958804841 ] } },
{ "type": "Feature", "properties": { "CI": "401883806", "GENERO": "MUJER", "PROVINCIA": "CARCHI", "PARROQUIA": "FERNANDEZ SALVADOR", "SECTOR": "RURAL", "PLANIFICAC": "633 PRE FABRICADAS", "X": -77.76063, "Y": 0.632293, "CANTON": "MONTUFAR", "NOMBRE": "ROSERO CAICEDO JESSICA ARACELLY" }, "geometry": { "type": "Point", "coordinates": [ -77.760629664607677, 0.632293034251282 ] } },
{ "type": "Feature", "properties": { "CI": "401644281", "GENERO": "MUJER", "PROVINCIA": "CARCHI", "PARROQUIA": "TUFIÑO", "SECTOR": "RURAL", "PLANIFICAC": "633 PRE FABRICADAS", "X": -77.858387, "Y": 0.799688, "CANTON": "TULCAN", "NOMBRE": "RUANO PAPUEL VIVIANA SOLEDAD" }, "geometry": { "type": "Point", "coordinates": [ -77.858386779789996, 0.799688375972154 ] } },
{ "type": "Feature", "properties": { "CI": "1709194193", "GENERO": "MUJER", "PROVINCIA": "ESMERALDAS", "PARROQUIA": "MALIMPIA", "SECTOR": "RURAL", "PLANIFICAC": "633 PRE FABRICADAS", "X": -79.34349, "Y": 0.264197, "CANTON": "QUININDE", "NOMBRE": "RUIZ AMORES LIDIA EDUVIZ" }, "geometry": { "type": "Point", "coordinates": [ -79.343489990243143, 0.264197003493773 ] } },
{ "type": "Feature", "properties": { "CI": "1250191911", "GENERO": "MUJER", "PROVINCIA": "LOS RIOS", "PARROQUIA": "ZAPOTAL", "SECTOR": "RURAL", "PLANIFICAC": "633 PRE FABRICADAS", "X": -79.415792, "Y": -1.359837, "CANTON": "VENTANAS", "NOMBRE": "RUIZ GAIBOR XIOMARA JAMILEX" }, "geometry": { "type": "Point", "coordinates": [ -79.41579162046736, -1.35983729473989 ] } },
{ "type": "Feature", "properties": { "CI": "502786981", "GENERO": "MUJER", "PROVINCIA": "COTOPAXI", "PARROQUIA": "MULALILLO", "SECTOR": "RURAL", "PLANIFICAC": "633 PRE FABRICADAS", "X": -78.621162, "Y": -1.078841, "CANTON": "SALCEDO", "NOMBRE": "SAFLA TOSCANO JHOANA MAGALI" }, "geometry": { "type": "Point", "coordinates": [ -78.621162256719586, -1.078840939992476 ] } },
{ "type": "Feature", "properties": { "CI": "1311216368", "GENERO": "MUJER", "PROVINCIA": "LOS RIOS", "PARROQUIA": "MOCACHE", "SECTOR": "RURAL", "PLANIFICAC": "633 PRE FABRICADAS", "X": -79.618818, "Y": -1.13505, "CANTON": "MOCACHE", "NOMBRE": "SALAZAR FIGUEROA JESSICA LISSBETH" }, "geometry": { "type": "Point", "coordinates": [ -79.618817943504027, -1.135050083383092 ] } },
{ "type": "Feature", "properties": { "CI": "2100674312", "GENERO": "MUJER", "PROVINCIA": "SUCUMBIOS", "PARROQUIA": "NUEVA LOJA", "SECTOR": "URBANO", "PLANIFICAC": "633 PRE FABRICADAS", "X": -76.915264, "Y": 0.090242, "CANTON": "LAGO AGRIO", "NOMBRE": "SALAZAR OJEDA MARITZA ELIZABETH" }, "geometry": { "type": "Point", "coordinates": [ -76.915264426322082, 0.090241765446613 ] } },
{ "type": "Feature", "properties": { "CI": "2100595129", "GENERO": "MUJER", "PROVINCIA": "SUCUMBIOS", "PARROQUIA": "NUEVA LOJA", "SECTOR": "URBANO", "PLANIFICAC": "633 PRE FABRICADAS", "X": -76.873543, "Y": 0.090237, "CANTON": "LAGO AGRIO", "NOMBRE": "SALAZAR SANDA NELLY CARMENSA" }, "geometry": { "type": "Point", "coordinates": [ -76.873542997683529, 0.090237016885219 ] } },
{ "type": "Feature", "properties": { "CI": "1718886813", "GENERO": "MUJER", "PROVINCIA": "ESMERALDAS", "PARROQUIA": "MALIMPIA", "SECTOR": "RURAL", "PLANIFICAC": "633 PRE FABRICADAS", "X": -79.406411, "Y": 0.42779, "CANTON": "QUININDE", "NOMBRE": "SALINAS BRITO EUGENIA PATRICIA" }, "geometry": { "type": "Point", "coordinates": [ -79.406411365414911, 0.427790137839135 ] } },
{ "type": "Feature", "properties": { "CI": "704548577", "GENERO": "MUJER", "PROVINCIA": "EL ORO", "PARROQUIA": "SANTA ROSA", "SECTOR": "URBANO", "PLANIFICAC": "633 PRE FABRICADAS", "X": -79.973037, "Y": -3.447143, "CANTON": "SANTA ROSA", "NOMBRE": "SALTO URGILEZ TANIA MARIBEL" }, "geometry": { "type": "Point", "coordinates": [ -79.973036964747081, -3.447143326565388 ] } },
{ "type": "Feature", "properties": { "CI": "1312058561", "GENERO": "MUJER", "PROVINCIA": "MANABI", "PARROQUIA": "CONVENTO", "SECTOR": "RURAL", "PLANIFICAC": "633 PRE FABRICADAS", "X": -80.03867, "Y": -0.277306, "CANTON": "CHONE", "NOMBRE": "SALVATIERRA SANCHEZ ANTONIA ELIZABETH" }, "geometry": { "type": "Point", "coordinates": [ -80.038669996234844, -0.277305998329499 ] } },
{ "type": "Feature", "properties": { "CI": "603644741", "GENERO": "MUJER", "PROVINCIA": "CHIMBORAZO", "PARROQUIA": "CUMANDA", "SECTOR": "URBANO", "PLANIFICAC": "633 PRE FABRICADAS", "X": -79.125601, "Y": -2.209628, "CANTON": "CUMANDA", "NOMBRE": "SANCHEZ AYABACA SONIA ELVIA" }, "geometry": { "type": "Point", "coordinates": [ -79.125600617302169, -2.209627978830095 ] } },
{ "type": "Feature", "properties": { "CI": "1850251107", "GENERO": "MUJER", "PROVINCIA": "PASTAZA", "PARROQUIA": "FATIMA", "SECTOR": "URBANO", "PLANIFICAC": "633 PRE FABRICADAS", "X": -77.983341, "Y": -1.432439, "CANTON": "PASTAZA", "NOMBRE": "SANCHEZ SANCHEZ AMANDA ANABEL" }, "geometry": { "type": "Point", "coordinates": [ -77.983341082852206, -1.432439229383289 ] } },
{ "type": "Feature", "properties": { "CI": "1400679419", "GENERO": "MUJER", "PROVINCIA": "MORONA SANTIAGO", "PARROQUIA": "HUAMBI", "SECTOR": "RURAL", "PLANIFICAC": "633 PRE FABRICADAS", "X": -78.14783, "Y": -2.571515, "CANTON": "SUCUA", "NOMBRE": "SANCHIM KATIP YAUNT NANCY" }, "geometry": { "type": "Point", "coordinates": [ -78.147830270498289, -2.571514814971374 ] } },
{ "type": "Feature", "properties": { "CI": "201427630", "GENERO": "MUJER", "PROVINCIA": "CHIMBORAZO", "PARROQUIA": "CAÑI", "SECTOR": "RURAL", "PLANIFICAC": "633 PRE FABRICADAS", "X": -78.992671, "Y": -1.774298, "CANTON": "COLTA", "NOMBRE": "SANGACHA JACOME ERMIÑA AMADA" }, "geometry": { "type": "Point", "coordinates": [ -78.992670909466241, -1.774297799703941 ] } },
{ "type": "Feature", "properties": { "CI": "503829988", "GENERO": "MUJER", "PROVINCIA": "COTOPAXI", "PARROQUIA": "LA VICTORIA", "SECTOR": "RURAL", "PLANIFICAC": "633 PRE FABRICADAS", "X": -78.696865, "Y": -0.905423, "CANTON": "PUJILI", "NOMBRE": "SANGOQUIZA OLMOS JESSICA CATALINA" }, "geometry": { "type": "Point", "coordinates": [ -78.696864504360306, -0.905423276713111 ] } },
{ "type": "Feature", "properties": { "CI": "1600171605", "GENERO": "MUJER", "PROVINCIA": "PASTAZA", "PARROQUIA": "TARQUI", "SECTOR": "RURAL", "PLANIFICAC": "633 PRE FABRICADAS", "X": -78.011994, "Y": -1.517667, "CANTON": "PASTAZA", "NOMBRE": "SANTAMARIA SUAREZ IGNACIA" }, "geometry": { "type": "Point", "coordinates": [ -78.011993704602077, -1.517666987612198 ] } },
{ "type": "Feature", "properties": { "CI": "1600234957", "GENERO": "MUJER", "PROVINCIA": "PASTAZA", "PARROQUIA": "TARQUI", "SECTOR": "RURAL", "PLANIFICAC": "633 PRE FABRICADAS", "X": -78.013339, "Y": -1.518374, "CANTON": "PASTAZA", "NOMBRE": "SANTI GAYAS AURA EVEGINIA" }, "geometry": { "type": "Point", "coordinates": [ -78.013339373904671, -1.518373581293855 ] } },
{ "type": "Feature", "properties": { "CI": "2100707682", "GENERO": "MUJER", "PROVINCIA": "SUCUMBIOS", "PARROQUIA": "LA MAGDALENA", "SECTOR": "RURAL", "PLANIFICAC": "633 PRE FABRICADAS", "X": -76.63063, "Y": -0.267954, "CANTON": "SHUSHUFINDI", "NOMBRE": "SARANGO MERCHAN ROXANA ELIZABETH" }, "geometry": { "type": "Point", "coordinates": [ -76.630630266260809, -0.26795361912518 ] } },
{ "type": "Feature", "properties": { "CI": "925562886", "GENERO": "MUJER", "PROVINCIA": "CHIMBORAZO", "PARROQUIA": "CUMANDA", "SECTOR": "URBANO", "PLANIFICAC": "633 PRE FABRICADAS", "X": -79.121222, "Y": -2.21786, "CANTON": "CUMANDA", "NOMBRE": "SATIAN FREIRE JENNY SUSANA" }, "geometry": { "type": "Point", "coordinates": [ -79.121221814098547, -2.217859946246165 ] } },
{ "type": "Feature", "properties": { "CI": "202079653", "GENERO": "MUJER", "PROVINCIA": "BOLIVAR", "PARROQUIA": "SAN SIMON", "SECTOR": "RURAL", "PLANIFICAC": "633 PRE FABRICADAS", "X": -78.986845, "Y": -1.657452, "CANTON": "GUARANDA", "NOMBRE": "SECAIRA FIERRO DIANA LIZBETH" }, "geometry": { "type": "Point", "coordinates": [ -78.986844928007798, -1.657452442743125 ] } },
{ "type": "Feature", "properties": { "CI": "401776570", "GENERO": "HOMBRE", "PROVINCIA": "CARCHI", "PARROQUIA": "LOS ANDES", "SECTOR": "RURAL", "PLANIFICAC": "633 PRE FABRICADAS", "X": -77.940357, "Y": 0.4601, "CANTON": "BOLIVAR", "NOMBRE": "SERRRANO VASQUEZ FRANKLIN BLADIMIR" }, "geometry": { "type": "Point", "coordinates": [ -77.940357400698332, 0.460099830399743 ] } },
{ "type": "Feature", "properties": { "CI": "1400276075", "GENERO": "HOMBRE", "PROVINCIA": "ORELLANA", "PARROQUIA": "LAGO SAN PEDRO", "SECTOR": "RURAL", "PLANIFICAC": "633 PRE FABRICADAS", "X": -76.911473, "Y": -0.229265, "CANTON": "LA JOYA DE LOS SACHAS", "NOMBRE": "SHAKAI NUNINK FIDEL" }, "geometry": { "type": "Point", "coordinates": [ -76.911472852123325, -0.229265328084845 ] } },
{ "type": "Feature", "properties": { "CI": "1204828030", "GENERO": "MUJER", "PROVINCIA": "LOS RIOS", "PARROQUIA": "MOCACHE", "SECTOR": "RURAL", "PLANIFICAC": "633 PRE FABRICADAS", "X": -79.493158, "Y": -1.09162, "CANTON": "MOCACHE", "NOMBRE": "SILVA FLORES LORENA SORAIDA" }, "geometry": { "type": "Point", "coordinates": [ -79.493158044837315, -1.091620313135111 ] } },
{ "type": "Feature", "properties": { "CI": "604665562", "GENERO": "MUJER", "PROVINCIA": "CHIMBORAZO", "PARROQUIA": "CUMANDA", "SECTOR": "URBANO", "PLANIFICAC": "633 PRE FABRICADAS", "X": -79.099382, "Y": -2.237399, "CANTON": "CUMANDA", "NOMBRE": "SILVA VIQUE IRMA JOHANA" }, "geometry": { "type": "Point", "coordinates": [ -79.099381597781445, -2.237399172767073 ] } },
{ "type": "Feature", "properties": { "CI": "250218757", "GENERO": "MUJER", "PROVINCIA": "BOLIVAR", "PARROQUIA": "LA ASUNCION", "SECTOR": "RURAL", "PLANIFICAC": "633 PRE FABRICADAS", "X": -79.052762, "Y": -1.627888, "CANTON": "CHIMBO", "NOMBRE": "SISA TAMAME OLIVA VANESSA" }, "geometry": { "type": "Point", "coordinates": [ -79.052761655950604, -1.627887733024615 ] } },
{ "type": "Feature", "properties": { "CI": "202680880", "GENERO": "MUJER", "PROVINCIA": "BOLIVAR", "PARROQUIA": "GUANUJO", "SECTOR": "URBANO", "PLANIFICAC": "633 PRE FABRICADAS", "X": -78.976775, "Y": -1.524065, "CANTON": "GUARANDA", "NOMBRE": "SISALEMA GUAQUIPANA DAYSI MARGOTH" }, "geometry": { "type": "Point", "coordinates": [ -78.976775015379332, -1.524065059506293 ] } },
{ "type": "Feature", "properties": { "CI": "1306137777", "GENERO": "MUJER", "PROVINCIA": "MANABI", "PARROQUIA": "FLAVIO ALFARO", "SECTOR": "RURAL", "PLANIFICAC": "633 PRE FABRICADAS", "X": -79.935501, "Y": -0.405204, "CANTON": "FLAVIO ALFARO", "NOMBRE": "SORNOZA LOOR ELENA MARIBEL" }, "geometry": { "type": "Point", "coordinates": [ -79.935501042105855, -0.405203935860721 ] } },
{ "type": "Feature", "properties": { "CI": "2101034136", "GENERO": "MUJER", "PROVINCIA": "SUCUMBIOS", "PARROQUIA": "SAN PEDRO DE LOS COFANES", "SECTOR": "RURAL", "PLANIFICAC": "633 PRE FABRICADAS", "X": -76.792989, "Y": -0.230493, "CANTON": "SHUSHUFINDI", "NOMBRE": "SUAREZ SOSA NELSY LILIANA" }, "geometry": { "type": "Point", "coordinates": [ -76.792989341696497, -0.230493363101489 ] } },
{ "type": "Feature", "properties": { "CI": "401911896", "GENERO": "MUJER", "PROVINCIA": "CARCHI", "PARROQUIA": "TUFIÑO", "SECTOR": "RURAL", "PLANIFICAC": "633 PRE FABRICADAS", "X": -77.857225, "Y": 0.800885, "CANTON": "TULCAN", "NOMBRE": "TATAMUES GUEL NATALY SILVANA" }, "geometry": { "type": "Point", "coordinates": [ -77.857225051945107, 0.800884883975385 ] } },
{ "type": "Feature", "properties": { "CI": "202485231", "GENERO": "MUJER", "PROVINCIA": "BOLIVAR", "PARROQUIA": "Santa Fe", "SECTOR": "RURAL", "PLANIFICAC": "633 PRE FABRICADAS", "X": -79.024893, "Y": -1.624645, "CANTON": "GUARANDA", "NOMBRE": "TENELEMA CHILLO JESSICA ADRIANA" }, "geometry": { "type": "Point", "coordinates": [ -79.024892528934316, -1.624645173889882 ] } },
{ "type": "Feature", "properties": { "CI": "603500174", "GENERO": "MUJER", "PROVINCIA": "CHIMBORAZO", "PARROQUIA": "CUMANDA", "SECTOR": "URBANO", "PLANIFICAC": "633 PRE FABRICADAS", "X": -79.125288, "Y": -2.207774, "CANTON": "CUMANDA", "NOMBRE": "TENEMAZA SAQUISILLI MARIA YOLANDA" }, "geometry": { "type": "Point", "coordinates": [ -79.125288342689529, -2.207773907202193 ] } },
{ "type": "Feature", "properties": { "CI": "2200025738", "GENERO": "MUJER", "PROVINCIA": "ORELLANA", "PARROQUIA": "SAN CARLOS", "SECTOR": "RURAL", "PLANIFICAC": "633 PRE FABRICADAS", "X": -76.896699, "Y": -0.386127, "CANTON": "LA JOYA DE LOS SACHAS", "NOMBRE": "TITE CARDENAS MARY SENAIDA" }, "geometry": { "type": "Point", "coordinates": [ -76.896699417839429, -0.38612725963842 ] } },
{ "type": "Feature", "properties": { "CI": "2100464896", "GENERO": "MUJER", "PROVINCIA": "SUCUMBIOS", "PARROQUIA": "SEVILLA", "SECTOR": "RURAL", "PLANIFICAC": "633 PRE FABRICADAS", "X": -77.125566, "Y": 0.090265, "CANTON": "CASCALES", "NOMBRE": "TOAPANTA NARVAEZ SENELIA DE JESUS" }, "geometry": { "type": "Point", "coordinates": [ -77.125566470730661, 0.090264967672759 ] } },
{ "type": "Feature", "properties": { "CI": "942588682", "GENERO": "MUJER", "PROVINCIA": "GUAYAS", "PARROQUIA": "ENGABAO", "SECTOR": "URBANO", "PLANIFICAC": "633 PRE FABRICADAS", "X": -80.478112, "Y": -2.566988, "CANTON": "PLAYAS", "NOMBRE": "TOMALA BALON JESSICA MERCEDEZ" }, "geometry": { "type": "Point", "coordinates": [ -80.478111891015786, -2.566987622688881 ] } },
{ "type": "Feature", "properties": { "CI": "942988833", "GENERO": "MUJER", "PROVINCIA": "GUAYAS", "PARROQUIA": "ENGABAO", "SECTOR": "URBANO", "PLANIFICAC": "633 PRE FABRICADAS", "X": -80.478894, "Y": -2.568381, "CANTON": "PLAYAS", "NOMBRE": "TOMALA BELTRAN NAOMI CORINA" }, "geometry": { "type": "Point", "coordinates": [ -80.47889392104868, -2.568381143762885 ] } },
{ "type": "Feature", "properties": { "CI": "942988809", "GENERO": "HOMBRE", "PROVINCIA": "GUAYAS", "PARROQUIA": "ENGABAO", "SECTOR": "URBANO", "PLANIFICAC": "633 PRE FABRICADAS", "X": -80.479074, "Y": -2.566726, "CANTON": "PLAYAS", "NOMBRE": "TOMALA BELTRAN SAHIR BRANDO" }, "geometry": { "type": "Point", "coordinates": [ -80.479074498515715, -2.566725661339614 ] } },
{ "type": "Feature", "properties": { "CI": "940072184", "GENERO": "MUJER", "PROVINCIA": "GUAYAS", "PARROQUIA": "ENGABAO", "SECTOR": "URBANO", "PLANIFICAC": "633 PRE FABRICADAS", "X": -80.478508, "Y": -2.566861, "CANTON": "PLAYAS", "NOMBRE": "TOMALA GARCIA GEMA ZAIDY" }, "geometry": { "type": "Point", "coordinates": [ -80.478507737252571, -2.56686113046166 ] } },
{ "type": "Feature", "properties": { "CI": "940071939", "GENERO": "HOMBRE", "PROVINCIA": "GUAYAS", "PARROQUIA": "ENGABAO", "SECTOR": "URBANO", "PLANIFICAC": "633 PRE FABRICADAS", "X": -80.4784, "Y": -2.566725, "CANTON": "PLAYAS", "NOMBRE": "TOMALA GARCIA JUAN JACINTO" }, "geometry": { "type": "Point", "coordinates": [ -80.47839984820925, -2.566725384892572 ] } },
{ "type": "Feature", "properties": { "CI": "923349179", "GENERO": "MUJER", "PROVINCIA": "GUAYAS", "PARROQUIA": "ENGABAO", "SECTOR": "URBANO", "PLANIFICAC": "633 PRE FABRICADAS", "X": -80.491128, "Y": -2.568413, "CANTON": "PLAYAS", "NOMBRE": "TOMALA GARCIA LISSETH JAJAIRA" }, "geometry": { "type": "Point", "coordinates": [ -80.491127597139808, -2.568413239851873 ] } },
{ "type": "Feature", "properties": { "CI": "941388456", "GENERO": "MUJER", "PROVINCIA": "GUAYAS", "PARROQUIA": "ENGABAO", "SECTOR": "URBANO", "PLANIFICAC": "633 PRE FABRICADAS", "X": -80.478553, "Y": -2.567214, "CANTON": "PLAYAS", "NOMBRE": "TOMALA ORRALA CINTHIA DEL ROCIO" }, "geometry": { "type": "Point", "coordinates": [ -80.47855257093947, -2.567213972316086 ] } },
{ "type": "Feature", "properties": { "CI": "915872642", "GENERO": "MUJER", "PROVINCIA": "SANTA ELENA", "PARROQUIA": "COLONCHE", "SECTOR": "RURAL", "PLANIFICAC": "633 PRE FABRICADAS", "X": -80.604309, "Y": -2.117554, "CANTON": "SANTA ELENA", "NOMBRE": "TOMALA POZO MERCY DEL ROCIO" }, "geometry": { "type": "Point", "coordinates": [ -80.604308874915247, -2.117553771828931 ] } },
{ "type": "Feature", "properties": { "CI": "942330655", "GENERO": "MUJER", "PROVINCIA": "GUAYAS", "PARROQUIA": "ENGABAO", "SECTOR": "URBANO", "PLANIFICAC": "633 PRE FABRICADAS", "X": -80.479155, "Y": -2.566762, "CANTON": "PLAYAS", "NOMBRE": "TOMALA TOMALA LEYDI MARITZA" }, "geometry": { "type": "Point", "coordinates": [ -80.479155441909001, -2.56676188150993 ] } },
{ "type": "Feature", "properties": { "CI": "941922866", "GENERO": "MUJER", "PROVINCIA": "GUAYAS", "PARROQUIA": "ENGABAO", "SECTOR": "URBANO", "PLANIFICAC": "633 PRE FABRICADAS", "X": -80.479605, "Y": -2.566708, "CANTON": "PLAYAS", "NOMBRE": "TOMALA TOMALA MERCEDES MARIUXI" }, "geometry": { "type": "Point", "coordinates": [ -80.479605230792458, -2.566707785048208 ] } },
{ "type": "Feature", "properties": { "CI": "941812984", "GENERO": "MUJER", "PROVINCIA": "GUAYAS", "PARROQUIA": "ENGABAO", "SECTOR": "URBANO", "PLANIFICAC": "633 PRE FABRICADAS", "X": -80.483084, "Y": -2.572499, "CANTON": "PLAYAS", "NOMBRE": "TOMALA TOMALA MIRIAM GUADALUPE" }, "geometry": { "type": "Point", "coordinates": [ -80.483084099121029, -2.572499131041765 ] } },
{ "type": "Feature", "properties": { "CI": "943021881", "GENERO": "MUJER", "PROVINCIA": "GUAYAS", "PARROQUIA": "ENGABAO", "SECTOR": "URBANO", "PLANIFICAC": "633 PRE FABRICADAS", "X": -80.478714, "Y": -2.56735, "CANTON": "PLAYAS", "NOMBRE": "TOMALA TOMALA NARCISA DE LOS ANGELES" }, "geometry": { "type": "Point", "coordinates": [ -80.478714432082313, -2.567349740006153 ] } },
{ "type": "Feature", "properties": { "CI": "942869132", "GENERO": "MUJER", "PROVINCIA": "GUAYAS", "PARROQUIA": "ENGABAO", "SECTOR": "URBANO", "PLANIFICAC": "633 PRE FABRICADAS", "X": -80.486015, "Y": -2.575911, "CANTON": "PLAYAS", "NOMBRE": "TOMALA TOMALA NARCISA SULLIBETH" }, "geometry": { "type": "Point", "coordinates": [ -80.486015228611947, -2.575910951951106 ] } },
{ "type": "Feature", "properties": { "CI": "2101030050", "GENERO": "MUJER", "PROVINCIA": "SUCUMBIOS", "PARROQUIA": "EL ENO", "SECTOR": "RURAL", "PLANIFICAC": "633 PRE FABRICADAS", "X": -76.81544, "Y": -0.047556, "CANTON": "LAGO AGRIO", "NOMBRE": "TORO SIMBAÑA IRMA GRIMANEZA" }, "geometry": { "type": "Point", "coordinates": [ -76.815440131482319, -0.047555801954163 ] } },
{ "type": "Feature", "properties": { "CI": "1718295817", "GENERO": "MUJER", "PROVINCIA": "SUCUMBIOS", "PARROQUIA": "SANTA CECILIA", "SECTOR": "URBANO", "PLANIFICAC": "633 PRE FABRICADAS", "X": -76.942366, "Y": 0.090245, "CANTON": "LAGO AGRIO", "NOMBRE": "TORRES CAMPOVERDE ANA BEATRIZ" }, "geometry": { "type": "Point", "coordinates": [ -76.942365698650406, 0.090244824191381 ] } },
{ "type": "Feature", "properties": { "CI": "401611363", "GENERO": "MUJER", "PROVINCIA": "CARCHI", "PARROQUIA": "LA LIBERTAD", "SECTOR": "RURAL", "PLANIFICAC": "633 PRE FABRICADAS", "X": -77.94471, "Y": 0.672114, "CANTON": "ESPEJO", "NOMBRE": "TORRES TORRES MAYRA LUCELI" }, "geometry": { "type": "Point", "coordinates": [ -77.944710332418538, 0.672114207681008 ] } },
{ "type": "Feature", "properties": { "CI": "1804032355", "GENERO": "MUJER", "PROVINCIA": "TUNGURAHUA", "PARROQUIA": "SUCRE", "SECTOR": "RURAL", "PLANIFICAC": "633 PRE FABRICADAS", "X": -78.489158, "Y": -1.275946, "CANTON": "PATATE", "NOMBRE": "TOSCANO ORTIZ MAGALI NATALI" }, "geometry": { "type": "Point", "coordinates": [ -78.489157975670565, -1.275945996092587 ] } },
{ "type": "Feature", "properties": { "CI": "1207385681", "GENERO": "MUJER", "PROVINCIA": "LOS RIOS", "PARROQUIA": "ISLA DE BEJUCAL", "SECTOR": "RURAL", "PLANIFICAC": "633 PRE FABRICADAS", "X": -79.669419, "Y": -1.68725, "CANTON": "BABA", "NOMBRE": "TROYA ELIZONDO JUANA LUCIA" }, "geometry": { "type": "Point", "coordinates": [ -79.669418625879246, -1.687250260654936 ] } },
{ "type": "Feature", "properties": { "CI": "202121042", "GENERO": "MUJER", "PROVINCIA": "BOLIVAR", "PARROQUIA": "GUANUJO", "SECTOR": "URBANO", "PLANIFICAC": "633 PRE FABRICADAS", "X": -79.008295, "Y": -1.518147, "CANTON": "GUARANDA", "NOMBRE": "TUALOMBO LUMBI CARMEN ALEXANDRA" }, "geometry": { "type": "Point", "coordinates": [ -79.008295062296625, -1.518146784874723 ] } },
{ "type": "Feature", "properties": { "CI": "401367453", "GENERO": "MUJER", "PROVINCIA": "IMBABURA", "PARROQUIA": "ALPACHACA", "SECTOR": "URBANO", "PLANIFICAC": "633 PRE FABRICADAS", "X": -78.129994, "Y": 0.361436, "CANTON": "IBARRA", "NOMBRE": "TUPE GUELSANDRA MARÍA" }, "geometry": { "type": "Point", "coordinates": [ -78.129994211151825, 0.361435530898551 ] } },
{ "type": "Feature", "properties": { "CI": "201219474", "GENERO": "HOMBRE", "PROVINCIA": "LOS RIOS", "PARROQUIA": "MOCACHE", "SECTOR": "RURAL", "PLANIFICAC": "633 PRE FABRICADAS", "X": -79.504649, "Y": -1.324215, "CANTON": "MOCACHE", "NOMBRE": "ULLOA ULLOA VICTOR HUGO" }, "geometry": { "type": "Point", "coordinates": [ -79.504648827840711, -1.324215112936883 ] } },
{ "type": "Feature", "properties": { "CI": "1709902389", "GENERO": "MUJER", "PROVINCIA": "COTOPAXI", "PARROQUIA": "EL TRIUNFO -", "SECTOR": "URBANO", "PLANIFICAC": "633 PRE FABRICADAS", "X": -79.292504, "Y": -0.983907, "CANTON": "LA MANA", "NOMBRE": "URETA DAVILA ROSA NORALMA" }, "geometry": { "type": "Point", "coordinates": [ -79.292504239862822, -0.983906819694917 ] } },
{ "type": "Feature", "properties": { "CI": "104911052", "GENERO": "MUJER", "PROVINCIA": "AZUAY", "PARROQUIA": "CUCHIL", "SECTOR": "RURAL", "PLANIFICAC": "633 PRE FABRICADAS", "X": -78.807035, "Y": -3.086766, "CANTON": "SIGSIG", "NOMBRE": "UYAGUARI PIZARRO BLANCA CARMITA" }, "geometry": { "type": "Point", "coordinates": [ -78.807034909215133, -3.08676636828448 ] } },
{ "type": "Feature", "properties": { "CI": "1900605112", "GENERO": "MUJER", "PROVINCIA": "ZAMORA CHINCHIPE", "PARROQUIA": "GUAYZIMI", "SECTOR": "URBANO", "PLANIFICAC": "633 PRE FABRICADAS", "X": -78.678722, "Y": -4.04585, "CANTON": "NANGARITZA", "NOMBRE": "UYUNKAR SANCHIM SILVIA ANGELICA" }, "geometry": { "type": "Point", "coordinates": [ -78.678721937702036, -4.045850432790764 ] } },
{ "type": "Feature", "properties": { "CI": "1310943657", "GENERO": "HOMBRE", "PROVINCIA": "MANABI", "PARROQUIA": "CHONE", "SECTOR": "RURAL", "PLANIFICAC": "633 PRE FABRICADAS", "X": -80.141133, "Y": -0.787398, "CANTON": "CHONE", "NOMBRE": "VALDEZ RODRIGUEZ WILSON ANTONIO" }, "geometry": { "type": "Point", "coordinates": [ -80.141133280245668, -0.787397675401068 ] } },
{ "type": "Feature", "properties": { "CI": "1803918828", "GENERO": "MUJER", "PROVINCIA": "BOLIVAR", "PARROQUIA": "SAN JOSE DE CHIMBO", "SECTOR": "URBANO", "PLANIFICAC": "633 PRE FABRICADAS", "X": -79.012689, "Y": -1.657146, "CANTON": "CHIMBO", "NOMBRE": "VALENCIA MOYANO AYDE MARISOL" }, "geometry": { "type": "Point", "coordinates": [ -79.012689444885638, -1.657145887696754 ] } },
{ "type": "Feature", "properties": { "CI": "103973889", "GENERO": "MUJER", "PROVINCIA": "MORONA SANTIAGO", "PARROQUIA": "SUCUA", "SECTOR": "URBANO", "PLANIFICAC": "633 PRE FABRICADAS", "X": -78.145291, "Y": -2.449895, "CANTON": "SUCUA", "NOMBRE": "VALVERDE VILLAVICENCIO MARIA ESPERANZA" }, "geometry": { "type": "Point", "coordinates": [ -78.145291248933162, -2.449895197290342 ] } },
{ "type": "Feature", "properties": { "CI": "250047347", "GENERO": "MUJER", "PROVINCIA": "BOLIVAR", "PARROQUIA": "SAN MIGUEL", "SECTOR": "URBANO", "PLANIFICAC": "633 PRE FABRICADAS", "X": -79.080505, "Y": -1.722662, "CANTON": "SAN MIGUEL", "NOMBRE": "VARGAS BARRAGAN MONICA GISSELA" }, "geometry": { "type": "Point", "coordinates": [ -79.080504926472969, -1.722661602641306 ] } },
{ "type": "Feature", "properties": { "CI": "1003715503", "GENERO": "MUJER", "PROVINCIA": "IMBABURA", "PARROQUIA": "ALPACHACA", "SECTOR": "URBANO", "PLANIFICAC": "633 PRE FABRICADAS", "X": -78.129994, "Y": 0.361436, "CANTON": "IBARRA", "NOMBRE": "VASQUEZ SUAREZ ESTEFANÍA CRISTINA" }, "geometry": { "type": "Point", "coordinates": [ -78.129994211151825, 0.361435530898551 ] } },
{ "type": "Feature", "properties": { "CI": "1101645891", "GENERO": "HOMBRE", "PROVINCIA": "SUCUMBIOS", "PARROQUIA": "SANTA CECILIA", "SECTOR": "URBANO", "PLANIFICAC": "633 PRE FABRICADAS", "X": -76.937245, "Y": 0.091859, "CANTON": "LAGO AGRIO", "NOMBRE": "VASQUEZ VALDEZ MIGUEL BOLIVAR" }, "geometry": { "type": "Point", "coordinates": [ -76.937245430657754, 0.091858717438019 ] } },
{ "type": "Feature", "properties": { "CI": "503025280", "GENERO": "MUJER", "PROVINCIA": "COTOPAXI", "PARROQUIA": "TOACASO", "SECTOR": "RURAL", "PLANIFICAC": "633 PRE FABRICADAS", "X": -78.695684, "Y": -0.756942, "CANTON": "LATACUNGA", "NOMBRE": "VEGA CALO MARÍA DEL CARMEN" }, "geometry": { "type": "Point", "coordinates": [ -78.69568435122153, -0.756941631977576 ] } },
{ "type": "Feature", "properties": { "CI": "401873856", "GENERO": "HOMBRE", "PROVINCIA": "CARCHI", "PARROQUIA": "SANTA MARTHA DE CUBA", "SECTOR": "RURAL", "PLANIFICAC": "633 PRE FABRICADAS", "X": -77.75844, "Y": 0.658483, "CANTON": "TULCAN", "NOMBRE": "VELASCO MONTENEGRO JHON JAIRO" }, "geometry": { "type": "Point", "coordinates": [ -77.758439695769852, 0.658483058715315 ] } },
{ "type": "Feature", "properties": { "CI": "1309815536", "GENERO": "HOMBRE", "PROVINCIA": "MANABI", "PARROQUIA": "PICOAZA", "SECTOR": "RURAL", "PLANIFICAC": "633 PRE FABRICADAS", "X": -80.472686, "Y": -0.989226, "CANTON": "PORTOVIEJO", "NOMBRE": "VELASQUEZ ALVARADO ROQUE HORACIO" }, "geometry": { "type": "Point", "coordinates": [ -80.472685932081163, -0.989226311600844 ] } },
{ "type": "Feature", "properties": { "CI": "923826242", "GENERO": "MUJER", "PROVINCIA": "EL ORO", "PARROQUIA": "LA VICTORIA", "SECTOR": "RURAL", "PLANIFICAC": "633 PRE FABRICADAS", "X": -79.841797, "Y": -3.396014, "CANTON": "SANTA ROSA", "NOMBRE": "VELIZ LOOR LUZ MARIA" }, "geometry": { "type": "Point", "coordinates": [ -79.841796543072974, -3.396013672860923 ] } },
{ "type": "Feature", "properties": { "CI": "1307080216", "GENERO": "HOMBRE", "PROVINCIA": "MANABI", "PARROQUIA": "CONVENTO", "SECTOR": "RURAL", "PLANIFICAC": "633 PRE FABRICADAS", "X": -80.03302, "Y": -0.281946, "CANTON": "CHONE", "NOMBRE": "VELIZ TOALA ROQUE EDGARDO" }, "geometry": { "type": "Point", "coordinates": [ -80.033020001583139, -0.28194599571078 ] } },
{ "type": "Feature", "properties": { "CI": "202004180", "GENERO": "MUJER", "PROVINCIA": "SUCUMBIOS", "PARROQUIA": "EL ENO", "SECTOR": "RURAL", "PLANIFICAC": "633 PRE FABRICADAS", "X": -76.892748, "Y": -0.014983, "CANTON": "LAGO AGRIO", "NOMBRE": "VELOZ MORALES MARLENE NATIVIDAD" }, "geometry": { "type": "Point", "coordinates": [ -76.892747737977558, -0.014983228027392 ] } },
{ "type": "Feature", "properties": { "CI": "922118039", "GENERO": "HOMBRE", "PROVINCIA": "GUAYAS", "PARROQUIA": "ENGABAO", "SECTOR": "URBANO", "PLANIFICAC": "633 PRE FABRICADAS", "X": -80.483544, "Y": -2.56927, "CANTON": "PLAYAS", "NOMBRE": "VERA LINDAO JOSE ANTONIO" }, "geometry": { "type": "Point", "coordinates": [ -80.483544162172834, -2.569269624151404 ] } },
{ "type": "Feature", "properties": { "CI": "940081052", "GENERO": "MUJER", "PROVINCIA": "GUAYAS", "PARROQUIA": "ENGABAO", "SECTOR": "URBANO", "PLANIFICAC": "633 PRE FABRICADAS", "X": -80.483661, "Y": -2.57031, "CANTON": "PLAYAS", "NOMBRE": "VERA ORRALA MARISOL LUCILEYDY" }, "geometry": { "type": "Point", "coordinates": [ -80.483660683886782, -2.570310049209894 ] } },
{ "type": "Feature", "properties": { "CI": "201964889", "GENERO": "MUJER", "PROVINCIA": "BOLIVAR", "PARROQUIA": "Santiago", "SECTOR": "RURAL", "PLANIFICAC": "633 PRE FABRICADAS", "X": -79.018217, "Y": -1.705058, "CANTON": "SAN MIGUEL", "NOMBRE": "VERDEZOTO ALBIÑO MARIANA DE JESUS" }, "geometry": { "type": "Point", "coordinates": [ -79.018216524545309, -1.705057885437132 ] } },
{ "type": "Feature", "properties": { "CI": "302917869", "GENERO": "MUJER", "PROVINCIA": "CAÑAR", "PARROQUIA": "GUAPAN", "SECTOR": "RURAL", "PLANIFICAC": "633 PRE FABRICADAS", "X": -78.862582, "Y": -2.71072, "CANTON": "AZOGUES", "NOMBRE": "VERDUGO PINOS TANIA PRISCILA" }, "geometry": { "type": "Point", "coordinates": [ -78.862582005066642, -2.710720463420615 ] } },
{ "type": "Feature", "properties": { "CI": "501726640", "GENERO": "MUJER", "PROVINCIA": "COTOPAXI", "PARROQUIA": "MORASPUNGO", "SECTOR": "RURAL", "PLANIFICAC": "633 PRE FABRICADAS", "X": -79.229333, "Y": -1.135515, "CANTON": "PANGUA", "NOMBRE": "VILLACIS MAZABANDA ENMA MARIA" }, "geometry": { "type": "Point", "coordinates": [ -79.229333194341223, -1.135514669218425 ] } },
{ "type": "Feature", "properties": { "CI": "1204769184", "GENERO": "MUJER", "PROVINCIA": "BOLIVAR", "PARROQUIA": "LAS NAVES", "SECTOR": "URBANO", "PLANIFICAC": "633 PRE FABRICADAS", "X": -79.269098, "Y": -1.260983, "CANTON": "LAS NAVES", "NOMBRE": "VILLACRES VILLACRES NANCY PATRICIA" }, "geometry": { "type": "Point", "coordinates": [ -79.269098354416087, -1.260982655757698 ] } },
{ "type": "Feature", "properties": { "CI": "802804021", "GENERO": "MUJER", "PROVINCIA": "ESMERALDAS", "PARROQUIA": "VICHE", "SECTOR": "RURAL", "PLANIFICAC": "633 PRE FABRICADAS", "X": -79.507348, "Y": 0.642138, "CANTON": "QUININDE", "NOMBRE": "VILLARES MONTERO CARMEN IBELIA" }, "geometry": { "type": "Point", "coordinates": [ -79.507348148290063, 0.642137502153181 ] } },
{ "type": "Feature", "properties": { "CI": "803022276", "GENERO": "MUJER", "PROVINCIA": "ESMERALDAS", "PARROQUIA": "VICHE", "SECTOR": "RURAL", "PLANIFICAC": "633 PRE FABRICADAS", "X": -79.509663, "Y": 0.633096, "CANTON": "QUININDE", "NOMBRE": "VILLARES MONTERO TERESA MARLENE" }, "geometry": { "type": "Point", "coordinates": [ -79.509662664070746, 0.633096040118683 ] } },
{ "type": "Feature", "properties": { "CI": "1207117431", "GENERO": "MUJER", "PROVINCIA": "LOS RIOS", "PARROQUIA": "ISLA DE BEJUCAL", "SECTOR": "RURAL", "PLANIFICAC": "633 PRE FABRICADAS", "X": -79.639901, "Y": -1.71411, "CANTON": "BABA", "NOMBRE": "VILLASAGUA PALMA DORIS KARINA" }, "geometry": { "type": "Point", "coordinates": [ -79.639900779148661, -1.714110486370585 ] } },
{ "type": "Feature", "properties": { "CI": "705868768", "GENERO": "MUJER", "PROVINCIA": "EL ORO", "PARROQUIA": "ARENILLAS", "SECTOR": "URBANO", "PLANIFICAC": "633 PRE FABRICADAS", "X": -80.082907, "Y": -3.543775, "CANTON": "ARENILLAS", "NOMBRE": "VINCES HURTADO JESSICA NOEMI" }, "geometry": { "type": "Point", "coordinates": [ -80.082907046935176, -3.543774840512554 ] } },
{ "type": "Feature", "properties": { "CI": "1400167175", "GENERO": "HOMBRE", "PROVINCIA": "MORONA SANTIAGO", "PARROQUIA": "CHIGUAZA", "SECTOR": "RURAL", "PLANIFICAC": "633 PRE FABRICADAS", "X": -77.957282, "Y": -2.035352, "CANTON": "HUAMBOYA", "NOMBRE": "WAMPUTSRIK ANTUN SHARIMIAT PEDRO" }, "geometry": { "type": "Point", "coordinates": [ -77.957281800282175, -2.035352216975369 ] } },
{ "type": "Feature", "properties": { "CI": "1400894240", "GENERO": "MUJER", "PROVINCIA": "MORONA SANTIAGO", "PARROQUIA": "CHIGUAZA", "SECTOR": "RURAL", "PLANIFICAC": "633 PRE FABRICADAS", "X": -77.956581, "Y": -2.035387, "CANTON": "HUAMBOYA", "NOMBRE": "WAMPUTSRIK JUA CHELA MARLENE" }, "geometry": { "type": "Point", "coordinates": [ -77.956581322289509, -2.035387023861621 ] } },
{ "type": "Feature", "properties": { "CI": "1400896930", "GENERO": "HOMBRE", "PROVINCIA": "MORONA SANTIAGO", "PARROQUIA": "CHIGUAZA", "SECTOR": "RURAL", "PLANIFICAC": "633 PRE FABRICADAS", "X": -77.956591, "Y": -2.035161, "CANTON": "HUAMBOYA", "NOMBRE": "WAMPUTSRIK JUA JUAN MARCONI" }, "geometry": { "type": "Point", "coordinates": [ -77.956590725802343, -2.035161182095267 ] } },
{ "type": "Feature", "properties": { "CI": "2100084470", "GENERO": "HOMBRE", "PROVINCIA": "SUCUMBIOS", "PARROQUIA": "SIETE DE JULIO", "SECTOR": "RURAL", "PLANIFICAC": "633 PRE FABRICADAS", "X": -76.779331, "Y": -0.185181, "CANTON": "SHUSHUFINDI", "NOMBRE": "YANEZ VERDEZOTO SAUL VICENTE" }, "geometry": { "type": "Point", "coordinates": [ -76.779330919581369, -0.1851809822371 ] } },
{ "type": "Feature", "properties": { "CI": "1500370737", "GENERO": "MUJER", "PROVINCIA": "NAPO", "PARROQUIA": "SAN PABLO DE USHPAYACU", "SECTOR": "RURAL", "PLANIFICAC": "633 PRE FABRICADAS", "X": -77.765496, "Y": -0.936882, "CANTON": "ARCHIDONA", "NOMBRE": "YUMBO CHIMBO MAGOLA EDELINA" }, "geometry": { "type": "Point", "coordinates": [ -77.765496231702073, -0.936882112775251 ] } },
{ "type": "Feature", "properties": { "CI": "1500918329", "GENERO": "MUJER", "PROVINCIA": "ORELLANA", "PARROQUIA": "LORETO", "SECTOR": "URBANO", "PLANIFICAC": "633 PRE FABRICADAS", "X": -77.305724, "Y": -0.689926, "CANTON": "LORETO", "NOMBRE": "YUMBO SHIGUANGO JENNY FERNANDA" }, "geometry": { "type": "Point", "coordinates": [ -77.305723937463725, -0.689925546144905 ] } },
{ "type": "Feature", "properties": { "CI": "503655276", "GENERO": "MUJER", "PROVINCIA": "COTOPAXI", "PARROQUIA": "SAN MIGUEL", "SECTOR": "RURAL", "PLANIFICAC": "633 PRE FABRICADAS", "X": -78.58643, "Y": -1.02682, "CANTON": "SALCEDO", "NOMBRE": "ZAGAL CHISAGUANO RAQUEL ELIZABETH" }, "geometry": { "type": "Point", "coordinates": [ -78.58643008496459, -1.026819868962692 ] } },
{ "type": "Feature", "properties": { "CI": "1306494251", "GENERO": "MUJER", "PROVINCIA": "MANABI", "PARROQUIA": "FLAVIO ALFARO", "SECTOR": "URBANO", "PLANIFICAC": "633 PRE FABRICADAS", "X": -79.929985, "Y": -0.395126, "CANTON": "FLAVIO ALFARO", "NOMBRE": "ZAMBRANO CARMEN ROSA" }, "geometry": { "type": "Point", "coordinates": [ -79.929984997065276, -0.395125836715259 ] } },
{ "type": "Feature", "properties": { "CI": "1500792765", "GENERO": "MUJER", "PROVINCIA": "NAPO", "PARROQUIA": "TENA", "SECTOR": "RURAL", "PLANIFICAC": "633 PRE FABRICADAS", "X": -77.818082, "Y": -0.944338, "CANTON": "TENA", "NOMBRE": "ZAMBRANO CEDEÑO DENICE SHIRLEY" }, "geometry": { "type": "Point", "coordinates": [ -77.818081939013027, -0.944337626586813 ] } },
{ "type": "Feature", "properties": { "CI": "928609924", "GENERO": "HOMBRE", "PROVINCIA": "LOS RIOS", "PARROQUIA": "MOCACHE", "SECTOR": "RURAL", "PLANIFICAC": "633 PRE FABRICADAS", "X": -79.639339, "Y": -1.177642, "CANTON": "MOCACHE", "NOMBRE": "ZAMORA MERA DARWIN NARCISO" }, "geometry": { "type": "Point", "coordinates": [ -79.639339452995046, -1.177642372726749 ] } },
{ "type": "Feature", "properties": { "CI": "1206069609", "GENERO": "MUJER", "PROVINCIA": "LOS RIOS", "PARROQUIA": "MOCACHE", "SECTOR": "RURAL", "PLANIFICAC": "633 PRE FABRICADAS", "X": -79.622349, "Y": -1.174016, "CANTON": "MOCACHE", "NOMBRE": "ZAMORA MONTOYA MERCEDES ESTEFANIA" }, "geometry": { "type": "Point", "coordinates": [ -79.62234860666581, -1.174016114141907 ] } },
{ "type": "Feature", "properties": { "CI": "1208914638", "GENERO": "MUJER", "PROVINCIA": "LOS RIOS", "PARROQUIA": "MOCACHE", "SECTOR": "RURAL", "PLANIFICAC": "633 PRE FABRICADAS", "X": -79.627673, "Y": -1.182792, "CANTON": "MOCACHE", "NOMBRE": "ZAMORA ROMAN NORA JAZMIN" }, "geometry": { "type": "Point", "coordinates": [ -79.627673019898296, -1.182792074786041 ] } },
{ "type": "Feature", "properties": { "CI": "1804272241", "GENERO": "MUJER", "PROVINCIA": "TUNGURAHUA", "PARROQUIA": "BOLIVAR", "SECTOR": "RURAL", "PLANIFICAC": "633 PRE FABRICADAS", "X": -78.541935, "Y": -1.37726, "CANTON": "PELILEO", "NOMBRE": "ZUÑIGA OÑATE DANIELA ELIZABETH" }, "geometry": { "type": "Point", "coordinates": [ -78.541934902500756, -1.37726004132712 ] } },
{ "type": "Feature", "properties": { "CI": "401943766", "GENERO": "MUJER", "PROVINCIA": "CARCHI", "PARROQUIA": "SAN JOSE", "SECTOR": "RURAL", "PLANIFICAC": "633 PRE FABRICADAS", "X": -77.817352, "Y": 0.541996, "CANTON": "MONTUFAR", "NOMBRE": "ZUÑIGA RUALES JESSICA VIVIANA" }, "geometry": { "type": "Point", "coordinates": [ -77.817351872004252, 0.541995800911408 ] } },
{ "type": "Feature", "properties": { "CI": "1314814607", "GENERO": "HOMBRE", "PROVINCIA": "MANABI", "PARROQUIA": "CALCETA", "SECTOR": "RURAL", "PLANIFICAC": "633 PRE FABRICADAS", "X": -80.172648, "Y": -0.838887, "CANTON": "BOLIVAR", "NOMBRE": "CARRANZA LOOR LEONARDO AGUSTIN" }, "geometry": { "type": "Point", "coordinates": [ -80.17264782984374, -0.83888684720176 ] } },
{ "type": "Feature", "properties": { "CI": "1310945041", "GENERO": "MUJER", "PROVINCIA": "MANABI", "PARROQUIA": "CALCETA", "SECTOR": "RURAL", "PLANIFICAC": "633 PRE FABRICADAS", "X": -80.171704, "Y": -0.839357, "CANTON": "BOLIVAR", "NOMBRE": "GANCHOZO BALAREZO SANTA INES" }, "geometry": { "type": "Point", "coordinates": [ -80.17170412109904, -0.83935705606634 ] } },
{ "type": "Feature", "properties": { "CI": "1305342337", "GENERO": "HOMBRE", "PROVINCIA": "MANABI", "PARROQUIA": "CALCETA", "SECTOR": "RURAL", "PLANIFICAC": "633 PRE FABRICADAS", "X": -80.185464, "Y": -0.831906, "CANTON": "BOLIVAR", "NOMBRE": "GANCHOZO ZAMBRANO WILMER ROBINSON" }, "geometry": { "type": "Point", "coordinates": [ -80.185464410006176, -0.831905752811094 ] } },
{ "type": "Feature", "properties": { "CI": "1300369574", "GENERO": "MUJER", "PROVINCIA": "MANABI", "PARROQUIA": "CALCETA", "SECTOR": "RURAL", "PLANIFICAC": "633 PRE FABRICADAS", "X": -80.171452, "Y": -0.842903, "CANTON": "BOLIVAR", "NOMBRE": "MANTUANO CUSME MARIANA INES" }, "geometry": { "type": "Point", "coordinates": [ -80.171451743932622, -0.84290316839382 ] } },
{ "type": "Feature", "properties": { "CI": "1312940206", "GENERO": "MUJER", "PROVINCIA": "MANABI", "PARROQUIA": "CALCETA", "SECTOR": "RURAL", "PLANIFICAC": "633 PRE FABRICADAS", "X": -80.172378, "Y": -0.841384, "CANTON": "BOLIVAR", "NOMBRE": "NAVARRETE RODRIGUEZ MARJORIE LILIANA" }, "geometry": { "type": "Point", "coordinates": [ -80.172377701652337, -0.841383580746236 ] } },
{ "type": "Feature", "properties": { "CI": "1311304602", "GENERO": "HOMBRE", "PROVINCIA": "MANABI", "PARROQUIA": "CALCETA", "SECTOR": "RURAL", "PLANIFICAC": "633 PRE FABRICADAS", "X": -80.175488, "Y": -0.837603, "CANTON": "BOLIVAR", "NOMBRE": "PARRAGA CUSME CESAR ENRIQUE" }, "geometry": { "type": "Point", "coordinates": [ -80.175487916046478, -0.837602868697032 ] } },
{ "type": "Feature", "properties": { "CI": "1303980062", "GENERO": "HOMBRE", "PROVINCIA": "MANABI", "PARROQUIA": "CALCETA", "SECTOR": "RURAL", "PLANIFICAC": "633 PRE FABRICADAS", "X": -80.15609, "Y": -0.860196, "CANTON": "BOLIVAR", "NOMBRE": "QUIJIJE ANTON  SILVIO NICOLAS" }, "geometry": { "type": "Point", "coordinates": [ -80.156089626819494, -0.860196385219061 ] } },
{ "type": "Feature", "properties": { "CI": "800681454", "GENERO": "MUJER", "PROVINCIA": "ESMERALDAS", "PARROQUIA": "TONSUPA", "SECTOR": "RURAL", "PLANIFICAC": "633 PRE FABRICADAS", "X": -79.823147, "Y": 0.771888, "CANTON": "ATACAMES", "NOMBRE": "BONE GARCES ILIES ELEISY" }, "geometry": { "type": "Point", "coordinates": [ -79.823146666629441, 0.771888293450301 ] } },
{ "type": "Feature", "properties": { "CI": "803498047", "GENERO": "MUJER", "PROVINCIA": "ESMERALDAS", "PARROQUIA": "TONSUPA", "SECTOR": "RURAL", "PLANIFICAC": "633 PRE FABRICADAS", "X": -79.84699, "Y": 0.862592, "CANTON": "ATACAMES", "NOMBRE": "BONE MERA DAYRI DAYANARA" }, "geometry": { "type": "Point", "coordinates": [ -79.846989996415672, 0.862591623040885 ] } },
{ "type": "Feature", "properties": { "CI": "1100376159", "GENERO": "HOMBRE", "PROVINCIA": "ESMERALDAS", "PARROQUIA": "CUBE", "SECTOR": "RURAL", "PLANIFICAC": "633 PRE FABRICADAS", "X": -79.577864, "Y": 0.478934, "CANTON": "QUININDE", "NOMBRE": "CALVA ERAS GONZALO HERNAN" }, "geometry": { "type": "Point", "coordinates": [ -79.577863976182698, 0.47893373342632 ] } },
{ "type": "Feature", "properties": { "CI": "702839820", "GENERO": "MUJER", "PROVINCIA": "EL ORO", "PARROQUIA": "PIÑAS", "SECTOR": "RURAL", "PLANIFICAC": "633 PRE FABRICADAS", "X": -79.722492, "Y": -3.700579, "CANTON": "PI�AS", "NOMBRE": "ROBLES JARAMILLO MIRTHA CLEMENCIA" }, "geometry": { "type": "Point", "coordinates": [ -79.722491751357765, -3.700579273674243 ] } },
{ "type": "Feature", "properties": { "CI": "701309049", "GENERO": "HOMBRE", "PROVINCIA": "EL ORO", "PARROQUIA": "CAPIRO", "SECTOR": "RURAL", "PLANIFICAC": "633 PRE FABRICADAS", "X": -79.792844, "Y": -3.818036, "CANTON": "PI�AS", "NOMBRE": "VALAREZO GALARZA SEGUNDO EFRAIN" }, "geometry": { "type": "Point", "coordinates": [ -79.792843948265926, -3.818036025139155 ] } },
{ "type": "Feature", "properties": { "CI": "802160572", "GENERO": "HOMBRE", "PROVINCIA": "ESMERALDAS", "PARROQUIA": "CUBE", "SECTOR": "RURAL", "PLANIFICAC": "633 PRE FABRICADAS", "X": -79.578475, "Y": 0.480227, "CANTON": "QUININDE", "NOMBRE": "CALVA IÑAHUAZO WILTON GONZALO" }, "geometry": { "type": "Point", "coordinates": [ -79.578474639940325, 0.480227225124626 ] } },
{ "type": "Feature", "properties": { "CI": "100654035", "GENERO": "HOMBRE", "PROVINCIA": "ESMERALDAS", "PARROQUIA": "CUBE", "SECTOR": "RURAL", "PLANIFICAC": "633 PRE FABRICADAS", "X": -79.580409, "Y": 0.467077, "CANTON": "QUININDE", "NOMBRE": "CASTILLO ZOILO REMBERTO" }, "geometry": { "type": "Point", "coordinates": [ -79.580408936377665, 0.467076908935425 ] } },
{ "type": "Feature", "properties": { "CI": "801725904", "GENERO": "MUJER", "PROVINCIA": "ESMERALDAS", "PARROQUIA": "CUBE", "SECTOR": "RURAL", "PLANIFICAC": "633 PRE FABRICADAS", "X": -79.573007, "Y": 0.461613, "CANTON": "QUININDE", "NOMBRE": "CHAMBA MORENO NARCISA JESUS" }, "geometry": { "type": "Point", "coordinates": [ -79.57300700764749, 0.461612531721981 ] } },
{ "type": "Feature", "properties": { "CI": "803779354", "GENERO": "HOMBRE", "PROVINCIA": "ESMERALDAS", "PARROQUIA": "CUBE", "SECTOR": "RURAL", "PLANIFICAC": "633 PRE FABRICADAS", "X": -79.573007, "Y": 0.461613, "CANTON": "QUININDE", "NOMBRE": "CUMBICOS CHAMBA JOSE SILVIO" }, "geometry": { "type": "Point", "coordinates": [ -79.57300700764749, 0.461612531721981 ] } },
{ "type": "Feature", "properties": { "CI": "802314179", "GENERO": "MUJER", "PROVINCIA": "ESMERALDAS", "PARROQUIA": "CUBE", "SECTOR": "RURAL", "PLANIFICAC": "633 PRE FABRICADAS", "X": -79.57147, "Y": 0.464597, "CANTON": "QUININDE", "NOMBRE": "IÑAHUAZO IÑAHUAZO FATIMA ROCIO" }, "geometry": { "type": "Point", "coordinates": [ -79.571470107018072, 0.464596898535269 ] } },
{ "type": "Feature", "properties": { "CI": "802323873", "GENERO": "HOMBRE", "PROVINCIA": "ESMERALDAS", "PARROQUIA": "CUBE", "SECTOR": "RURAL", "PLANIFICAC": "633 PRE FABRICADAS", "X": -79.566037, "Y": 0.495039, "CANTON": "QUININDE", "NOMBRE": "IÑAHUAZO IÑAHUAZO NELSON COLON" }, "geometry": { "type": "Point", "coordinates": [ -79.566037299720904, 0.495039427008332 ] } },
{ "type": "Feature", "properties": { "CI": "1312412040", "GENERO": "MUJER", "PROVINCIA": "MANABI", "PARROQUIA": "CALCETA", "SECTOR": "RURAL", "PLANIFICAC": "633 PRE FABRICADAS", "X": -80.156129, "Y": -0.843298, "CANTON": "BOLIVAR", "NOMBRE": "ZAMBRANO NAVIA GENNY MOSERRATE" }, "geometry": { "type": "Point", "coordinates": [ -80.156129249591046, -0.843297894103491 ] } },
{ "type": "Feature", "properties": { "CI": "2100574926", "GENERO": "MUJER", "PROVINCIA": "SUCUMBIOS", "PARROQUIA": "SANTA CECILIA", "SECTOR": "RURAL", "PLANIFICAC": "633 PRE FABRICADAS", "X": -77.007098, "Y": 0.090252, "CANTON": "LAGO AGRIO", "NOMBRE": "ACURIO ACURIO VILMA JEANNETH" }, "geometry": { "type": "Point", "coordinates": [ -77.007098367468089, 0.090252047880553 ] } },
{ "type": "Feature", "properties": { "CI": "1002820213", "GENERO": "MUJER", "PROVINCIA": "IMBABURA", "PARROQUIA": "URCUQUI", "SECTOR": "URBANO", "PLANIFICAC": "633 PRE FABRICADAS", "X": -78.223625, "Y": 0.433857, "CANTON": "SAN MIGUEL DE URCUQUI", "NOMBRE": "ALCUACER GOMEZ BLANCA IRENE" }, "geometry": { "type": "Point", "coordinates": [ -78.223624998449068, 0.433857209510971 ] } },
{ "type": "Feature", "properties": { "CI": "1500524382", "GENERO": "MUJER", "PROVINCIA": "NAPO", "PARROQUIA": "SUMACO", "SECTOR": "RURAL", "PLANIFICAC": "633 PRE FABRICADAS", "X": -77.819396, "Y": -0.400899, "CANTON": "QUIJOS", "NOMBRE": "ALVARADO TANGUILA SANDRA ELIZABETH" }, "geometry": { "type": "Point", "coordinates": [ -77.819396048566361, -0.400898781664597 ] } },
{ "type": "Feature", "properties": { "CI": "1500546708", "GENERO": "MUJER", "PROVINCIA": "NAPO", "PARROQUIA": "TENA", "SECTOR": "RURAL", "PLANIFICAC": "633 PRE FABRICADAS", "X": -77.81618, "Y": -0.949305, "CANTON": "TENA", "NOMBRE": "ALVAREZ TILLAGUANGO OBDULIA MARGA" }, "geometry": { "type": "Point", "coordinates": [ -77.816180180268489, -0.949305471737935 ] } },
{ "type": "Feature", "properties": { "CI": "2100431150", "GENERO": "MUJER", "PROVINCIA": "NAPO", "PARROQUIA": "TENA", "SECTOR": "RURAL", "PLANIFICAC": "633 PRE FABRICADAS", "X": -77.814986, "Y": -0.947072, "CANTON": "TENA", "NOMBRE": "ARIAS GRANIZO BEATRIZ MERCEDES" }, "geometry": { "type": "Point", "coordinates": [ -77.814985862558842, -0.947071955037872 ] } },
{ "type": "Feature", "properties": { "CI": "1050163458", "GENERO": "MUJER", "PROVINCIA": "IMBABURA", "PARROQUIA": "ALPACHACA", "SECTOR": "URBANO", "PLANIFICAC": "633 PRE FABRICADAS", "X": -78.131151, "Y": 0.364526, "CANTON": "IBARRA", "NOMBRE": "BARAHONA BENALCAZAR PAULA ESTEFANIA" }, "geometry": { "type": "Point", "coordinates": [ -78.131151086614267, 0.364526175463291 ] } },
{ "type": "Feature", "properties": { "CI": "302547815", "GENERO": "MUJER", "PROVINCIA": "CAÑAR", "PARROQUIA": "DUCUR", "SECTOR": "URBANO", "PLANIFICAC": "633 PRE FABRICADAS", "X": -79.115834, "Y": -2.45896, "CANTON": "CA�AR", "NOMBRE": "BERMEO NARVAEZ INES ALEXANDRA" }, "geometry": { "type": "Point", "coordinates": [ -79.115834158756641, -2.458960246638344 ] } },
{ "type": "Feature", "properties": { "CI": "701927022", "GENERO": "MUJER", "PROVINCIA": "EL ORO", "PARROQUIA": "SANTA ROSA", "SECTOR": "URBANO", "PLANIFICAC": "633 PRE FABRICADAS", "X": -79.965964, "Y": -3.461844, "CANTON": "SANTA ROSA", "NOMBRE": "BERNAL ARCE MIRIAN JANNETH" }, "geometry": { "type": "Point", "coordinates": [ -79.965963900405768, -3.461843640780304 ] } },
{ "type": "Feature", "properties": { "CI": "1550012809", "GENERO": "MUJER", "PROVINCIA": "NAPO", "PARROQUIA": "SUMACO", "SECTOR": "RURAL", "PLANIFICAC": "633 PRE FABRICADAS", "X": -77.819838, "Y": -0.401404, "CANTON": "QUIJOS", "NOMBRE": "CAJAS PEREZ JOHANNA BERSABET" }, "geometry": { "type": "Point", "coordinates": [ -77.8198379546849, -0.4014039152092 ] } },
{ "type": "Feature", "properties": { "CI": "1003959747", "GENERO": "MUJER", "PROVINCIA": "IMBABURA", "PARROQUIA": "CARANQUI", "SECTOR": "RURAL", "PLANIFICAC": "633 PRE FABRICADAS", "X": -78.298703, "Y": 0.32805, "CANTON": "IBARRA", "NOMBRE": "CAMPUES PUPIALES LIGIA ELENA" }, "geometry": { "type": "Point", "coordinates": [ -78.298702922016844, 0.328050063548903 ] } },
{ "type": "Feature", "properties": { "CI": "705211357", "GENERO": "MUJER", "PROVINCIA": "EL ORO", "PARROQUIA": "SAN ISIDRO", "SECTOR": "RURAL", "PLANIFICAC": "633 PRE FABRICADAS", "X": -79.999948, "Y": -3.732135, "CANTON": "LAS LAJAS", "NOMBRE": "CASTRO HERRERA YURI MABEL" }, "geometry": { "type": "Point", "coordinates": [ -79.999947605196709, -3.732135028198154 ] } },
{ "type": "Feature", "properties": { "CI": "1101761102", "GENERO": "HOMBRE", "PROVINCIA": "SUCUMBIOS", "PARROQUIA": "GENERAL FARFAN", "SECTOR": "RURAL", "PLANIFICAC": "633 PRE FABRICADAS", "X": -76.741497, "Y": 0.180443, "CANTON": "LAGO AGRIO", "NOMBRE": "CHAMBA HERRERA VICTOR HUGO" }, "geometry": { "type": "Point", "coordinates": [ -76.74149736274201, 0.180443339010665 ] } },
{ "type": "Feature", "properties": { "CI": "1500082365", "GENERO": "MUJER", "PROVINCIA": "NAPO", "PARROQUIA": "SAN PABLO DE USHPAYACU", "SECTOR": "RURAL", "PLANIFICAC": "633 PRE FABRICADAS", "X": -77.764664, "Y": -0.936883, "CANTON": "ARCHIDONA", "NOMBRE": "CHIMBO GREFA JACINTA ANA" }, "geometry": { "type": "Point", "coordinates": [ -77.764663756189464, -0.936883307486871 ] } },
{ "type": "Feature", "properties": { "CI": "1501185498", "GENERO": "MUJER", "PROVINCIA": "NAPO", "PARROQUIA": "SUMACO", "SECTOR": "RURAL", "PLANIFICAC": "633 PRE FABRICADAS", "X": -77.819992, "Y": -0.401579, "CANTON": "QUIJOS", "NOMBRE": "CHIMBO SHIGUANGO MONICA FLORA" }, "geometry": { "type": "Point", "coordinates": [ -77.819991594920339, -0.401579401817999 ] } },
{ "type": "Feature", "properties": { "CI": "1500922800", "GENERO": "MUJER", "PROVINCIA": "NAPO", "PARROQUIA": "SUMACO", "SECTOR": "RURAL", "PLANIFICAC": "633 PRE FABRICADAS", "X": -77.819686, "Y": -0.401845, "CANTON": "QUIJOS", "NOMBRE": "CUMBAL JANETA LIDIA CECILIA" }, "geometry": { "type": "Point", "coordinates": [ -77.819685780919954, -0.401844770105239 ] } },
{ "type": "Feature", "properties": { "CI": "1550106577", "GENERO": "MUJER", "PROVINCIA": "NAPO", "PARROQUIA": "SUMACO", "SECTOR": "RURAL", "PLANIFICAC": "633 PRE FABRICADAS", "X": -77.820239, "Y": -0.401862, "CANTON": "QUIJOS", "NOMBRE": "CUMBAL JANETA TANIA ISABEL" }, "geometry": { "type": "Point", "coordinates": [ -77.820238872201799, -0.40186205998911 ] } },
{ "type": "Feature", "properties": { "CI": "1104607880", "GENERO": "MUJER", "PROVINCIA": "EL ORO", "PARROQUIA": "LA VICTORIA", "SECTOR": "URBANO", "PLANIFICAC": "633 PRE FABRICADAS", "X": -80.059069, "Y": -3.792635, "CANTON": "LAS LAJAS", "NOMBRE": "ELIZALDE CARDENAS CARMEN YADIRA" }, "geometry": { "type": "Point", "coordinates": [ -80.059068812103121, -3.792634871988306 ] } },
{ "type": "Feature", "properties": { "CI": "703743922", "GENERO": "MUJER", "PROVINCIA": "EL ORO", "PARROQUIA": "LA VICTORIA", "SECTOR": "URBANO", "PLANIFICAC": "633 PRE FABRICADAS", "X": -80.060278, "Y": -3.790619, "CANTON": "LAS LAJAS", "NOMBRE": "GRANDA GUAICHA GINA MAGALI" }, "geometry": { "type": "Point", "coordinates": [ -80.060277676247381, -3.790618998747881 ] } },
{ "type": "Feature", "properties": { "CI": "1501037384", "GENERO": "MUJER", "PROVINCIA": "NAPO", "PARROQUIA": "TENA", "SECTOR": "RURAL", "PLANIFICAC": "633 PRE FABRICADAS", "X": -77.780866, "Y": -0.982893, "CANTON": "TENA", "NOMBRE": "GREFA LICUY BETSY GERMANIA" }, "geometry": { "type": "Point", "coordinates": [ -77.780866384316454, -0.982892999927426 ] } },
{ "type": "Feature", "properties": { "CI": "150250462", "GENERO": "MUJER", "PROVINCIA": "CAÑAR", "PARROQUIA": "EL TAMBO", "SECTOR": "RURAL", "PLANIFICAC": "633 PRE FABRICADAS", "X": -78.935079, "Y": -2.49817, "CANTON": "EL TAMBO", "NOMBRE": "GUAMAN GUASCO PAULA DOLORES" }, "geometry": { "type": "Point", "coordinates": [ -78.93507853704719, -2.498169968468785 ] } },
{ "type": "Feature", "properties": { "CI": "1003186077", "GENERO": "MUJER", "PROVINCIA": "IMBABURA", "PARROQUIA": "ATUNTAQUI", "SECTOR": "URBANO", "PLANIFICAC": "633 PRE FABRICADAS", "X": -78.213151, "Y": 0.346967, "CANTON": "ANTONIO ANTE", "NOMBRE": "IMBAQUINGO TERAN ROSA ISABEL" }, "geometry": { "type": "Point", "coordinates": [ -78.213151304414708, 0.346967014815024 ] } },
{ "type": "Feature", "properties": { "CI": "704084979", "GENERO": "MUJER", "PROVINCIA": "EL ORO", "PARROQUIA": "LA VICTORIA", "SECTOR": "URBANO", "PLANIFICAC": "633 PRE FABRICADAS", "X": -80.060836, "Y": -3.791009, "CANTON": "LAS LAJAS", "NOMBRE": "JIMENEZ VALLADARES YINA MARIBEL" }, "geometry": { "type": "Point", "coordinates": [ -80.06083557280445, -3.791008571535924 ] } },
{ "type": "Feature", "properties": { "CI": "1104432172", "GENERO": "HOMBRE", "PROVINCIA": "LOJA", "PARROQUIA": "EL AIRO", "SECTOR": "RURAL", "PLANIFICAC": "633 PRE FABRICADAS", "X": -79.403652, "Y": -4.464378, "CANTON": "ESPINDOLA", "NOMBRE": "JOSE OVIDIO CALVA JIMENEZ" }, "geometry": { "type": "Point", "coordinates": [ -79.403651944418911, -4.464377794534734 ] } },
{ "type": "Feature", "properties": { "CI": "1003484274", "GENERO": "MUJER", "PROVINCIA": "IMBABURA", "PARROQUIA": "EL SAGRARIO COMUNIDAD EL CERCADO", "SECTOR": "RURAL", "PLANIFICAC": "633 PRE FABRICADAS", "X": -78.278343, "Y": 0.331795, "CANTON": "COTACACHI", "NOMBRE": "LANCHIMBA ARAQUE LUZ MARIA" }, "geometry": { "type": "Point", "coordinates": [ -78.278342600590506, 0.331794875947912 ] } },
{ "type": "Feature", "properties": { "CI": "1050407772", "GENERO": "MUJER", "PROVINCIA": "IMBABURA", "PARROQUIA": "ALPACHACA", "SECTOR": "URBANO", "PLANIFICAC": "633 PRE FABRICADAS", "X": -78.164169, "Y": 0.516281, "CANTON": "IBARRA", "NOMBRE": "LARA BORJA ANAIS MARIBEL" }, "geometry": { "type": "Point", "coordinates": [ -78.164169220057374, 0.516280871644349 ] } },
{ "type": "Feature", "properties": { "CI": "1500941909", "GENERO": "MUJER", "PROVINCIA": "NAPO", "PARROQUIA": "TENA", "SECTOR": "URBANO", "PLANIFICAC": "633 PRE FABRICADAS", "X": -77.82545, "Y": -0.954567, "CANTON": "TENA", "NOMBRE": "LLUMITAXI TIBAMLOMBO VERONICA BEATRIZ" }, "geometry": { "type": "Point", "coordinates": [ -77.825450093911613, -0.954567141759006 ] } },
{ "type": "Feature", "properties": { "CI": "702978487", "GENERO": "HOMBRE", "PROVINCIA": "EL ORO", "PARROQUIA": "NUEVO SANTA ROSA", "SECTOR": "RURAL", "PLANIFICAC": "633 PRE FABRICADAS", "X": -79.924381, "Y": -3.194446, "CANTON": "SANTA ROSA", "NOMBRE": "LOAYZA JARAMILLO JOSE ORLANDO" }, "geometry": { "type": "Point", "coordinates": [ -79.924381135243664, -3.194446281800573 ] } },
{ "type": "Feature", "properties": { "CI": "1003545223", "GENERO": "MUJER", "PROVINCIA": "IMBABURA", "PARROQUIA": "EL SAGRARIO COMUNIDAD EL CERCADO", "SECTOR": "RURAL", "PLANIFICAC": "633 PRE FABRICADAS", "X": -78.275866, "Y": 0.329957, "CANTON": "COTACACHI", "NOMBRE": "MALDONADO LIQUINCHANA LAURA MARINA" }, "geometry": { "type": "Point", "coordinates": [ -78.275865986556411, 0.329956963418308 ] } },
{ "type": "Feature", "properties": { "CI": "1003472303", "GENERO": "MUJER", "PROVINCIA": "IMBABURA", "PARROQUIA": "ALPACHACA", "SECTOR": "URBANO", "PLANIFICAC": "633 PRE FABRICADAS", "X": -78.129988, "Y": 0.381405, "CANTON": "IBARRA", "NOMBRE": "MOLINA MAFLA DOMINGA ELONA" }, "geometry": { "type": "Point", "coordinates": [ -78.129987764615734, 0.38140483749986 ] } },
{ "type": "Feature", "properties": { "CI": "1003534706", "GENERO": "HOMBRE", "PROVINCIA": "IMBABURA", "PARROQUIA": "PABLO ARENAS", "SECTOR": "URBANO", "PLANIFICAC": "633 PRE FABRICADAS", "X": -78.164169, "Y": 0.51629, "CANTON": "SAN MIGUEL DE URCUQUI", "NOMBRE": "MORALES MORALES CARLOS ANDRES" }, "geometry": { "type": "Point", "coordinates": [ -78.164169216050865, 0.516289907796571 ] } },
{ "type": "Feature", "properties": { "CI": "1003115886", "GENERO": "MUJER", "PROVINCIA": "IMBABURA", "PARROQUIA": "TUMBABIRO", "SECTOR": "RURAL", "PLANIFICAC": "633 PRE FABRICADAS", "X": -78.222607, "Y": 0.44264, "CANTON": "URCUQUI", "NOMBRE": "MORALES MORETA ZOILA GUADALUPE" }, "geometry": { "type": "Point", "coordinates": [ -78.222607429971688, 0.442640418579819 ] } },
{ "type": "Feature", "properties": { "CI": "1003346952", "GENERO": "MUJER", "PROVINCIA": "IMBABURA", "PARROQUIA": "URCUQUI", "SECTOR": "URBANO", "PLANIFICAC": "633 PRE FABRICADAS", "X": -78.217594, "Y": 0.429816, "CANTON": "URCUQUI", "NOMBRE": "MUENALA ROMERO FLOR ESPERANZA" }, "geometry": { "type": "Point", "coordinates": [ -78.21759435410857, 0.429815630048673 ] } },
{ "type": "Feature", "properties": { "CI": "1003802533", "GENERO": "MUJER", "PROVINCIA": "IMBABURA", "PARROQUIA": "PIMAMPIRO", "SECTOR": "URBANO", "PLANIFICAC": "633 PRE FABRICADAS", "X": -77.945129, "Y": 0.41396, "CANTON": "PIMAMPIRO", "NOMBRE": "MUESES ENRIQUEZ JESSICA FERNANDA" }, "geometry": { "type": "Point", "coordinates": [ -77.945129113789591, 0.413960489593238 ] } },
{ "type": "Feature", "properties": { "CI": "1003661228", "GENERO": "MUJER", "PROVINCIA": "IMBABURA", "PARROQUIA": "PEÑAHERRERA", "SECTOR": "RURAL", "PLANIFICAC": "633 PRE FABRICADAS", "X": -78.286353, "Y": 0.28512, "CANTON": "COTACACHI", "NOMBRE": "MURILLO ERAZO GLORIA YOLANDA" }, "geometry": { "type": "Point", "coordinates": [ -78.286352690593318, 0.285120482352043 ] } },
{ "type": "Feature", "properties": { "CI": "1900040195", "GENERO": "HOMBRE", "PROVINCIA": "ZAMORA CHINCHIPE", "PARROQUIA": "ZUMBA", "SECTOR": "URBANO", "PLANIFICAC": "633 PRE FABRICADAS", "X": -79.159205, "Y": -4.928431, "CANTON": "CHINCHIPE", "NOMBRE": "NEIRA HECTOR ARMANDO" }, "geometry": { "type": "Point", "coordinates": [ -79.15920458464258, -4.928431472155835 ] } },
{ "type": "Feature", "properties": { "CI": "1002818522", "GENERO": "MUJER", "PROVINCIA": "IMBABURA", "PARROQUIA": "ALPACHACA", "SECTOR": "URBANO", "PLANIFICAC": "633 PRE FABRICADAS", "X": -78.131016, "Y": 0.36543, "CANTON": "IBARRA", "NOMBRE": "NOVOA MINA MARIA DEL CARMEN" }, "geometry": { "type": "Point", "coordinates": [ -78.131016166249452, 0.365429721611743 ] } },
{ "type": "Feature", "properties": { "CI": "1104239577", "GENERO": "MUJER", "PROVINCIA": "ZAMORA CHINCHIPE", "PARROQUIA": "ZUMBI", "SECTOR": "URBANO", "PLANIFICAC": "633 PRE FABRICADAS", "X": -78.774267, "Y": -3.892185, "CANTON": "CENTINELA DEL CONDOR", "NOMBRE": "OJEDA ROJAS NANCY MELANIA" }, "geometry": { "type": "Point", "coordinates": [ -78.774266512320835, -3.892184833744515 ] } },
{ "type": "Feature", "properties": { "CI": "1002896387", "GENERO": "HOMBRE", "PROVINCIA": "IMBABURA", "PARROQUIA": "MIGUEL EGAS", "SECTOR": "RURAL", "PLANIFICAC": "633 PRE FABRICADAS", "X": -78.229432, "Y": 0.25208, "CANTON": "OTAVALO", "NOMBRE": "OYAGATA AGUILAR DARWIN VINICIO" }, "geometry": { "type": "Point", "coordinates": [ -78.229431989416454, 0.252079981326804 ] } },
{ "type": "Feature", "properties": { "CI": "1900640739", "GENERO": "MUJER", "PROVINCIA": "ZAMORA CHINCHIPE", "PARROQUIA": "CHITO", "SECTOR": "RURAL", "PLANIFICAC": "633 PRE FABRICADAS", "X": -79.036622, "Y": -4.90592, "CANTON": "CHINCHIPE", "NOMBRE": "PEÑA JIMENEZ JAIME PAUL" }, "geometry": { "type": "Point", "coordinates": [ -79.03662224329878, -4.905920286085883 ] } },
{ "type": "Feature", "properties": { "CI": "1003403605", "GENERO": "HOMBRE", "PROVINCIA": "IMBABURA", "PARROQUIA": "URCUQUI", "SECTOR": "URBANO", "PLANIFICAC": "633 PRE FABRICADAS", "X": -78.203657, "Y": 0.433609, "CANTON": "URCUQUI", "NOMBRE": "QUILCA RIVERA ANGEL OSWALDO" }, "geometry": { "type": "Point", "coordinates": [ -78.203657023152545, 0.433608979440281 ] } },
{ "type": "Feature", "properties": { "CI": "1004334759", "GENERO": "MUJER", "PROVINCIA": "IMBABURA", "PARROQUIA": "EL SAGRARIO COMUNIDAD EL CERCADO", "SECTOR": "RURAL", "PLANIFICAC": "633 PRE FABRICADAS", "X": -78.277937, "Y": 0.336968, "CANTON": "COTACACHI", "NOMBRE": "QUIRANZA LIQUINCHANA MARIA BLANCA" }, "geometry": { "type": "Point", "coordinates": [ -78.277937044132273, 0.336968013676966 ] } },
{ "type": "Feature", "properties": { "CI": "302588298", "GENERO": "MUJER", "PROVINCIA": "CAÑAR", "PARROQUIA": "COJITAMBO", "SECTOR": "RURAL", "PLANIFICAC": "633 PRE FABRICADAS", "X": -78.89548, "Y": -2.747618, "CANTON": "AZOGUES", "NOMBRE": "QUIZHPI SIBRI LUZ ISABEL" }, "geometry": { "type": "Point", "coordinates": [ -78.895480092743384, -2.747617530991132 ] } },
{ "type": "Feature", "properties": { "CI": "1802568525", "GENERO": "MUJER", "PROVINCIA": "PASTAZA", "PARROQUIA": "FATIMA", "SECTOR": "RURAL", "PLANIFICAC": "633 PRE FABRICADAS", "X": -77.990587, "Y": -1.43344, "CANTON": "PASTAZA", "NOMBRE": "RIVERA MAÑAY YOLANDA RENE" }, "geometry": { "type": "Point", "coordinates": [ -77.990586977532175, -1.433440375538032 ] } },
{ "type": "Feature", "properties": { "CI": "705151298", "GENERO": "MUJER", "PROVINCIA": "LOJA", "PARROQUIA": "SUCRE", "SECTOR": "RURAL", "PLANIFICAC": "633 PRE FABRICADAS", "X": -79.23547, "Y": -3.990868, "CANTON": "LOJA", "NOMBRE": "ROMAN TORRES MARIA ANGELES" }, "geometry": { "type": "Point", "coordinates": [ -79.235469546584923, -3.990868162837951 ] } },
{ "type": "Feature", "properties": { "CI": "1004913644", "GENERO": "MUJER", "PROVINCIA": "IMBABURA", "PARROQUIA": "EL SAGRARIO", "SECTOR": "URBANO", "PLANIFICAC": "633 PRE FABRICADAS", "X": -78.998701, "Y": 0.263657, "CANTON": "COTACACHI", "NOMBRE": "SANCHEZ OYAGATA MARIA YULISSA" }, "geometry": { "type": "Point", "coordinates": [ -78.998701001403049, 0.263657012567632 ] } },
{ "type": "Feature", "properties": { "CI": "1600438947", "GENERO": "MUJER", "PROVINCIA": "PASTAZA", "PARROQUIA": "POMONA", "SECTOR": "RURAL", "PLANIFICAC": "633 PRE FABRICADAS", "X": -77.903806, "Y": -1.673971, "CANTON": "PASTAZA", "NOMBRE": "SANTI DAHUA JANETH MONICA" }, "geometry": { "type": "Point", "coordinates": [ -77.903806157784416, -1.673971283575064 ] } },
{ "type": "Feature", "properties": { "CI": "1150699237", "GENERO": "MUJER", "PROVINCIA": "LOJA", "PARROQUIA": "EL TAMBO", "SECTOR": "RURAL", "PLANIFICAC": "633 PRE FABRICADAS", "X": -79.306738, "Y": -4.069692, "CANTON": "CATAMAYO", "NOMBRE": "SOLA JAPON MAYRA ABIGAIL" }, "geometry": { "type": "Point", "coordinates": [ -79.306738034534803, -4.069691988036688 ] } },
{ "type": "Feature", "properties": { "CI": "1900724608", "GENERO": "MUJER", "PROVINCIA": "ZAMORA CHINCHIPE", "PARROQUIA": "LA PAZ", "SECTOR": "RURAL", "PLANIFICAC": "633 PRE FABRICADAS", "X": -78.879223, "Y": -3.735645, "CANTON": "YACUAMBI", "NOMBRE": "TAISH JIMPIKIT IVONNE NUNKUI" }, "geometry": { "type": "Point", "coordinates": [ -78.879223099739235, -3.735644958929892 ] } },
{ "type": "Feature", "properties": { "CI": "1900324714", "GENERO": "HOMBRE", "PROVINCIA": "ZAMORA CHINCHIPE", "PARROQUIA": "ZUMBA", "SECTOR": "URBANO", "PLANIFICAC": "633 PRE FABRICADAS", "X": -79.15215, "Y": -4.686168, "CANTON": "CHINCHIPE", "NOMBRE": "TAMAYO CASTILLO INSTALIN" }, "geometry": { "type": "Point", "coordinates": [ -79.15214963697359, -4.68616751727752 ] } },
{ "type": "Feature", "properties": { "CI": "1002001855", "GENERO": "MUJER", "PROVINCIA": "IMBABURA", "PARROQUIA": "EUGENIO ESPEJO", "SECTOR": "RURAL", "PLANIFICAC": "633 PRE FABRICADAS", "X": -78.253293, "Y": 0.201954, "CANTON": "OTAVALO", "NOMBRE": "TAMBACO BURGA LORENZA" }, "geometry": { "type": "Point", "coordinates": [ -78.253292961479417, 0.201953970528476 ] } },
{ "type": "Feature", "properties": { "CI": "1501104895", "GENERO": "MUJER", "PROVINCIA": "NAPO", "PARROQUIA": "ARCHIDONA", "SECTOR": "RURAL", "PLANIFICAC": "633 PRE FABRICADAS", "X": -78.401829, "Y": -0.914459, "CANTON": "ARCHIDONA", "NOMBRE": "TAPUY YUMBO DANIA VALERIA" }, "geometry": { "type": "Point", "coordinates": [ -78.401828771390186, -0.914458860371007 ] } },
{ "type": "Feature", "properties": { "CI": "1003689005", "GENERO": "MUJER", "PROVINCIA": "IMBABURA", "PARROQUIA": "TUMBABIRO", "SECTOR": "RURAL", "PLANIFICAC": "633 PRE FABRICADAS", "X": -78.225373, "Y": 0.440834, "CANTON": "URCUQUI", "NOMBRE": "YACELGA YACELGA MIRIAN TATIANA" }, "geometry": { "type": "Point", "coordinates": [ -78.225372830930567, 0.440834135128456 ] } },
{ "type": "Feature", "properties": { "CI": "301733747", "GENERO": "MUJER", "PROVINCIA": "CAÑAR", "PARROQUIA": "TURUPAMBA", "SECTOR": "RURAL", "PLANIFICAC": "633 PRE FABRICADAS", "X": -78.915166, "Y": -2.7169, "CANTON": "BIBLIAN", "NOMBRE": "YAURI JEREZ MARIA NUBE" }, "geometry": { "type": "Point", "coordinates": [ -78.915166220813916, -2.716899849685277 ] } },
{ "type": "Feature", "properties": { "CI": "1106032129", "GENERO": "MUJER", "PROVINCIA": "LOJA", "PARROQUIA": "ZAPOTILLO", "SECTOR": "URBANO", "PLANIFICAC": "633 PRE FABRICADAS", "X": -80.236698, "Y": -4.364019, "CANTON": "ZAPOTILLO", "NOMBRE": "ZAPATA ROMERO CARMEN MISHELL" }, "geometry": { "type": "Point", "coordinates": [ -80.236697846464992, -4.364018934572175 ] } },
{ "type": "Feature", "properties": { "CI": "302642731", "GENERO": "MUJER", "PROVINCIA": "CAÑAR", "PARROQUIA": "JAVIER LOYOLA", "SECTOR": "RURAL", "PLANIFICAC": "633 PRE FABRICADAS", "X": -78.897676, "Y": -2.7242, "CANTON": "AZOGUES", "NOMBRE": "ZUMBA TORRES DELIA NARCISA" }, "geometry": { "type": "Point", "coordinates": [ -78.897675866398998, -2.724200001332854 ] } },
{ "type": "Feature", "properties": { "CI": "401891296", "GENERO": "MUJER", "PROVINCIA": "CARCHI", "PARROQUIA": "EL CARMELO", "SECTOR": "RURAL", "PLANIFICAC": "633 PRE FABRICADAS", "X": -77.724088, "Y": 0.6403, "CANTON": "SAN PEDRO DE HUACA", "NOMBRE": "CORTES PEREZ GERMAN ORLANDO" }, "geometry": { "type": "Point", "coordinates": [ -77.724087996666185, 0.640299932972118 ] } },
{ "type": "Feature", "properties": { "CI": "450129309", "GENERO": "MUJER", "PROVINCIA": "CARCHI", "PARROQUIA": "EL CARMELO", "SECTOR": "RURAL", "PLANIFICAC": "633 PRE FABRICADAS", "X": -77.772234, "Y": 0.566279, "CANTON": "MONTUFAR", "NOMBRE": "ITAS ORTEGA FERNANDA ANAHY" }, "geometry": { "type": "Point", "coordinates": [ -77.772233996005397, 0.566278982027364 ] } },
{ "type": "Feature", "properties": { "CI": "1758372203", "GENERO": "MUJER", "PROVINCIA": "CARCHI", "PARROQUIA": "JULIO ANDRADE", "SECTOR": "RURAL", "PLANIFICAC": "633 PRE FABRICADAS", "X": -77.77293, "Y": 0.565963, "CANTON": "MONTUFAR", "NOMBRE": "MAYA CALPA WILLIAM ANDRÉS" }, "geometry": { "type": "Point", "coordinates": [ -77.772929996380199, 0.565962951275869 ] } },
{ "type": "Feature", "properties": { "CI": "401529367", "GENERO": "HOMBRE", "PROVINCIA": "CARCHI", "PARROQUIA": "LA PAZ", "SECTOR": "RURAL", "PLANIFICAC": "633 PRE FABRICADAS", "X": -77.770231, "Y": 0.565789, "CANTON": "MONTUFAR", "NOMBRE": "PASPUEL USIÑA LAURA PATRICIA" }, "geometry": { "type": "Point", "coordinates": [ -77.770231003639992, 0.565789000474924 ] } },
{ "type": "Feature", "properties": { "CI": "401133764", "GENERO": "MUJER", "PROVINCIA": "CARCHI", "PARROQUIA": "EL CARMELO", "SECTOR": "RURAL", "PLANIFICAC": "633 PRE FABRICADAS", "X": -77.773187, "Y": 0.565691, "CANTON": "MONTUFAR", "NOMBRE": "PONCE PONCE MARÍA MARLENE" }, "geometry": { "type": "Point", "coordinates": [ -77.77318700333322, 0.565690935093295 ] } },
{ "type": "Feature", "properties": { "CI": "450150651", "GENERO": "MUJER", "PROVINCIA": "CARCHI", "PARROQUIA": "JULIO ANDRADE", "SECTOR": "RURAL", "PLANIFICAC": "633 PRE FABRICADAS", "X": -77.91031, "Y": 0.502063, "CANTON": "BOLIVAR", "NOMBRE": "POZO CABRERA MAYRA LISBETH" }, "geometry": { "type": "Point", "coordinates": [ -77.910309999154919, 0.502062952797567 ] } },
{ "type": "Feature", "properties": { "CI": "402052583", "GENERO": "MUJER", "PROVINCIA": "CARCHI", "PARROQUIA": "FERNANDEZ SALVADOR", "SECTOR": "RURAL", "PLANIFICAC": "633 PRE FABRICADAS", "X": -77.770772, "Y": 0.566986, "CANTON": "MONTUFAR", "NOMBRE": "ROSERO BENAVIDES ERICKA STEFANY" }, "geometry": { "type": "Point", "coordinates": [ -77.77077200250568, 0.566985975247314 ] } },
{ "type": "Feature", "properties": { "CI": "401685953", "GENERO": "HOMBRE", "PROVINCIA": "CARCHI", "PARROQUIA": "LA CONCEPCIÓN", "SECTOR": "RURAL", "PLANIFICAC": "633 PRE FABRICADAS", "X": -78.039296, "Y": 0.552133, "CANTON": "MIRA", "NOMBRE": "TOBAR TOBAR OLGER ALCIVAR" }, "geometry": { "type": "Point", "coordinates": [ -78.039295998399155, 0.552132917366016 ] } },
{ "type": "Feature", "properties": { "CI": "920075280", "GENERO": "MUJER", "PROVINCIA": "SANTA ELENA", "PARROQUIA": "SAN JOSE DE ANCON", "SECTOR": "RURAL", "PLANIFICAC": "633 PRE FABRICADAS", "X": -80.85814, "Y": -2.284228, "CANTON": "SANTA ELENA", "NOMBRE": "GONZALEZ TORRES ROXANA YAJAIRA" }, "geometry": { "type": "Point", "coordinates": [ -80.858140208886866, -2.284228477789619 ] } },
{ "type": "Feature", "properties": { "CI": "1307057834", "GENERO": "RURAL", "PROVINCIA": "GUAYAS", "PARROQUIA": "P.CARBO", "SECTOR": "RURAL", "PLANIFICAC": "633 PRE FABRICADAS", "X": -80.165602, "Y": -1.686361, "CANTON": "GUAYAQUIL", "NOMBRE": "GUALE MAGALLANES MARIA SABINA" }, "geometry": { "type": "Point", "coordinates": [ -80.165601638005484, -1.686361106058434 ] } },
{ "type": "Feature", "properties": { "CI": "926755356", "GENERO": "HOMBRE", "PROVINCIA": "SANTA ELENA", "PARROQUIA": "SAN JOSE DE ANCON", "SECTOR": "RURAL", "PLANIFICAC": "633 PRE FABRICADAS", "X": -80.849181, "Y": -2.298341, "CANTON": "SANTA ELENA", "NOMBRE": "MENDEZ BORBOR JAIRO EDUARDO" }, "geometry": { "type": "Point", "coordinates": [ -80.849180890933752, -2.298341094103441 ] } },
{ "type": "Feature", "properties": { "CI": "928623560", "GENERO": "MUJER", "PROVINCIA": "SANTA ELENA", "PARROQUIA": "SAN JOSE DE ANCON", "SECTOR": "RURAL", "PLANIFICAC": "633 PRE FABRICADAS", "X": -80.857061, "Y": -2.286101, "CANTON": "SANTA ELENA", "NOMBRE": "PONCE RODRIGUEZ JAZMIN LUCIA" }, "geometry": { "type": "Point", "coordinates": [ -80.857060765502411, -2.286101128416418 ] } },
{ "type": "Feature", "properties": { "CI": "2400175713", "GENERO": "MUJER", "PROVINCIA": "SANTA ELENA", "PARROQUIA": "SAN JOSE DE ANCON", "SECTOR": "RURAL", "PLANIFICAC": "633 PRE FABRICADAS", "X": -80.848893, "Y": -2.299581, "CANTON": "SANTA ELENA", "NOMBRE": "RAMOS TOMALA  ELOISA ESTEFANIA" }, "geometry": { "type": "Point", "coordinates": [ -80.848892955688726, -2.299580521122483 ] } },
{ "type": "Feature", "properties": { "CI": "927261784", "GENERO": "MUJER", "PROVINCIA": "SANTA ELENA", "PARROQUIA": "SAN JOSE DE ANCON", "SECTOR": "RURAL", "PLANIFICAC": "633 PRE FABRICADAS", "X": -80.849208, "Y": -2.300105, "CANTON": "SANTA ELENA", "NOMBRE": "RICARDO TOMALA DIANA ROCIO" }, "geometry": { "type": "Point", "coordinates": [ -80.849207687467498, -2.300105288475421 ] } },
{ "type": "Feature", "properties": { "CI": "927833178", "GENERO": "MUJER", "PROVINCIA": "SANTA ELENA", "PARROQUIA": "SAN JOSE DE ANCON", "SECTOR": "RURAL", "PLANIFICAC": "633 PRE FABRICADAS", "X": -80.857376, "Y": -2.282419, "CANTON": "SANTA ELENA", "NOMBRE": "SANCHEZ LOPEZ NELLY MARIA" }, "geometry": { "type": "Point", "coordinates": [ -80.857375912721025, -2.282418973443174 ] } },
{ "type": "Feature", "properties": { "CI": "2101034128", "GENERO": "MUJER", "PROVINCIA": "SUCUMBIOS", "PARROQUIA": "7 DE JULIO", "SECTOR": "RURAL", "PLANIFICAC": "633 PRE FABRICADAS", "X": -76.793859, "Y": -0.230726, "CANTON": "SHUSHUFINDI", "NOMBRE": "SUAREZ SOSA JESSENIA NOEMI" }, "geometry": { "type": "Point", "coordinates": [ -76.793859078733178, -0.230726229472287 ] } },
{ "type": "Feature", "properties": { "CI": "917079105", "GENERO": "MUJER", "PROVINCIA": "SANTA ELENA", "PARROQUIA": "JOSE LUIS TAMAYO", "SECTOR": "RURAL", "PLANIFICAC": "633 PRE FABRICADAS", "X": -80.926487, "Y": -2.249004, "CANTON": "SALINAS", "NOMBRE": "TIGRERO BARZOLA MARIANA ELENA" }, "geometry": { "type": "Point", "coordinates": [ -80.926486907488808, -2.249004423304339 ] } },
{ "type": "Feature", "properties": { "CI": "2450652884", "GENERO": "MUJER", "PROVINCIA": "SANTA ELENA", "PARROQUIA": "SAN JOSE DE ANCON", "SECTOR": "RURAL", "PLANIFICAC": "633 PRE FABRICADAS", "X": -80.855504, "Y": -2.289892, "CANTON": "SANTA ELENA", "NOMBRE": "TOMALA SANTISTEVAN JOSELYN DANIELA" }, "geometry": { "type": "Point", "coordinates": [ -80.855504453606969, -2.289891723446304 ] } },
{ "type": "Feature", "properties": { "CI": "2400236515", "GENERO": "MUJER", "PROVINCIA": "SANTA ELENA", "PARROQUIA": "SAN JOSE DE ANCON", "SECTOR": "RURAL", "PLANIFICAC": "633 PRE FABRICADAS", "X": -80.86386, "Y": -2.283406, "CANTON": "SANTA ELENA", "NOMBRE": "PANCHANA TOMALA MARIUXI ELIZABETH" }, "geometry": { "type": "Point", "coordinates": [ -80.863860355635893, -2.283405744080038 ] } },
{ "type": "Feature", "properties": { "CI": "2400027799", "GENERO": "HOMBRE", "PROVINCIA": "SANTA ELENA", "PARROQUIA": "SAN JOSE DE ANCON", "SECTOR": "RURAL", "PLANIFICAC": "633 PRE FABRICADAS", "X": -80.856818, "Y": -2.287304, "CANTON": "SANTA ELENA", "NOMBRE": "TOMALA RAMIREZ WASHINGTON RICARDO" }, "geometry": { "type": "Point", "coordinates": [ -80.856817812830542, -2.287304373790112 ] } },
{ "type": "Feature", "properties": { "CI": "1314418235", "GENERO": "MUJER", "PROVINCIA": "SUCUMBIOS", "PARROQUIA": "DURENO", "SECTOR": "RURAL", "PLANIFICAC": "633 PRE FABRICADAS", "X": -76.563376, "Y": 0.116283, "CANTON": "LAGO AGRIO", "NOMBRE": "HURTADO CEDEÑO DEXI MARLENE" }, "geometry": { "type": "Point", "coordinates": [ -76.563376183049073, 0.116283397854877 ] } },
{ "type": "Feature", "properties": { "CI": "1104751258", "GENERO": "MUJER", "PROVINCIA": "LOJA", "PARROQUIA": "CIANO", "SECTOR": "RURAL", "PLANIFICAC": "633 PRE FABRICADAS", "X": -80.007908, "Y": -3.888754, "CANTON": "PUYANGO", "NOMBRE": "SANCHEZ BUSTAMANTE EDITHA MARLENE" }, "geometry": { "type": "Point", "coordinates": [ -80.007908127813707, -3.888754276554186 ] } },
{ "type": "Feature", "properties": { "CI": "1706809124", "GENERO": "MUJER", "PROVINCIA": "LOJA", "PARROQUIA": "GARZAREAL", "SECTOR": "RURAL", "PLANIFICAC": "633 PRE FABRICADAS", "X": -80.224921, "Y": -4.302815, "CANTON": "ZAPOTILLO", "NOMBRE": "ORTEGA VALDEZ ANA LUISA" }, "geometry": { "type": "Point", "coordinates": [ -80.224921247217821, -4.302815386043708 ] } },
{ "type": "Feature", "properties": { "CI": "1104005846", "GENERO": "HOMBRE", "PROVINCIA": "LOJA", "PARROQUIA": "SAN ANTONIO DE LAS ARADAS", "SECTOR": "RURAL", "PLANIFICAC": "633 PRE FABRICADAS", "X": -79.419078, "Y": -4.349226, "CANTON": "QUILANGA", "NOMBRE": "CORREA CALVA SANTIAGO MARIANO" }, "geometry": { "type": "Point", "coordinates": [ -79.419077894538361, -4.349226050465369 ] } },
{ "type": "Feature", "properties": { "CI": "1101817151", "GENERO": "MUJER", "PROVINCIA": "LOJA", "PARROQUIA": "EL TAMBO", "SECTOR": "RURAL", "PLANIFICAC": "633 PRE FABRICADAS", "X": -79.325738, "Y": -4.06587, "CANTON": "CATAMAYO", "NOMBRE": "JUELA CARMEN HERMINIA" }, "geometry": { "type": "Point", "coordinates": [ -79.325738391204226, -4.06587042808792 ] } },
{ "type": "Feature", "properties": { "CI": "1102327614", "GENERO": "HOMBRE", "PROVINCIA": "LOJA", "PARROQUIA": "VILCABAMBA", "SECTOR": "RURAL", "PLANIFICAC": "633 PRE FABRICADAS", "X": -79.204581, "Y": -4.269425, "CANTON": "LOJA", "NOMBRE": "GONZAGA ARBOLEDA JOSE MARIA" }, "geometry": { "type": "Point", "coordinates": [ -79.204580508673828, -4.269425076341781 ] } },
{ "type": "Feature", "properties": { "CI": "1104470644", "GENERO": "HOMBRE", "PROVINCIA": "LOJA", "PARROQUIA": "SANTA TERESITA", "SECTOR": "RURAL", "PLANIFICAC": "633 PRE FABRICADAS", "X": -79.406361, "Y": -4.569005, "CANTON": "ESPINDOLA", "NOMBRE": "REYES GONZAGA JOSE ORGEL" }, "geometry": { "type": "Point", "coordinates": [ -79.406360948316788, -4.56900529193893 ] } },
{ "type": "Feature", "properties": { "CI": "1103758460", "GENERO": "HOMBRE", "PROVINCIA": "LOJA", "PARROQUIA": "27 DE ABRIL", "SECTOR": "RURAL", "PLANIFICAC": "633 PRE FABRICADAS", "X": -79.461528, "Y": -4.441974, "CANTON": "ESPINDOLA", "NOMBRE": "CALVA JIMENEZ ARNULFO VINICIO" }, "geometry": { "type": "Point", "coordinates": [ -79.461528265372749, -4.441974104698427 ] } },
{ "type": "Feature", "properties": { "CI": "705195980", "GENERO": "HOMBRE", "PROVINCIA": "LOJA", "PARROQUIA": "LIMONES", "SECTOR": "RURAL", "PLANIFICAC": "633 PRE FABRICADAS", "X": -80.363582, "Y": -4.397131, "CANTON": "ZAPOTILLO", "NOMBRE": "RIVERA BARBA SANTOS FIDEL" }, "geometry": { "type": "Point", "coordinates": [ -80.363581809838024, -4.397130726448303 ] } },
{ "type": "Feature", "properties": { "CI": "915682462", "GENERO": "HOMBRE", "PROVINCIA": "GUAYAS", "PARROQUIA": "P.CARBO", "SECTOR": "RURAL", "PLANIFICAC": "633 PRE FABRICADAS", "X": -80.181737, "Y": -1.711345, "CANTON": "GUAYAQUIL", "NOMBRE": "HOLGUIN QUIJIJE BACILIO NARCISO" }, "geometry": { "type": "Point", "coordinates": [ -80.181736583153139, -1.711344850349068 ] } },
{ "type": "Feature", "properties": { "CI": "1310829526", "GENERO": "MUJER", "PROVINCIA": "MANABI", "PARROQUIA": "ZAPALLO", "SECTOR": "RURAL", "PLANIFICAC": "633 PRE FABRICADAS", "X": -80.000655, "Y": -0.43869, "CANTON": "FLAVIO ALFARO", "NOMBRE": "PAZMIÑO PAZMIÑO MARIA FILERMA" }, "geometry": { "type": "Point", "coordinates": [ -80.000655000980757, -0.438689996811456 ] } },
{ "type": "Feature", "properties": { "CI": "1306121243", "GENERO": "MUJER", "PROVINCIA": "MANABI", "PARROQUIA": "CONVENTO", "SECTOR": "RURAL", "PLANIFICAC": "633 PRE FABRICADAS", "X": -80.039513, "Y": -0.275226, "CANTON": "CHONE", "NOMBRE": "ROSADO TOALA AMPARO BENEDICTA" }, "geometry": { "type": "Point", "coordinates": [ -80.039512696179372, -0.275225561283339 ] } },
{ "type": "Feature", "properties": { "CI": "1305167775", "GENERO": "HOMBRE", "PROVINCIA": "MANABI", "PARROQUIA": "MEMBRILLO", "SECTOR": "RURAL", "PLANIFICAC": "633 PRE FABRICADAS", "X": -79.964523, "Y": -0.860357, "CANTON": "BOLIVAR", "NOMBRE": "BAREN MORA ANGEL ANTONIO" }, "geometry": { "type": "Point", "coordinates": [ -79.964523001795783, -0.860356901525233 ] } },
{ "type": "Feature", "properties": { "CI": "1725534224", "GENERO": "HOMBRE", "PROVINCIA": "MANABI", "PARROQUIA": "MEMBRILLO", "SECTOR": "RURAL", "PLANIFICAC": "633 PRE FABRICADAS", "X": -79.926138, "Y": -0.846461, "CANTON": "BOLIVAR", "NOMBRE": "PEÑARRIETA AVEIGA ANTONIO RAMON" }, "geometry": { "type": "Point", "coordinates": [ -79.926137995537616, -0.846460998062624 ] } },
{ "type": "Feature", "properties": { "CI": "924082605", "GENERO": "HOMBRE", "PROVINCIA": "SANTA ELENA", "PARROQUIA": "SAN JOSE DE ANCON", "SECTOR": "RURAL", "PLANIFICAC": "633 PRE FABRICADAS", "X": -80.849118, "Y": -2.296595, "CANTON": "SANTA ELENA", "NOMBRE": "RAMOS RAMIREZ  FRANCISCO BOLIVAR" }, "geometry": { "type": "Point", "coordinates": [ -80.849118116858222, -2.296594990145723 ] } },
{ "type": "Feature", "properties": { "CI": "928556976", "GENERO": "HOMBRE", "PROVINCIA": "SANTA ELENA", "PARROQUIA": "SAN JOSE DE ANCON", "SECTOR": "RURAL", "PLANIFICAC": "633 PRE FABRICADAS", "X": -80.855477, "Y": -2.29038, "CANTON": "SANTA ELENA", "NOMBRE": "YAGUAL REYES PEDRO FRANCISCO" }, "geometry": { "type": "Point", "coordinates": [ -80.855477423096204, -2.290380266252531 ] } },
{ "type": "Feature", "properties": { "CI": "2450080912", "GENERO": "HOMBRE", "PROVINCIA": "SANTA ELENA", "PARROQUIA": "SAN JOSE DE ANCON", "SECTOR": "RURAL", "PLANIFICAC": "633 PRE FABRICADAS", "X": -80.852419, "Y": -2.295048, "CANTON": "SANTA ELENA", "NOMBRE": "CRUZ TOMALA  ANTONIO VIDAL" }, "geometry": { "type": "Point", "coordinates": [ -80.852419034147758, -2.295048276146441 ] } },
{ "type": "Feature", "properties": { "CI": "927369488", "GENERO": "MUJER", "PROVINCIA": "SANTA ELENA", "PARROQUIA": "SAN JOSE DE ANCON", "SECTOR": "RURAL", "PLANIFICAC": "633 PRE FABRICADAS", "X": -80.589318, "Y": -2.281236, "CANTON": "SANTA ELENA", "NOMBRE": "CARMONA VILLON MARJORIE ELIZABETH" }, "geometry": { "type": "Point", "coordinates": [ -80.589318377999348, -2.281236254381218 ] } },
{ "type": "Feature", "properties": { "CI": "921143368", "GENERO": "MUJER", "PROVINCIA": "SANTA ELENA", "PARROQUIA": "SAN JOSE DE ANCON", "SECTOR": "RURAL", "PLANIFICAC": "633 PRE FABRICADAS", "X": -80.844828, "Y": -2.297508, "CANTON": "SANTA ELENA", "NOMBRE": "TOMALA CARVAJAL  ELENA AMADA" }, "geometry": { "type": "Point", "coordinates": [ -80.844827932221847, -2.297508288843653 ] } },
{ "type": "Feature", "properties": { "CI": "901235713", "GENERO": "HOMBRE", "PROVINCIA": "SANTA ELENA", "PARROQUIA": "COLONCHE", "SECTOR": "RURAL", "PLANIFICAC": "633 PRE FABRICADAS", "X": -80.604318, "Y": -2.117717, "CANTON": "SANTA ELENA", "NOMBRE": "MAGALLAN RAMIREZ LEONARDO LEOVIJILDO" }, "geometry": { "type": "Point", "coordinates": [ -80.604317826240234, -2.117716619641855 ] } },
{ "type": "Feature", "properties": { "CI": "2450071952", "GENERO": "HOMBRE", "PROVINCIA": "SANTA ELENA", "PARROQUIA": "COLONCHE", "SECTOR": "RURAL", "PLANIFICAC": "633 PRE FABRICADAS", "X": -80.604264, "Y": -2.117581, "CANTON": "SANTA ELENA", "NOMBRE": "MALAVE MALAVE ROLANDO JAVIER" }, "geometry": { "type": "Point", "coordinates": [ -80.60426390487217, -2.117580901202287 ] } },
{ "type": "Feature", "properties": { "CI": "915885941", "GENERO": "MUJER", "PROVINCIA": "SANTA ELENA", "PARROQUIA": "COLONCHE", "SECTOR": "RURAL", "PLANIFICAC": "633 PRE FABRICADAS", "X": -80.603329, "Y": -2.117192, "CANTON": "SANTA ELENA", "NOMBRE": "MALAVE NEIRA  TERESA FLORINDA" }, "geometry": { "type": "Point", "coordinates": [ -80.603328770138759, -2.117191641018898 ] } },
{ "type": "Feature", "properties": { "CI": "925726671", "GENERO": "HOMBRE", "PROVINCIA": "SANTA ELENA", "PARROQUIA": "SAN JOSE DE ANCON", "SECTOR": "RURAL", "PLANIFICAC": "633 PRE FABRICADAS", "X": -80.586331, "Y": -2.286519, "CANTON": "SANTA ELENA", "NOMBRE": "POZO TOMALA ROBINSON JOSE" }, "geometry": { "type": "Point", "coordinates": [ -80.586330993818365, -2.286518802612759 ] } },
{ "type": "Feature", "properties": { "CI": "928621374", "GENERO": "HOMBRE", "PROVINCIA": "SANTA ELENA", "PARROQUIA": "SAN JOSE DE ANCON", "SECTOR": "RURAL", "PLANIFICAC": "633 PRE FABRICADAS", "X": -80.850279, "Y": -2.292307, "CANTON": "SANTA ELENA", "NOMBRE": "TOMALA CRUZ  HAMILTON FABRICIO" }, "geometry": { "type": "Point", "coordinates": [ -80.850278774944528, -2.292306769898472 ] } },
{ "type": "Feature", "properties": { "CI": "2400090615", "GENERO": "MUJER", "PROVINCIA": "SANTA ELENA", "PARROQUIA": "SAN JOSE DE ANCON", "SECTOR": "RURAL", "PLANIFICAC": "633 PRE FABRICADAS", "X": -80.844486, "Y": -2.29778, "CANTON": "SANTA ELENA", "NOMBRE": "TOMALA RAMOS  MARIA ISABEL" }, "geometry": { "type": "Point", "coordinates": [ -80.844486134821736, -2.29777966550098 ] } },
{ "type": "Feature", "properties": { "CI": "2400139073", "GENERO": "MUJER", "PROVINCIA": "SANTA ELENA", "PARROQUIA": "SAN JOSE DE ANCON", "SECTOR": "RURAL", "PLANIFICAC": "633 PRE FABRICADAS", "X": -80.849478, "Y": -2.299544, "CANTON": "SANTA ELENA", "NOMBRE": "RAMOS TOMALA  DIANA JOSELYN" }, "geometry": { "type": "Point", "coordinates": [ -80.849477563674256, -2.299544394687685 ] } },
{ "type": "Feature", "properties": { "CI": "2400343642", "GENERO": "MUJER", "PROVINCIA": "SANTA ELENA", "PARROQUIA": "COLONCHE", "SECTOR": "RURAL", "PLANIFICAC": "633 PRE FABRICADAS", "X": -80.603419, "Y": -2.117897, "CANTON": "SANTA ELENA", "NOMBRE": "MALAVE CATUTO CINTHYA VANESSA" }, "geometry": { "type": "Point", "coordinates": [ -80.603418517029255, -2.11789732793167 ] } },
{ "type": "Feature", "properties": { "CI": "923566574", "GENERO": "MUJER", "PROVINCIA": "SANTA ELENA", "PARROQUIA": "SAN JOSE DE ANCON", "SECTOR": "RURAL", "PLANIFICAC": "633 PRE FABRICADAS", "X": -80.844486, "Y": -2.297771, "CANTON": "SANTA ELENA", "NOMBRE": "LAINEZ TOMALA  ELIANA NEREIDA" }, "geometry": { "type": "Point", "coordinates": [ -80.84448613580048, -2.297770618366868 ] } },
{ "type": "Feature", "properties": { "CI": "929014538", "GENERO": "HOMBRE", "PROVINCIA": "SANTA ELENA", "PARROQUIA": "SAN JOSE DE ANCON", "SECTOR": "RURAL", "PLANIFICAC": "633 PRE FABRICADAS", "X": -80.849244, "Y": -2.299581, "CANTON": "SANTA ELENA", "NOMBRE": "RAMOS TOMALA  FRANCISCO XAVIER" }, "geometry": { "type": "Point", "coordinates": [ -80.8492437182028, -2.299580558416902 ] } },
{ "type": "Feature", "properties": { "CI": "905441390", "GENERO": "MUJER", "PROVINCIA": "SANTA ELENA", "PARROQUIA": "COLONCHE", "SECTOR": "RURAL", "PLANIFICAC": "633 PRE FABRICADAS", "X": -80.604462, "Y": -2.116911, "CANTON": "SANTA ELENA", "NOMBRE": "MALAVE FLORES NORMA AMERICA" }, "geometry": { "type": "Point", "coordinates": [ -80.604461912495495, -2.11691147600897 ] } },
{ "type": "Feature", "properties": { "CI": "925455354", "GENERO": "MUJER", "PROVINCIA": "SANTA ELENA", "PARROQUIA": "SAN JOSE DE ANCON", "SECTOR": "RURAL", "PLANIFICAC": "633 PRE FABRICADAS", "X": -80.849523, "Y": -2.292741, "CANTON": "SANTA ELENA", "NOMBRE": "MEREJILDO SUAREZ  MARITZA JACQUELINE" }, "geometry": { "type": "Point", "coordinates": [ -80.849523244889795, -2.292740952839705 ] } },
{ "type": "Feature", "properties": { "CI": "921371399", "GENERO": "MUJER", "PROVINCIA": "SANTA ELENA", "PARROQUIA": "SAN JOSE DE ANCON", "SECTOR": "RURAL", "PLANIFICAC": "633 PRE FABRICADAS", "X": -80.859966, "Y": -2.285007, "CANTON": "SANTA ELENA", "NOMBRE": "LAINEZ TIGRERO MARIANA JANETT" }, "geometry": { "type": "Point", "coordinates": [ -80.859965878751709, -2.28500671208311 ] } },
{ "type": "Feature", "properties": { "CI": "923676993", "GENERO": "HOMBRE", "PROVINCIA": "SANTA ELENA", "PARROQUIA": "SAN JOSE DE ANCON", "SECTOR": "RURAL", "PLANIFICAC": "633 PRE FABRICADAS", "X": -80.849244, "Y": -2.296559, "CANTON": "SANTA ELENA", "NOMBRE": "SUAREZ CARVAJAL  WILLIAN CESAR" }, "geometry": { "type": "Point", "coordinates": [ -80.849244035139151, -2.296558814960965 ] } },
{ "type": "Feature", "properties": { "CI": "910235910", "GENERO": "MUJER", "PROVINCIA": "SANTA ELENA", "PARROQUIA": "SAN JOSE DE ANCON", "SECTOR": "RURAL", "PLANIFICAC": "633 PRE FABRICADAS", "X": -80.849909, "Y": -2.299472, "CANTON": "SANTA ELENA", "NOMBRE": "TOMALA RICARDO IRMA LIDA" }, "geometry": { "type": "Point", "coordinates": [ -80.849909278948019, -2.299472063308171 ] } },
{ "type": "Feature", "properties": { "CI": "2450317165", "GENERO": "MUJER", "PROVINCIA": "SANTA ELENA", "PARROQUIA": "SAN JOSE DE ANCON", "SECTOR": "RURAL", "PLANIFICAC": "633 PRE FABRICADAS", "X": -80.586582, "Y": -2.289731, "CANTON": "SANTA ELENA", "NOMBRE": "REYES PANCHANA TATIANA ELIZABETH" }, "geometry": { "type": "Point", "coordinates": [ -80.586581895538203, -2.289730536344262 ] } },
{ "type": "Feature", "properties": { "CI": "921375861", "GENERO": "HOMBRE", "PROVINCIA": "SANTA ELENA", "PARROQUIA": "SAN JOSE DE ANCON", "SECTOR": "RURAL", "PLANIFICAC": "633 PRE FABRICADAS", "X": -80.84955, "Y": -2.299436, "CANTON": "SANTA ELENA", "NOMBRE": "RICARDO SORIANO  JORGE OMAR" }, "geometry": { "type": "Point", "coordinates": [ -80.849549526329753, -2.299435836682623 ] } },
{ "type": "Feature", "properties": { "CI": "2450377227", "GENERO": "MUJER", "PROVINCIA": "SANTA ELENA", "PARROQUIA": "SAN JOSE DE ANCON", "SECTOR": "RURAL", "PLANIFICAC": "633 PRE FABRICADAS", "X": -80.850656, "Y": -2.295718, "CANTON": "SANTA ELENA", "NOMBRE": "PEZO MUÑOZ  YULEXI ELIZABETH" }, "geometry": { "type": "Point", "coordinates": [ -80.850656163543576, -2.295717580287459 ] } },
{ "type": "Feature", "properties": { "CI": "917516791", "GENERO": "HOMBRE", "PROVINCIA": "SANTA ELENA", "PARROQUIA": "SAN JOSE DE ANCON", "SECTOR": "RURAL", "PLANIFICAC": "633 PRE FABRICADAS", "X": -80.844703, "Y": -2.292315, "CANTON": "SANTA ELENA", "NOMBRE": "MEREJILDO MEREJILDO  ANGEL EDUARDO" }, "geometry": { "type": "Point", "coordinates": [ -80.844702577991882, -2.292315219844367 ] } },
{ "type": "Feature", "properties": { "CI": "1729924926", "GENERO": "MUJER", "PROVINCIA": "SANTA ELENA", "PARROQUIA": "COLONCHE", "SECTOR": "RURAL", "PLANIFICAC": "633 PRE FABRICADAS", "X": -80.604408, "Y": -2.117129, "CANTON": "SANTA ELENA", "NOMBRE": "NEIRA CATUTO ROSA LINDA" }, "geometry": { "type": "Point", "coordinates": [ -80.604407901680247, -2.117128589508893 ] } },
{ "type": "Feature", "properties": { "CI": "920469780", "GENERO": "HOMBRE", "PROVINCIA": "SANTA ELENA", "PARROQUIA": "SAN JOSE DE ANCON", "SECTOR": "RURAL", "PLANIFICAC": "633 PRE FABRICADAS", "X": -80.845296, "Y": -2.297336, "CANTON": "SANTA ELENA", "NOMBRE": "TOMALA YAGUAL  JHONNY GILBERTO" }, "geometry": { "type": "Point", "coordinates": [ -80.845295633307956, -2.297336444287979 ] } },
{ "type": "Feature", "properties": { "CI": "2450200668", "GENERO": "HOMBRE", "PROVINCIA": "SANTA ELENA", "PARROQUIA": "SAN JOSE DE ANCON", "SECTOR": "RURAL", "PLANIFICAC": "633 PRE FABRICADAS", "X": -80.859148, "Y": -2.282492, "CANTON": "SANTA ELENA", "NOMBRE": "TOMALA RAMIREZ GEOVANNY RUBEN" }, "geometry": { "type": "Point", "coordinates": [ -80.859147685709758, -2.282491526170173 ] } },
{ "type": "Feature", "properties": { "CI": "928413384", "GENERO": "MUJER", "PROVINCIA": "SANTA ELENA", "PARROQUIA": "SAN JOSE DE ANCON", "SECTOR": "RURAL", "PLANIFICAC": "633 PRE FABRICADAS", "X": -80.848084, "Y": -2.297527, "CANTON": "SANTA ELENA", "NOMBRE": "TOMALA JIMENEZ  KAREN VANESSA" }, "geometry": { "type": "Point", "coordinates": [ -80.848083720861368, -2.297526734958487 ] } },
{ "type": "Feature", "properties": { "CI": "2400345811", "GENERO": "MUJER", "PROVINCIA": "SANTA ELENA", "PARROQUIA": "SAN JOSE DE ANCON", "SECTOR": "RURAL", "PLANIFICAC": "633 PRE FABRICADAS", "X": -80.8449, "Y": -2.297463, "CANTON": "SANTA ELENA", "NOMBRE": "RAMIREZ RAMIREZ  GENESIS PATRICIA" }, "geometry": { "type": "Point", "coordinates": [ -80.84489988826887, -2.297463061028181 ] } },
{ "type": "Feature", "properties": { "CI": "2400327355", "GENERO": "MUJER", "PROVINCIA": "SANTA ELENA", "PARROQUIA": "SAN JOSE DE ANCON", "SECTOR": "RURAL", "PLANIFICAC": "633 PRE FABRICADAS", "X": -80.849361, "Y": -2.299771, "CANTON": "SANTA ELENA", "NOMBRE": "MURGA TOMALA  MELINA CAROLINA" }, "geometry": { "type": "Point", "coordinates": [ -80.849360619116467, -2.299770560683863 ] } },
{ "type": "Feature", "properties": { "CI": "918984089", "GENERO": "MUJER", "PROVINCIA": "SANTA ELENA", "PARROQUIA": "COLONCHE", "SECTOR": "RURAL", "PLANIFICAC": "633 PRE FABRICADAS", "X": -80.60448, "Y": -2.117183, "CANTON": "SANTA ELENA", "NOMBRE": "MAGALLAN NEIRA CECILIA ESTELA" }, "geometry": { "type": "Point", "coordinates": [ -80.604479828954581, -2.11718288980421 ] } },
{ "type": "Feature", "properties": { "CI": "2400015331", "GENERO": "HOMBRE", "PROVINCIA": "SANTA ELENA", "PARROQUIA": "SAN JOSE DE ANCON", "SECTOR": "RURAL", "PLANIFICAC": "633 PRE FABRICADAS", "X": -80.858302, "Y": -2.285721, "CANTON": "SANTA ELENA", "NOMBRE": "LOPEZ PERERO HENRY BHEKER" }, "geometry": { "type": "Point", "coordinates": [ -80.858301951296582, -2.285721272186603 ] } },
{ "type": "Feature", "properties": { "CI": "1310555949", "GENERO": "MUJER", "PROVINCIA": "MANABI", "PARROQUIA": "SAN PL�CIDO", "SECTOR": "RURAL", "PLANIFICAC": "633 PRE FABRICADAS", "X": -80.21727, "Y": -1.06482, "CANTON": "PORTOVIEJO", "NOMBRE": "CHANCAY ZAMORA DELIA MERCEDES" }, "geometry": { "type": "Point", "coordinates": [ -80.217269997761903, -1.064820002609995 ] } },
{ "type": "Feature", "properties": { "CI": "1307418671", "GENERO": "MUJER", "PROVINCIA": "MANABI", "PARROQUIA": "CONVENTO", "SECTOR": "RURAL", "PLANIFICAC": "633 PRE FABRICADAS", "X": -80.039485, "Y": -0.27534, "CANTON": "CHONE", "NOMBRE": "PARRAGA ALCIVAR NELLY AUXILIADORA" }, "geometry": { "type": "Point", "coordinates": [ -80.039485002452736, -0.275340000386419 ] } },
{ "type": "Feature", "properties": { "CI": "1306668516", "GENERO": "MUJER", "PROVINCIA": "MANABI", "PARROQUIA": "PUEBLO NUEVO", "SECTOR": "RURAL", "PLANIFICAC": "633 PRE FABRICADAS", "X": -80.30807, "Y": -0.98501, "CANTON": "PORTOVIEJO", "NOMBRE": "GUERRERO CEDEÑO MARIA ALICIA" }, "geometry": { "type": "Point", "coordinates": [ -80.308070003291618, -0.985010000662672 ] } },
{ "type": "Feature", "properties": { "CI": "401461959", "GENERO": "MUJER", "PROVINCIA": "CARCHI", "PARROQUIA": "CRISTOBAL COLON- EL EJIDO DEL CAERMEN", "SECTOR": "RURAL", "PLANIFICAC": "633 PRE FABRICADAS", "X": -77.770044, "Y": 0.566439, "CANTON": "MONTUFAR", "NOMBRE": "YANASCUAL MALTE SONIA AMPARO" }, "geometry": { "type": "Point", "coordinates": [ -77.770044000125793, 0.566438988959224 ] } },
{ "type": "Feature", "properties": { "CI": "502359698", "GENERO": "MUJER", "PROVINCIA": "SUCUMBIOS", "PARROQUIA": "PACAYACU", "SECTOR": "RURAL", "PLANIFICAC": "633 PRE FABRICADAS", "X": -76.58829, "Y": 0.04514, "CANTON": "LAGO AGRIO", "NOMBRE": "VEGA VEGA MARIA ROSA" }, "geometry": { "type": "Point", "coordinates": [ -76.588290004868895, 0.045140002613916 ] } },
{ "type": "Feature", "properties": { "CI": "1306784883", "GENERO": "HOMBRE", "PROVINCIA": "MANABI", "PARROQUIA": "CONVENTO", "SECTOR": "RURAL", "PLANIFICAC": "633 PRE FABRICADAS", "X": -80.03465, "Y": -0.2688, "CANTON": "CHONE", "NOMBRE": "BERMELLO VELEZ ANGEL EUDORO" }, "geometry": { "type": "Point", "coordinates": [ -80.03464999904925, -0.268799995895374 ] } },
{ "type": "Feature", "properties": { "CI": "1306120724", "GENERO": "MUJER", "PROVINCIA": "MANABI", "PARROQUIA": "CONVENTO", "SECTOR": "RURAL", "PLANIFICAC": "633 PRE FABRICADAS", "X": -80.03313, "Y": -0.23982, "CANTON": "CHONE", "NOMBRE": "ALCIVAR ZAMBRANO FIDELA ASUNCION" }, "geometry": { "type": "Point", "coordinates": [ -80.033130001558533, -0.239819997498407 ] } },
{ "type": "Feature", "properties": { "CI": "1708920200", "GENERO": "HOMBRE", "PROVINCIA": "MANABI", "PARROQUIA": "WILFRIDO LOOR", "SECTOR": "RURAL", "PLANIFICAC": "633 PRE FABRICADAS", "X": -79.458733, "Y": -0.283538, "CANTON": "EL CARMEN", "NOMBRE": "GUERRERO PASCUAL" }, "geometry": { "type": "Point", "coordinates": [ -79.458733003431945, -0.283537996090856 ] } },
{ "type": "Feature", "properties": { "CI": "1306456839", "GENERO": "HOMBRE", "PROVINCIA": "MANABI", "PARROQUIA": "SANTA RITA", "SECTOR": "RURAL", "PLANIFICAC": "633 PRE FABRICADAS", "X": -80.059433, "Y": -0.673662, "CANTON": "CHONE", "NOMBRE": "MOREIRA MEZA JOSE ANTONIO" }, "geometry": { "type": "Point", "coordinates": [ -80.059433004439938, -0.673661745643352 ] } },
{ "type": "Feature", "properties": { "CI": "1205235144", "GENERO": "MUJER", "PROVINCIA": "MANABI", "PARROQUIA": "ZAPALLO", "SECTOR": "RURAL", "PLANIFICAC": "633 PRE FABRICADAS", "X": -79.926732, "Y": -0.463538, "CANTON": "FLAVIO ALFARO", "NOMBRE": "MOREIRA PARRAGA GINA TERESA" }, "geometry": { "type": "Point", "coordinates": [ -79.926731996686584, -0.463538495967631 ] } },
{ "type": "Feature", "properties": { "CI": "1304813858", "GENERO": "HOMBRE", "PROVINCIA": "MANABI", "PARROQUIA": "CONVENTO", "SECTOR": "RURAL", "PLANIFICAC": "633 PRE FABRICADAS", "X": -80.03829, "Y": -0.27429, "CANTON": "CHONE", "NOMBRE": "MOREIRA TUAREZ ROBERTO URBANO" }, "geometry": { "type": "Point", "coordinates": [ -80.038289995596799, -0.274290003223401 ] } },
{ "type": "Feature", "properties": { "CI": "2450911629", "GENERO": "HOMBRE", "PROVINCIA": "SANTA ELENA", "PARROQUIA": "COLONCHE", "SECTOR": "RURAL", "PLANIFICAC": "633 PRE FABRICADAS", "X": -80.604309, "Y": -2.116975, "CANTON": "SANTA ELENA", "NOMBRE": "NAPA NEIRA ISAIAS JAIR" }, "geometry": { "type": "Point", "coordinates": [ -80.604309021760855, -2.116974765589248 ] } },
{ "type": "Feature", "properties": { "CI": "907695183", "GENERO": "MUJER", "PROVINCIA": "SANTA ELENA", "PARROQUIA": "COLONCHE", "SECTOR": "RURAL", "PLANIFICAC": "633 PRE FABRICADAS", "X": -80.604471, "Y": -2.116703, "CANTON": "SANTA ELENA", "NOMBRE": "NEIRA MALAVE BLANCA ALBINA" }, "geometry": { "type": "Point", "coordinates": [ -80.604470957863214, -2.116703397943289 ] } },
{ "type": "Feature", "properties": { "CI": "915911770", "GENERO": "MUJER", "PROVINCIA": "SANTA ELENA", "PARROQUIA": "COLONCHE", "SECTOR": "RURAL", "PLANIFICAC": "633 PRE FABRICADAS", "X": -80.604255, "Y": -2.117952, "CANTON": "SANTA ELENA", "NOMBRE": "NEIRA MALAVE NEMECIA MAXIMINA" }, "geometry": { "type": "Point", "coordinates": [ -80.604254818132304, -2.117951824760778 ] } },
{ "type": "Feature", "properties": { "CI": "928234921", "GENERO": "HOMBRE", "PROVINCIA": "SANTA ELENA", "PARROQUIA": "COLONCHE", "SECTOR": "RURAL", "PLANIFICAC": "633 PRE FABRICADAS", "X": -80.604309, "Y": -2.117689, "CANTON": "SANTA ELENA", "NOMBRE": "PILAY NEIRA KENNETH HERNAN" }, "geometry": { "type": "Point", "coordinates": [ -80.604308840492493, -2.117689476415729 ] } },
{ "type": "Feature", "properties": { "CI": "2450084179", "GENERO": "HOMBRE", "PROVINCIA": "SANTA ELENA", "PARROQUIA": "SAN JOSE DE ANCON", "SECTOR": "RURAL", "PLANIFICAC": "633 PRE FABRICADAS", "X": -80.857646, "Y": -2.284382, "CANTON": "SANTA ELENA", "NOMBRE": "RICARDO SUAREZ CARLOS FABIAN" }, "geometry": { "type": "Point", "coordinates": [ -80.857645533734853, -2.28438223000173 ] } },
{ "type": "Feature", "properties": { "CI": "701858763", "GENERO": "HOMBRE", "PROVINCIA": "EL ORO", "PARROQUIA": "MALVAS", "SECTOR": "RURAL", "PLANIFICAC": "633 PRE FABRICADAS", "X": -79.618198, "Y": -3.655716, "CANTON": "ZARUMA", "NOMBRE": "ROMAN ROMAN JUAN OSWALDO" }, "geometry": { "type": "Point", "coordinates": [ -79.618198351547306, -3.655716274934385 ] } },
{ "type": "Feature", "properties": { "CI": "1710092774", "GENERO": "MUJER", "PROVINCIA": "IMBABURA", "PARROQUIA": "GARCIA MORENO", "SECTOR": "RURAL", "PLANIFICAC": "633 PRE FABRICADAS", "X": -78.998701, "Y": 0.263657, "CANTON": "COTACACHI", "NOMBRE": "SAN MARTIN RAMON ROSA ELVIRA" }, "geometry": { "type": "Point", "coordinates": [ -78.998701001403049, 0.263657012567632 ] } },
{ "type": "Feature", "properties": { "CI": "1312165580", "GENERO": "MUJER", "PROVINCIA": "MANABI", "PARROQUIA": "CONVENTO", "SECTOR": "RURAL", "PLANIFICAC": "633 PRE FABRICADAS", "X": -80.03353, "Y": -0.26833, "CANTON": "CHONE", "NOMBRE": "TORRES ZAMBRANO YESENIA MARISELA" }, "geometry": { "type": "Point", "coordinates": [ -80.033530003855546, -0.268330002364452 ] } },
{ "type": "Feature", "properties": { "CI": "1304093105", "GENERO": "MUJER", "PROVINCIA": "SANTA ELENA", "PARROQUIA": "SAN JOSE DE ANCON", "SECTOR": "RURAL", "PLANIFICAC": "633 PRE FABRICADAS", "X": -80.860299, "Y": -2.284862, "CANTON": "SANTA ELENA", "NOMBRE": "UTRERA RODRIGUEZ CECILIA GENOVEVA" }, "geometry": { "type": "Point", "coordinates": [ -80.860298664231848, -2.284861990388253 ] } },
{ "type": "Feature", "properties": { "CI": "1307260180", "GENERO": "HOMBRE", "PROVINCIA": "MANABI", "PARROQUIA": "WILFRIDO LOOR(MAICITO)", "SECTOR": "RURAL", "PLANIFICAC": "633 PRE FABRICADAS", "X": -79.681241, "Y": -0.393648, "CANTON": "EL CARMEN", "NOMBRE": "ZAMBRANO CORTEZ ROSENDO EVARISTO" }, "geometry": { "type": "Point", "coordinates": [ -79.681241000313179, -0.393647995926707 ] } },
{ "type": "Feature", "properties": { "CI": "919477323", "GENERO": "MUJER", "PROVINCIA": "SANTA ELENA", "PARROQUIA": "SAN JOSE DE ANCON", "SECTOR": "RURAL", "PLANIFICAC": "633 PRE FABRICADAS", "X": -80.856791, "Y": -2.285531, "CANTON": "SANTA ELENA", "NOMBRE": "TOMALA CHANCAY MARIA LORENA" }, "geometry": { "type": "Point", "coordinates": [ -80.856791007098423, -2.285531131515475 ] } },
{ "type": "Feature", "properties": { "CI": "1001334786", "GENERO": "HOMBRE", "PROVINCIA": "IMBABURA", "PARROQUIA": null, "SECTOR": null, "PLANIFICAC": "633 PRE FABRICADAS", "X": -78.261196, "Y": 0.310628, "CANTON": "COTACACHI", "NOMBRE": "PERUGACHI ORBES JOSE FRANCISCO" }, "geometry": { "type": "Point", "coordinates": [ -78.261196004118005, 0.31062793097123 ] } },
{ "type": "Feature", "properties": { "CI": "2100793344", "GENERO": "HOMBRE", "PROVINCIA": "SUCUMBIOS", "PARROQUIA": "TARAPOA", "SECTOR": "URBANO", "PLANIFICAC": "613 BIRF", "X": -76.450902, "Y": -0.095654, "CANTON": "CUYABENO", "NOMBRE": "VERDESOTO MERA DIOGENES PABLO" }, "geometry": { "type": "Point", "coordinates": [ -76.450901650738984, -0.095654439983272 ] } },
{ "type": "Feature", "properties": { "CI": "1101108916", "GENERO": "HOMBRE", "PROVINCIA": "SUCUMBIOS", "PARROQUIA": "TARAPOA", "SECTOR": "URBANO", "PLANIFICAC": "613 BIRF", "X": -76.411647, "Y": -0.066492, "CANTON": "CUYABENO", "NOMBRE": "TORRES MANUEL TOMAS" }, "geometry": { "type": "Point", "coordinates": [ -76.411646596996576, -0.066491683224216 ] } },
{ "type": "Feature", "properties": { "CI": "2200173520", "GENERO": "MUJER", "PROVINCIA": "NAPO", "PARROQUIA": "TENA", "SECTOR": "RURAL", "PLANIFICAC": "633 PRE FABRICADAS", "X": -77.749649, "Y": -0.956606, "CANTON": "TENA", "NOMBRE": "PAUCHI TANGUILA GLADYS LUZVENIA" }, "geometry": { "type": "Point", "coordinates": [ -77.749648556080416, -0.956606437233422 ] } },
{ "type": "Feature", "properties": { "CI": "1305023036", "GENERO": "MUJER", "PROVINCIA": "NAPO", "PARROQUIA": "SAN JUAN DE MUYUNA", "SECTOR": "RURAL", "PLANIFICAC": "633 PRE FABRICADAS", "X": -77.846937, "Y": -0.977111, "CANTON": "TENA", "NOMBRE": "VALENCIA ZAMBRANO COLOMBIA BIENVENIDA" }, "geometry": { "type": "Point", "coordinates": [ -77.846936763839423, -0.977110763274169 ] } },
{ "type": "Feature", "properties": { "CI": "1205450792", "GENERO": "MUJER", "PROVINCIA": "LOS RIOS", "PARROQUIA": "LA ESPERANZA", "SECTOR": "RURAL", "PLANIFICAC": "633 PRE FABRICADAS", "X": -79.482537, "Y": -1.071939, "CANTON": "QUEVEDO", "NOMBRE": "RUIZ BRAVO JESSENIA ALEXANDRA" }, "geometry": { "type": "Point", "coordinates": [ -79.482537052216884, -1.071939022884753 ] } },
{ "type": "Feature", "properties": { "CI": "1207170596", "GENERO": "MUJER", "PROVINCIA": "LOS RIOS", "PARROQUIA": "RICAURTE", "SECTOR": "RURAL", "PLANIFICAC": "633 PRE FABRICADAS", "X": -79.43033, "Y": -1.521186, "CANTON": "URDANETA", "NOMBRE": "LIMONES SATURNO DANIELA CRISTINA" }, "geometry": { "type": "Point", "coordinates": [ -79.430329987124921, -1.521186024131377 ] } },
{ "type": "Feature", "properties": { "CI": "1206275941", "GENERO": "MUJER", "PROVINCIA": "LOS RIOS", "PARROQUIA": "RICAURTE", "SECTOR": "RURAL", "PLANIFICAC": "200 BID", "X": -79.329635, "Y": -1.05583, "CANTON": "URDANETA", "NOMBRE": "CHOQUICONDOR ANGAMARCA CARMEN GRIMANEZA" }, "geometry": { "type": "Point", "coordinates": [ -79.329634519348787, -1.055829952077824 ] } },
{ "type": "Feature", "properties": { "CI": "1201792361", "GENERO": "HOMBRE", "PROVINCIA": "LOS RIOS", "PARROQUIA": "ZAPOTAL", "SECTOR": "RURAL", "PLANIFICAC": "200 BID", "X": -79.428148, "Y": -1.331059, "CANTON": "VENTANAS", "NOMBRE": "ORTIZ VERGARA GILBERTO EMEREGILDO" }, "geometry": { "type": "Point", "coordinates": [ -79.428147594139091, -1.331058882013364 ] } },
{ "type": "Feature", "properties": { "CI": "1310327455", "GENERO": "HOMBRE", "PROVINCIA": "MANABI", "PARROQUIA": "CHARAPOTO", "SECTOR": "RURAL", "PLANIFICAC": "200 BID", "X": -80.464968, "Y": -0.854888, "CANTON": "SUCRE", "NOMBRE": "CAGUA MORALES CESAR AUGUSTO" }, "geometry": { "type": "Point", "coordinates": [ -80.464967586996977, -0.854887750684597 ] } },
{ "type": "Feature", "properties": { "CI": "1710116367", "GENERO": "HOMBRE", "PROVINCIA": "CHIMBORAZO", "PARROQUIA": "SICALPA", "SECTOR": "RURAL", "PLANIFICAC": "200 BID", "X": -78.751602, "Y": -1.809059, "CANTON": "COLTA", "NOMBRE": "VIÑAN CABA MATÍAS" }, "geometry": { "type": "Point", "coordinates": [ -78.751602436663291, -1.809058673830124 ] } },
{ "type": "Feature", "properties": { "CI": "1205299470", "GENERO": "MUJER", "PROVINCIA": "LOS RIOS", "PARROQUIA": "MOCACHE", "SECTOR": "RURAL", "PLANIFICAC": "200 BID", "X": -79.60989, "Y": -1.126092, "CANTON": "MOCACHE", "NOMBRE": "COELLO LEON LEONOR MARISOL" }, "geometry": { "type": "Point", "coordinates": [ -79.609890264772019, -1.126091623850466 ] } },
{ "type": "Feature", "properties": { "CI": "1102610654", "GENERO": "MUJER", "PROVINCIA": "LOJA", "PARROQUIA": "SAN PEDRO DE LA BENDITA", "SECTOR": "RURAL", "PLANIFICAC": "200 BID", "X": -79.436926, "Y": -3.940588, "CANTON": "CATAMAYO", "NOMBRE": "CONDO MEDINA DOLORES MARGARITA" }, "geometry": { "type": "Point", "coordinates": [ -79.436926118113504, -3.940588244006621 ] } },
{ "type": "Feature", "properties": { "CI": "2100629365", "GENERO": "MUJER", "PROVINCIA": "SUCUMBIOS", "PARROQUIA": "7 DE JULIO", "SECTOR": "RURAL", "PLANIFICAC": "200 BID", "X": -76.779087, "Y": -0.16667, "CANTON": "SHUSHUFINDI", "NOMBRE": "NARANJO LLUMIGUANO SANDRA GALUTH" }, "geometry": { "type": "Point", "coordinates": [ -76.779086652639123, -0.166670140036721 ] } },
{ "type": "Feature", "properties": { "CI": "1709107468", "GENERO": "HOMBRE", "PROVINCIA": "ESMERALDAS", "PARROQUIA": "CHURA", "SECTOR": "RURAL", "PLANIFICAC": "200 BID", "X": -79.49041, "Y": 0.63309, "CANTON": "QUININDE", "NOMBRE": "VERNAZA SALTO WELINTON WOSBALDO" }, "geometry": { "type": "Point", "coordinates": [ -79.49040954032391, 0.633090432388999 ] } },
{ "type": "Feature", "properties": { "CI": "1317031498", "GENERO": "MUJER", "PROVINCIA": "MANABI", "PARROQUIA": "MONTECRISTI", "SECTOR": "RURAL", "PLANIFICAC": "200 BID", "X": -80.686683, "Y": -1.018186, "CANTON": "MONTECRISTI", "NOMBRE": "QUIMIS TUBAY KENIA JAMILETH" }, "geometry": { "type": "Point", "coordinates": [ -80.686683398367151, -1.018186378545847 ] } },
{ "type": "Feature", "properties": { "CI": "1312745464", "GENERO": "MUJER", "PROVINCIA": "MANABI", "PARROQUIA": "JUNIN", "SECTOR": "RURAL", "PLANIFICAC": "200 BID", "X": -80.164421, "Y": -0.899541, "CANTON": "JUNIN", "NOMBRE": "MOLINA VELEZ NELLY GEOCONDA" }, "geometry": { "type": "Point", "coordinates": [ -80.164420607132868, -0.899540694352887 ] } },
{ "type": "Feature", "properties": { "CI": "1312657495", "GENERO": "HOMBRE", "PROVINCIA": "MANABI", "PARROQUIA": "CHARAPOTO", "SECTOR": "RURAL", "PLANIFICAC": "200 BID", "X": -80.379579, "Y": -0.856838, "CANTON": "SUCRE", "NOMBRE": "CONFORME SALAZAR FABIAN ANTONIO" }, "geometry": { "type": "Point", "coordinates": [ -80.379579120028652, -0.856837966024374 ] } },
{ "type": "Feature", "properties": { "CI": "1002031464", "GENERO": "MUJER", "PROVINCIA": "SUCUMBIOS", "PARROQUIA": "PACAYACU", "SECTOR": "RURAL", "PLANIFICAC": "200 BID", "X": -76.567879, "Y": 0.212905, "CANTON": "LAGO AGRIO", "NOMBRE": "RAMIREZ IZQUIERDO MERI CARMITA" }, "geometry": { "type": "Point", "coordinates": [ -76.567879380615864, 0.212904544998345 ] } },
{ "type": "Feature", "properties": { "CI": "1312295981", "GENERO": "MUJER", "PROVINCIA": "MANABI", "PARROQUIA": "CHARAPOTO", "SECTOR": "RURAL", "PLANIFICAC": "200 BID", "X": -80.473299, "Y": -0.85383, "CANTON": "SUCRE", "NOMBRE": "CATAGUA PEREZ CECILIA CAROLINA" }, "geometry": { "type": "Point", "coordinates": [ -80.47329900725552, -0.853830421752367 ] } },
{ "type": "Feature", "properties": { "CI": "1101881504", "GENERO": "HOMBRE", "PROVINCIA": "SUCUMBIOS", "PARROQUIA": "PACAYACU", "SECTOR": "RURAL", "PLANIFICAC": "200 BID", "X": -76.563613, "Y": 0.0902, "CANTON": "LAGO AGRIO", "NOMBRE": "PALADINES PASACA CESAR ALCIVAR" }, "geometry": { "type": "Point", "coordinates": [ -76.563613204298548, 0.090200234013697 ] } },
{ "type": "Feature", "properties": { "CI": "2200205561", "GENERO": "MUJER", "PROVINCIA": "ORELLANA", "PARROQUIA": "ENOKANKI", "SECTOR": "RURAL", "PLANIFICAC": "200 BID", "X": -76.896783, "Y": -0.484798, "CANTON": "LA JOYA DE LOS SACHAS", "NOMBRE": "ALAY SINMALEZA ALICIA MARIUXI" }, "geometry": { "type": "Point", "coordinates": [ -76.896783257725104, -0.484798357999809 ] } },
{ "type": "Feature", "properties": { "CI": "1203748858", "GENERO": "HOMBRE", "PROVINCIA": "LOS RIOS", "PARROQUIA": "VENTANAS", "SECTOR": "RURAL", "PLANIFICAC": "200 BID", "X": -79.525576, "Y": -1.055966, "CANTON": "VENTANAS", "NOMBRE": "ROSADO SUAREZ PABLO GIOVANNY" }, "geometry": { "type": "Point", "coordinates": [ -79.525576150813251, -1.05596589617337 ] } },
{ "type": "Feature", "properties": { "CI": "1206573261", "GENERO": "MUJER", "PROVINCIA": "LOS RIOS", "PARROQUIA": "MOCACHE", "SECTOR": "RURAL", "PLANIFICAC": "200 BID", "X": -79.545678, "Y": -1.231635, "CANTON": "MOCACHE", "NOMBRE": "SEVILLANO LOPEZ MARIBEL ROCIO" }, "geometry": { "type": "Point", "coordinates": [ -79.545677696607896, -1.231634712300188 ] } },
{ "type": "Feature", "properties": { "CI": "1308061397", "GENERO": "HOMBRE", "PROVINCIA": "LOS RIOS", "PARROQUIA": "MOCACHE", "SECTOR": "RURAL", "PLANIFICAC": "200 BID", "X": -79.61899, "Y": -1.132454, "CANTON": "MOCACHE", "NOMBRE": "LOPEZ TORRES NICOLAS ENRIQUE" }, "geometry": { "type": "Point", "coordinates": [ -79.618989905228574, -1.13245435593155 ] } },
{ "type": "Feature", "properties": { "CI": "1314840214", "GENERO": "MUJER", "PROVINCIA": "MANABI", "PARROQUIA": "CHARAPOTO", "SECTOR": "RURAL", "PLANIFICAC": "200 BID", "X": -80.470927, "Y": -0.852699, "CANTON": "SUCRE", "NOMBRE": "ESMERALDA VILLAVICENCIO MARIANA MONSERRATE" }, "geometry": { "type": "Point", "coordinates": [ -80.470926500081291, -0.852699230678504 ] } },
{ "type": "Feature", "properties": { "CI": "1205123100", "GENERO": "MUJER", "PROVINCIA": "SUCUMBIOS", "PARROQUIA": "EL ENO", "SECTOR": "RURAL", "PLANIFICAC": "200 BID", "X": -76.832946, "Y": -0.003545, "CANTON": "LAGO AGRIO", "NOMBRE": "RAMIREZ VINCES JENNY MARIBEL" }, "geometry": { "type": "Point", "coordinates": [ -76.832945768620789, -0.003544777884748 ] } },
{ "type": "Feature", "properties": { "CI": "1310142128", "GENERO": "HOMBRE", "PROVINCIA": "MANABI", "PARROQUIA": "CHARAPOTO", "SECTOR": "RURAL", "PLANIFICAC": "200 BID", "X": -80.465858, "Y": -0.851848, "CANTON": "SUCRE", "NOMBRE": "CHUMO MENENDEZ PATRICIO RAFAEL" }, "geometry": { "type": "Point", "coordinates": [ -80.465857753683224, -0.851848117725955 ] } },
{ "type": "Feature", "properties": { "CI": "1205007337", "GENERO": "MUJER", "PROVINCIA": "LOS RIOS", "PARROQUIA": "MOCACHE", "SECTOR": "RURAL", "PLANIFICAC": "200 BID", "X": -79.591233, "Y": -1.204191, "CANTON": "MOCACHE", "NOMBRE": "BUSTAMANTE BURGOS JENNY ADELINA" }, "geometry": { "type": "Point", "coordinates": [ -79.591232937605, -1.204191128426792 ] } },
{ "type": "Feature", "properties": { "CI": "1205464264", "GENERO": "MUJER", "PROVINCIA": "LOS RIOS", "PARROQUIA": "ZAPOTAL", "SECTOR": "RURAL", "PLANIFICAC": "200 BID", "X": -79.457513, "Y": -1.388796, "CANTON": "VENTANAS", "NOMBRE": "FRANCO PALACIOS LORENA VANESSA" }, "geometry": { "type": "Point", "coordinates": [ -79.457512530231043, -1.38879613479256 ] } },
{ "type": "Feature", "properties": { "CI": "2100453444", "GENERO": "MUJER", "PROVINCIA": "SUCUMBIOS", "PARROQUIA": "SANTA CECILIA", "SECTOR": "RURAL", "PLANIFICAC": "200 BID", "X": -76.966291, "Y": 0.086423, "CANTON": "LAGO AGRIO", "NOMBRE": "FLORES MONTENEGRO SILVIA JANETH" }, "geometry": { "type": "Point", "coordinates": [ -76.966291418480907, 0.086422908540871 ] } },
{ "type": "Feature", "properties": { "CI": "1207551977", "GENERO": "HOMBRE", "PROVINCIA": "LOS RIOS", "PARROQUIA": "VINCES", "SECTOR": "RURAL", "PLANIFICAC": "200 BID", "X": -79.850626, "Y": -1.52805, "CANTON": "VINCES", "NOMBRE": "MORAN MORAN MARCOS JAVIER" }, "geometry": { "type": "Point", "coordinates": [ -79.850625943195141, -1.528049629308459 ] } },
{ "type": "Feature", "properties": { "CI": "1307179083", "GENERO": "MUJER", "PROVINCIA": "MANABI", "PARROQUIA": "CHARAPOTO", "SECTOR": "RURAL", "PLANIFICAC": "200 BID", "X": -80.462514, "Y": -0.851784, "CANTON": "SUCRE", "NOMBRE": "MERO PIGUAVE MARIA VIOLETA" }, "geometry": { "type": "Point", "coordinates": [ -80.462514472512623, -0.851784321557531 ] } },
{ "type": "Feature", "properties": { "CI": "1311041535", "GENERO": "HOMBRE", "PROVINCIA": "MANABI", "PARROQUIA": "CHARAPOTO", "SECTOR": "RURAL", "PLANIFICAC": "200 BID", "X": -80.495762, "Y": -0.83004, "CANTON": "SUCRE", "NOMBRE": "RAMIREZ DEMERA RENE RICARDO" }, "geometry": { "type": "Point", "coordinates": [ -80.495761508044808, -0.830039997041835 ] } },
{ "type": "Feature", "properties": { "CI": "2100656335", "GENERO": "HOMBRE", "PROVINCIA": "SUCUMBIOS", "PARROQUIA": "10 DE AGOSTO", "SECTOR": "RURAL", "PLANIFICAC": "200 BID", "X": -76.875724, "Y": 0.148522, "CANTON": "LAGO AGRIO", "NOMBRE": "CUELLAR NARVAEZ ERMINSON" }, "geometry": { "type": "Point", "coordinates": [ -76.875724306611474, 0.148521966856999 ] } },
{ "type": "Feature", "properties": { "CI": "2100224597", "GENERO": "MUJER", "PROVINCIA": "SUCUMBIOS", "PARROQUIA": "EL ENO", "SECTOR": "RURAL", "PLANIFICAC": "200 BID", "X": -76.847578, "Y": -0.036179, "CANTON": "LAGO AGRIO", "NOMBRE": "ARMIJO PAREDES SOÑA MARIA" }, "geometry": { "type": "Point", "coordinates": [ -76.847577895687934, -0.036179427618259 ] } },
{ "type": "Feature", "properties": { "CI": "1103159891", "GENERO": "MUJER", "PROVINCIA": "SUCUMBIOS", "PARROQUIA": "SANTA CECILIA", "SECTOR": "RURAL", "PLANIFICAC": "200 BID", "X": -76.942931, "Y": 0.096262, "CANTON": "LAGO AGRIO", "NOMBRE": "CRUZ SACA BERTHA MERCEDES" }, "geometry": { "type": "Point", "coordinates": [ -76.942931090535438, 0.096261875380754 ] } },
{ "type": "Feature", "properties": { "CI": "2100507181", "GENERO": "MUJER", "PROVINCIA": "SUCUMBIOS", "PARROQUIA": "SAN PEDRO DE LOS COFANES", "SECTOR": "RURAL", "PLANIFICAC": "200 BID", "X": -76.793843, "Y": -0.234879, "CANTON": "SHUSHUFINDI", "NOMBRE": "SUAREZ SOSA DEISY MARILU" }, "geometry": { "type": "Point", "coordinates": [ -76.793843147622212, -0.234879049692077 ] } },
{ "type": "Feature", "properties": { "CI": "1208002350", "GENERO": "MUJER", "PROVINCIA": "LOS RIOS", "PARROQUIA": "VENTANAS", "SECTOR": "RURAL", "PLANIFICAC": "200 BID", "X": -79.496192, "Y": -1.426825, "CANTON": "VENTANAS", "NOMBRE": "SELLAN VILLAMAR KERLY TAMARA" }, "geometry": { "type": "Point", "coordinates": [ -79.496191621573914, -1.426824638543533 ] } },
{ "type": "Feature", "properties": { "CI": "1204804759", "GENERO": "MUJER", "PROVINCIA": "LOS RIOS", "PARROQUIA": "ISLA DE BEJUCAL", "SECTOR": "RURAL", "PLANIFICAC": "200 BID", "X": -79.578837, "Y": -1.064804, "CANTON": "BABA", "NOMBRE": "GARCIA GOMEZ MATILDE GRACIELA" }, "geometry": { "type": "Point", "coordinates": [ -79.578836977210813, -1.064804148089553 ] } },
{ "type": "Feature", "properties": { "CI": "1304930173", "GENERO": "MUJER", "PROVINCIA": "MANABI", "PARROQUIA": "LODANA", "SECTOR": "RURAL", "PLANIFICAC": "200 BID", "X": -80.461565, "Y": -1.21024, "CANTON": "SANTA ANA", "NOMBRE": "CASTRO BOZADA MARIA ASUNCION" }, "geometry": { "type": "Point", "coordinates": [ -80.461564510812423, -1.210239749268506 ] } },
{ "type": "Feature", "properties": { "CI": "2100586888", "GENERO": "MUJER", "PROVINCIA": "SUCUMBIOS", "PARROQUIA": "NUEVA LOJA", "SECTOR": "RURAL", "PLANIFICAC": "200 BID", "X": -76.92682, "Y": 0.123091, "CANTON": "LAGO AGRIO", "NOMBRE": "MACIAS OBANDO MERCEDES ASUNCION" }, "geometry": { "type": "Point", "coordinates": [ -76.926819780741397, 0.123090918224762 ] } },
{ "type": "Feature", "properties": { "CI": "1206411678", "GENERO": "MUJER", "PROVINCIA": "LOS RIOS", "PARROQUIA": "VENTANAS", "SECTOR": "RURAL", "PLANIFICAC": "200 BID", "X": -79.490922, "Y": -1.472964, "CANTON": "VENTANAS", "NOMBRE": "VELASQUEZ PACHECO MAIRA YADIRA" }, "geometry": { "type": "Point", "coordinates": [ -79.490921995074174, -1.472964166452044 ] } },
{ "type": "Feature", "properties": { "CI": "2150005730", "GENERO": "MUJER", "PROVINCIA": "SUCUMBIOS", "PARROQUIA": "SANTA CECILIA", "SECTOR": "RURAL", "PLANIFICAC": "200 BID", "X": -76.950323, "Y": 0.100005, "CANTON": "LAGO AGRIO", "NOMBRE": "FALCON SERRANO ANA JHOJAIRA" }, "geometry": { "type": "Point", "coordinates": [ -76.950323088292578, 0.100004890326531 ] } },
{ "type": "Feature", "properties": { "CI": "1400203269", "GENERO": "MUJER", "PROVINCIA": "MORONA SANTIAGO", "PARROQUIA": "CHIGUAZA", "SECTOR": "RURAL", "PLANIFICAC": "200 BID", "X": -77.956885, "Y": -2.036282, "CANTON": "HUAMBOYA", "NOMBRE": "JIMPIKIT MAMAT PAULA" }, "geometry": { "type": "Point", "coordinates": [ -77.9568849502989, -2.036282005076008 ] } },
{ "type": "Feature", "properties": { "CI": "2100905849", "GENERO": "MUJER", "PROVINCIA": "SUCUMBIOS", "PARROQUIA": "SANTA CECILIA", "SECTOR": "RURAL", "PLANIFICAC": "200 BID", "X": -76.959286, "Y": 0.088494, "CANTON": "LAGO AGRIO", "NOMBRE": "ARPI SALAZAR RUTH JESSENIA" }, "geometry": { "type": "Point", "coordinates": [ -76.959285949316978, 0.088493861464921 ] } },
{ "type": "Feature", "properties": { "CI": "1203781404", "GENERO": "MUJER", "PROVINCIA": "LOS RIOS", "PARROQUIA": "ZAPOTAL", "SECTOR": "RURAL", "PLANIFICAC": "200 BID", "X": -79.463453, "Y": -1.055908, "CANTON": "VENTANAS", "NOMBRE": "CONTRERAS SANTILLAN MAGDALENA ELVA" }, "geometry": { "type": "Point", "coordinates": [ -79.463452907657881, -1.055908477656702 ] } },
{ "type": "Feature", "properties": { "CI": "2100475736", "GENERO": "MUJER", "PROVINCIA": "SUCUMBIOS", "PARROQUIA": "PACAYACU", "SECTOR": "RURAL", "PLANIFICAC": "200 BID", "X": -76.564739, "Y": -0.050212, "CANTON": "LAGO AGRIO", "NOMBRE": "CHAVEZ QUINTANA ELENA MAGALY" }, "geometry": { "type": "Point", "coordinates": [ -76.564738997572405, -0.050211841436681 ] } },
{ "type": "Feature", "properties": { "CI": "1207943513", "GENERO": "HOMBRE", "PROVINCIA": "LOS RIOS", "PARROQUIA": "MONTALVO", "SECTOR": "RURAL", "PLANIFICAC": "200 BID", "X": -79.329149, "Y": -1.062745, "CANTON": "MONTALVO", "NOMBRE": "BOSQUEZ ANDRADE DAVID VINICIO" }, "geometry": { "type": "Point", "coordinates": [ -79.329148834569082, -1.062744925899732 ] } },
{ "type": "Feature", "properties": { "CI": "2100204771", "GENERO": "HOMBRE", "PROVINCIA": "SUCUMBIOS", "PARROQUIA": "10 DE AGOSTO", "SECTOR": "RURAL", "PLANIFICAC": "200 BID", "X": -76.966714, "Y": 0.265824, "CANTON": "LAGO AGRIO", "NOMBRE": "APOLO GRANDA FRANCO ANTONIO" }, "geometry": { "type": "Point", "coordinates": [ -76.966714367446642, 0.26582425480045 ] } },
{ "type": "Feature", "properties": { "CI": "1307162634", "GENERO": "MUJER", "PROVINCIA": "MANABI", "PARROQUIA": "JIPIJAPA", "SECTOR": "RURAL", "PLANIFICAC": "200 BID", "X": -80.565799, "Y": -1.344634, "CANTON": "JIPIJAPA", "NOMBRE": "JASCA BAQUE PASCUALA GLORIA" }, "geometry": { "type": "Point", "coordinates": [ -80.565798546977845, -1.344633756144923 ] } },
{ "type": "Feature", "properties": { "CI": "1312934423", "GENERO": "HOMBRE", "PROVINCIA": "MANABI", "PARROQUIA": "CHARAPOTO", "SECTOR": "RURAL", "PLANIFICAC": "200 BID", "X": -80.471394, "Y": -0.851948, "CANTON": "SUCRE", "NOMBRE": "CONFORME REINA JOSE HILARIO" }, "geometry": { "type": "Point", "coordinates": [ -80.471393944697141, -0.851948402104941 ] } },
{ "type": "Feature", "properties": { "CI": "1309091534", "GENERO": "HOMBRE", "PROVINCIA": "MANABI", "PARROQUIA": "CHARAPOTO", "SECTOR": "RURAL", "PLANIFICAC": "200 BID", "X": -80.467996, "Y": -0.855503, "CANTON": "SUCRE", "NOMBRE": "MOREIRA LOPEZ FELIX ALFONSO" }, "geometry": { "type": "Point", "coordinates": [ -80.467996238912008, -0.855503363524576 ] } },
{ "type": "Feature", "properties": { "CI": "1711556165", "GENERO": "HOMBRE", "PROVINCIA": "SUCUMBIOS", "PARROQUIA": "SIETE DE JULIO", "SECTOR": "RURAL", "PLANIFICAC": "200 BID", "X": -76.787849, "Y": -0.214569, "CANTON": "SHUSHUFINDI", "NOMBRE": "BOZADA MIRANDA RAMON HERNANDO" }, "geometry": { "type": "Point", "coordinates": [ -76.787849441608614, -0.214569453394783 ] } },
{ "type": "Feature", "properties": { "CI": "1207339340", "GENERO": "HOMBRE", "PROVINCIA": "LOS RIOS", "PARROQUIA": "LA ESPERANZA", "SECTOR": "RURAL", "PLANIFICAC": "200 BID", "X": -79.423323, "Y": -0.970478, "CANTON": "QUEVEDO", "NOMBRE": "LOAIZA FRANCO SERGIO MAXIMILIANO" }, "geometry": { "type": "Point", "coordinates": [ -79.423322611304627, -0.97047823377677 ] } },
{ "type": "Feature", "properties": { "CI": "1205076712", "GENERO": "HOMBRE", "PROVINCIA": "LOS RIOS", "PARROQUIA": "BABA", "SECTOR": "RURAL", "PLANIFICAC": "200 BID", "X": -79.683456, "Y": -1.780946, "CANTON": "BABA", "NOMBRE": "PIZA VINCES WALTER EMILIO" }, "geometry": { "type": "Point", "coordinates": [ -79.683456371007068, -1.780946224607416 ] } },
{ "type": "Feature", "properties": { "CI": "1726491978", "GENERO": "MUJER", "PROVINCIA": "LOS RIOS", "PARROQUIA": "VENTANAS", "SECTOR": "RURAL", "PLANIFICAC": "200 BID", "X": -79.492029, "Y": -1.471156, "CANTON": "VENTANAS", "NOMBRE": "GAMARRA CONTRERAS GENESIS SILVANA" }, "geometry": { "type": "Point", "coordinates": [ -79.4920285576342, -1.471156099635299 ] } },
{ "type": "Feature", "properties": { "CI": "2100086079", "GENERO": "FEMENINO", "PROVINCIA": "SUCUMBIOS", "PARROQUIA": "SIETE DE JULIO", "SECTOR": "RURAL", "PLANIFICAC": "200 BID", "X": -76.800571, "Y": -0.153963, "CANTON": "SHUSHUFINDI", "NOMBRE": "HERNANDEZ VILLAGOMEZ BEATRIZ MARGODT" }, "geometry": { "type": "Point", "coordinates": [ -76.800571421345794, -0.153963006896016 ] } },
{ "type": "Feature", "properties": { "CI": "1206452581", "GENERO": "MUJER", "PROVINCIA": "LOS RIOS", "PARROQUIA": "LA UNION", "SECTOR": "RURAL", "PLANIFICAC": "200 BID", "X": -79.416869, "Y": -1.668051, "CANTON": "BABAHOYO", "NOMBRE": "SANCHEZ PERALTA KATHERINE VALERIANA" }, "geometry": { "type": "Point", "coordinates": [ -79.416869446686462, -1.668050756125387 ] } },
{ "type": "Feature", "properties": { "CI": "1305931246", "GENERO": "HOMBRE", "PROVINCIA": "MANABI", "PARROQUIA": "JUNIN", "SECTOR": "RURAL", "PLANIFICAC": "200 BID", "X": -80.308917, "Y": -0.931967, "CANTON": "JUNIN", "NOMBRE": "MEDINA ZAMBRANO ORLEY IGNACIO" }, "geometry": { "type": "Point", "coordinates": [ -80.308917058238279, -0.931967094801047 ] } },
{ "type": "Feature", "properties": { "CI": "1706750609", "GENERO": "HOMBRE", "PROVINCIA": "SUCUMBIOS", "PARROQUIA": "EL ENO", "SECTOR": "RURAL", "PLANIFICAC": "200 BID", "X": -76.847578, "Y": -0.036179, "CANTON": "LAGO AGRIO", "NOMBRE": "PIÑA MONCAYO MANUEL RIGOBERTO" }, "geometry": { "type": "Point", "coordinates": [ -76.847577895687934, -0.036179427618259 ] } },
{ "type": "Feature", "properties": { "CI": "1315519593", "GENERO": "MUJER", "PROVINCIA": "MANABI", "PARROQUIA": "FLAVIO ALFARO", "SECTOR": "RURAL", "PLANIFICAC": "200 BID", "X": -79.936552, "Y": -0.405005, "CANTON": "FLAVIO ALFARO", "NOMBRE": "ZAMBRANO MENDOZA GISSELLE ESTHEFANIA" }, "geometry": { "type": "Point", "coordinates": [ -79.936552361119951, -0.40500506858091 ] } },
{ "type": "Feature", "properties": { "CI": "1105430340", "GENERO": "MUJER", "PROVINCIA": "SUCUMBIOS", "PARROQUIA": "7 DE JULIO", "SECTOR": "RURAL", "PLANIFICAC": "200 BID", "X": -76.793962, "Y": -0.174138, "CANTON": "SHUSHUFINDI", "NOMBRE": "ERIQUE ENCARNACIÓN DIGNA JACKELINE" }, "geometry": { "type": "Point", "coordinates": [ -76.793962233215353, -0.174138168030361 ] } },
{ "type": "Feature", "properties": { "CI": "2100721949", "GENERO": "MUJER", "PROVINCIA": "SUCUMBIOS", "PARROQUIA": "EL ENO", "SECTOR": "RURAL", "PLANIFICAC": "200 BID", "X": -76.771526, "Y": -0.060922, "CANTON": "LAGO AGRIO", "NOMBRE": "ESTRADA ARMIJO DIANA CECILIA" }, "geometry": { "type": "Point", "coordinates": [ -76.771525969775368, -0.060922493150454 ] } },
{ "type": "Feature", "properties": { "CI": "1205587528", "GENERO": "MUJER", "PROVINCIA": "LOS RIOS", "PARROQUIA": "SAN JUAN", "SECTOR": "RURAL", "PLANIFICAC": "200 BID", "X": -79.567856, "Y": -1.634702, "CANTON": "PUEBLOVIEJO", "NOMBRE": "SANTILLAN OLIVO CARMEN GARDENIA" }, "geometry": { "type": "Point", "coordinates": [ -79.567856201861517, -1.634702106438275 ] } },
{ "type": "Feature", "properties": { "CI": "1312125477", "GENERO": "MUJER", "PROVINCIA": "LOS RIOS", "PARROQUIA": "MOCACHE", "SECTOR": "RURAL", "PLANIFICAC": "200 BID", "X": -79.682769, "Y": -1.178206, "CANTON": "MOCACHE", "NOMBRE": "DE LA CRUZ MERCEDES" }, "geometry": { "type": "Point", "coordinates": [ -79.682769321128532, -1.178206063908012 ] } },
{ "type": "Feature", "properties": { "CI": "2100474895", "GENERO": "MUJER", "PROVINCIA": "SUCUMBIOS", "PARROQUIA": "SANTA CECILIA", "SECTOR": "RURAL", "PLANIFICAC": "200 BID", "X": -76.930668, "Y": 0.174486, "CANTON": "LAGO AGRIO", "NOMBRE": "PANTOJA VELEZ ROSA ELENA" }, "geometry": { "type": "Point", "coordinates": [ -76.930668427525987, 0.174486178817814 ] } },
{ "type": "Feature", "properties": { "CI": "1705515698", "GENERO": "HOMBRE", "PROVINCIA": "SUCUMBIOS", "PARROQUIA": "GRAL. FARFAN", "SECTOR": "RURAL", "PLANIFICAC": "200 BID", "X": -76.794776, "Y": 0.126889, "CANTON": "LAGO AGRIO", "NOMBRE": "CAMPOVERDE BUSTAMANTE LUIS EDUARDO" }, "geometry": { "type": "Point", "coordinates": [ -76.794775676570524, 0.126889148355571 ] } },
{ "type": "Feature", "properties": { "CI": "1314580638", "GENERO": "MUJER", "PROVINCIA": "MANABI", "PARROQUIA": "CRUCITA", "SECTOR": "RURAL", "PLANIFICAC": "200 BID", "X": -80.510122, "Y": -0.868457, "CANTON": "PORTOVIEJO", "NOMBRE": "TUAREZ LOPEZ KARELVI FERNANDA" }, "geometry": { "type": "Point", "coordinates": [ -80.51012204221999, -0.868457019460164 ] } },
{ "type": "Feature", "properties": { "CI": "2100663075", "GENERO": "MUJER", "PROVINCIA": "SUCUMBIOS", "PARROQUIA": "GENERAL FARFAN", "SECTOR": "RURAL", "PLANIFICAC": "200 BID", "X": -76.809341, "Y": 0.187873, "CANTON": "LAGO AGRIO", "NOMBRE": "ROMERO MAZA YADIRA GABRIELA" }, "geometry": { "type": "Point", "coordinates": [ -76.809341253934761, 0.187872584259579 ] } },
{ "type": "Feature", "properties": { "CI": "2100240353", "GENERO": "MUJER", "PROVINCIA": "SUCUMBIOS", "PARROQUIA": "SIETE DE JULIO", "SECTOR": "RURAL", "PLANIFICAC": "200 BID", "X": -76.766006, "Y": -0.226427, "CANTON": "SHUSHUFINDI", "NOMBRE": "TENEMAZA LUCERO DIGNA ISABEL" }, "geometry": { "type": "Point", "coordinates": [ -76.766005540140327, -0.226427359086844 ] } },
{ "type": "Feature", "properties": { "CI": "1350229199", "GENERO": "HOMBRE", "PROVINCIA": "MANABI", "PARROQUIA": "ANDRES DE VERA", "SECTOR": "RURAL", "PLANIFICAC": "200 BID", "X": -80.457455, "Y": -1.079213, "CANTON": "PORTOVIEJO", "NOMBRE": "MENDOZA MAZON GUIDO RAMON" }, "geometry": { "type": "Point", "coordinates": [ -80.457454503127636, -1.079213115839836 ] } },
{ "type": "Feature", "properties": { "CI": "1311471492", "GENERO": "MUJER", "PROVINCIA": "MANABI", "PARROQUIA": "CHARAPOTO", "SECTOR": "RURAL", "PLANIFICAC": "200 BID", "X": -80.496498, "Y": -0.830583, "CANTON": "SUCRE", "NOMBRE": "PINCAY DEMERA LUCY DANIELA" }, "geometry": { "type": "Point", "coordinates": [ -80.496498400798941, -0.830582908129014 ] } },
{ "type": "Feature", "properties": { "CI": "1708901796", "GENERO": "HOMBRE", "PROVINCIA": "SUCUMBIOS", "PARROQUIA": "SANTA CECILIA", "SECTOR": "RURAL", "PLANIFICAC": "200 BID", "X": -77.027027, "Y": 0.141989, "CANTON": "LAGO AGRIO", "NOMBRE": "ALARCON GUILLIN ALFARO ANTONIO" }, "geometry": { "type": "Point", "coordinates": [ -77.027026577014638, 0.14198942671002 ] } },
{ "type": "Feature", "properties": { "CI": "2100725338", "GENERO": "FEMENINO", "PROVINCIA": "SUCUMBIOS", "PARROQUIA": "SANTA CECILIA", "SECTOR": "RURAL", "PLANIFICAC": "200 BID", "X": -77.019921, "Y": 0.119395, "CANTON": "LAGO AGRIO", "NOMBRE": "SALAZAR ESCOBAR ROSA MARGARITA" }, "geometry": { "type": "Point", "coordinates": [ -77.019920719514275, 0.119395044914831 ] } },
{ "type": "Feature", "properties": { "CI": "1204558041", "GENERO": "HOMBRE", "PROVINCIA": "LOS RIOS", "PARROQUIA": "GUARE", "SECTOR": "RURAL", "PLANIFICAC": "200 BID", "X": -79.745586, "Y": -1.741843, "CANTON": "BABA", "NOMBRE": "MORAN PIZA LORENZO ARTURO" }, "geometry": { "type": "Point", "coordinates": [ -79.745586059187374, -1.741842851656832 ] } },
{ "type": "Feature", "properties": { "CI": "1308142346", "GENERO": "HOMBRE", "PROVINCIA": "LOS RIOS", "PARROQUIA": "VENTANAS", "SECTOR": "RURAL", "PLANIFICAC": "200 BID", "X": -79.497895, "Y": -1.487856, "CANTON": "VENTANAS", "NOMBRE": "VALENCIA DEMERA JOSE DOUGLAS" }, "geometry": { "type": "Point", "coordinates": [ -79.497894541769028, -1.487855541016693 ] } },
{ "type": "Feature", "properties": { "CI": "1202722169", "GENERO": "HOMBRE", "PROVINCIA": "LOS RIOS", "PARROQUIA": "BABAHOYO", "SECTOR": "RURAL", "PLANIFICAC": "200 BID", "X": -79.493454, "Y": -1.055996, "CANTON": "BABAHOYO", "NOMBRE": "RODRIGUEZ MARIDUEÑA CARLOS LUIS" }, "geometry": { "type": "Point", "coordinates": [ -79.493454031660377, -1.05599561259864 ] } },
{ "type": "Feature", "properties": { "CI": "1203590318", "GENERO": "HOMBRE", "PROVINCIA": "LOS RIOS", "PARROQUIA": "VENTANAS", "SECTOR": "RURAL", "PLANIFICAC": "200 BID", "X": -79.497895, "Y": -1.487856, "CANTON": "VENTANAS", "NOMBRE": "RAMIREZ GUERRA JOFFRE RODOLFO" }, "geometry": { "type": "Point", "coordinates": [ -79.497894541769028, -1.487855541016693 ] } },
{ "type": "Feature", "properties": { "CI": "1313764167", "GENERO": "MUJER", "PROVINCIA": "MANABI", "PARROQUIA": "MONTECRISTI", "SECTOR": "RURAL", "PLANIFICAC": "200 BID", "X": -80.56507, "Y": -1.063633, "CANTON": "MONTECRISTI", "NOMBRE": "ALCIVAR MACIAS MARIA MERCEDES" }, "geometry": { "type": "Point", "coordinates": [ -80.565070036067027, -1.063633457544424 ] } },
{ "type": "Feature", "properties": { "CI": "1205029398", "GENERO": "HOMBRE", "PROVINCIA": "LOS RIOS", "PARROQUIA": "RICAURTE", "SECTOR": "RURAL", "PLANIFICAC": "200 BID", "X": -79.394512, "Y": -1.055882, "CANTON": "URDANETA", "NOMBRE": "ARREAGA PONCE SANDRO ENRIQUE" }, "geometry": { "type": "Point", "coordinates": [ -79.394512059317535, -1.055882449380651 ] } },
{ "type": "Feature", "properties": { "CI": "2100919717", "GENERO": "HOMBRE", "PROVINCIA": "SUCUMBIOS", "PARROQUIA": "NUEVA LOJA", "SECTOR": "RURAL", "PLANIFICAC": "200 BID", "X": -76.896893, "Y": 0.144657, "CANTON": "LAGO AGRIO", "NOMBRE": "GARCES PITA CARLOS ALBERTO" }, "geometry": { "type": "Point", "coordinates": [ -76.896892959433217, 0.144657365186095 ] } },
{ "type": "Feature", "properties": { "CI": "2100285010", "GENERO": "MUJER", "PROVINCIA": "SUCUMBIOS", "PARROQUIA": "SANTA CECILIA", "SECTOR": "RURAL", "PLANIFICAC": "200 BID", "X": -76.943209, "Y": 0.089815, "CANTON": "LAGO AGRIO", "NOMBRE": "GAROFALO ESTRADA NORA JUANA" }, "geometry": { "type": "Point", "coordinates": [ -76.943209087360657, 0.089814902017267 ] } },
{ "type": "Feature", "properties": { "CI": "1201862982", "GENERO": "MASCULINO", "PROVINCIA": "SUCUMBIOS", "PARROQUIA": "SHUSHSUFINDI", "SECTOR": "RURAL", "PLANIFICAC": "200 BID", "X": -76.834307, "Y": 0.071359, "CANTON": "SHUSHUFINDI", "NOMBRE": "GOMEZ FLORESMILLO" }, "geometry": { "type": "Point", "coordinates": [ -76.834307270193037, 0.071359025000668 ] } },
{ "type": "Feature", "properties": { "CI": "2100627401", "GENERO": "MUJER", "PROVINCIA": "SUCUMBIOS", "PARROQUIA": "10 DE AGOSTO", "SECTOR": "RURAL", "PLANIFICAC": "200 BID", "X": -76.878957, "Y": 0.139008, "CANTON": "LAGO AGRIO", "NOMBRE": "TAPIA POZO JESSICA THALIA" }, "geometry": { "type": "Point", "coordinates": [ -76.878957039986346, 0.139008370075341 ] } },
{ "type": "Feature", "properties": { "CI": "1310774854", "GENERO": "MUJER", "PROVINCIA": "MANABI", "PARROQUIA": "SANTA ANA", "SECTOR": "RURAL", "PLANIFICAC": "200 BID", "X": -80.388801, "Y": -1.184287, "CANTON": "SANTA ANA", "NOMBRE": "MENENDEZ OLMEDO CECILIA MONSERRATE" }, "geometry": { "type": "Point", "coordinates": [ -80.388801113592095, -1.184287179942954 ] } },
{ "type": "Feature", "properties": { "CI": "2100526306", "GENERO": "MUJER", "PROVINCIA": "SUCUMBIOS", "PARROQUIA": "10 DE AGOSTO", "SECTOR": "RURAL", "PLANIFICAC": "200 BID", "X": -76.929741, "Y": 0.150018, "CANTON": "LAGO AGRIO", "NOMBRE": "GUIZ CHAMBA SINTHIA MARISELA" }, "geometry": { "type": "Point", "coordinates": [ -76.929740982258636, 0.150018193583308 ] } },
{ "type": "Feature", "properties": { "CI": "1204115511", "GENERO": "MUJER", "PROVINCIA": "LOS RIOS", "PARROQUIA": "PATRICIA PILAR", "SECTOR": "RURAL", "PLANIFICAC": "200 BID", "X": -79.427211, "Y": -0.61928, "CANTON": "BUENA F�", "NOMBRE": "ZAMBRANO GUAVIL NORMA ELIZABETH" }, "geometry": { "type": "Point", "coordinates": [ -79.42721107821076, -0.619279614033991 ] } },
{ "type": "Feature", "properties": { "CI": "1313034546", "GENERO": "MUJER", "PROVINCIA": "MANABI", "PARROQUIA": "ANDRES DE VERA", "SECTOR": "RURAL", "PLANIFICAC": "200 BID", "X": -80.45874, "Y": -1.078272, "CANTON": "PORTOVIEJO", "NOMBRE": "REYES SEME MARIANA TEODOLINDA" }, "geometry": { "type": "Point", "coordinates": [ -80.458739942876974, -1.07827247129647 ] } },
{ "type": "Feature", "properties": { "CI": "1758733891", "GENERO": "HOMBRE", "PROVINCIA": "MORONA SANTIAGO", "PARROQUIA": "HUAMBI", "SECTOR": "RURAL", "PLANIFICAC": "200 BID", "X": -78.158406, "Y": -2.517603, "CANTON": "SUCUA", "NOMBRE": "ROSERO PADILLA CESAR AUGUSTO" }, "geometry": { "type": "Point", "coordinates": [ -78.158406490598608, -2.517602785361943 ] } },
{ "type": "Feature", "properties": { "CI": "1711265213", "GENERO": "MUJER", "PROVINCIA": "SUCUMBIOS", "PARROQUIA": "SIETE DE JULIO", "SECTOR": "RURAL", "PLANIFICAC": "200 BID", "X": -76.775066, "Y": -0.202779, "CANTON": "SHUSHUFINDI", "NOMBRE": "SEGOVIA ALMEIDA JENNY DEL ROSARIO" }, "geometry": { "type": "Point", "coordinates": [ -76.775066081137112, -0.202779004815159 ] } },
{ "type": "Feature", "properties": { "CI": "2100484340", "GENERO": "MUJER", "PROVINCIA": "SUCUMBIOS", "PARROQUIA": "SANTA CECILIA", "SECTOR": "RURAL", "PLANIFICAC": "200 BID", "X": -76.979486, "Y": 0.101142, "CANTON": "LAGO AGRIO", "NOMBRE": "SALAZAR SALAZAR ROSA MARISOL" }, "geometry": { "type": "Point", "coordinates": [ -76.979485899164942, 0.101142393577314 ] } },
{ "type": "Feature", "properties": { "CI": "1314635465", "GENERO": "HOMBRE", "PROVINCIA": "MANABI", "PARROQUIA": "CHARAPOTO", "SECTOR": "RURAL", "PLANIFICAC": "200 BID", "X": -80.471331, "Y": -0.852166, "CANTON": "SUCRE", "NOMBRE": "MERO MURILLO JUAN ANTONIO" }, "geometry": { "type": "Point", "coordinates": [ -80.471331003654953, -0.852165519158064 ] } },
{ "type": "Feature", "properties": { "CI": "1205301961", "GENERO": "HOMBRE", "PROVINCIA": "LOS RIOS", "PARROQUIA": "MOCACHE", "SECTOR": "RURAL", "PLANIFICAC": "200 BID", "X": -79.515851, "Y": -1.186469, "CANTON": "MOCACHE", "NOMBRE": "MONTOYA GARCIA RONALD DAVID" }, "geometry": { "type": "Point", "coordinates": [ -79.515851275370551, -1.186469413748173 ] } },
{ "type": "Feature", "properties": { "CI": "1104619679", "GENERO": "MUJER", "PROVINCIA": "EL ORO", "PARROQUIA": "BELLAMARIA", "SECTOR": "RURAL", "PLANIFICAC": "200 BID", "X": -79.893345, "Y": -3.480775, "CANTON": "SANTA ROSA", "NOMBRE": "CALVA GUAYANAY DIGNA MELANIA" }, "geometry": { "type": "Point", "coordinates": [ -79.893344801819694, -3.480774524111677 ] } },
{ "type": "Feature", "properties": { "CI": "1204315731", "GENERO": "MUJER", "PROVINCIA": "LOS RIOS", "PARROQUIA": "MOCACHE", "SECTOR": "RURAL", "PLANIFICAC": "200 BID", "X": -79.586272, "Y": -1.152228, "CANTON": "MOCACHE", "NOMBRE": "HEMBA ASPIAZU YESSENIA MARIA" }, "geometry": { "type": "Point", "coordinates": [ -79.586271919072118, -1.152227861185653 ] } },
{ "type": "Feature", "properties": { "CI": "1102235213", "GENERO": "MUJER", "PROVINCIA": "EL ORO", "PARROQUIA": "LA AVANZADA", "SECTOR": "RURAL", "PLANIFICAC": "200 BID", "X": -79.960619, "Y": -3.533532, "CANTON": "SANTA ROSA", "NOMBRE": "SAEZ CORREA ESMERALDA JESUS" }, "geometry": { "type": "Point", "coordinates": [ -79.960619004533669, -3.533532310669292 ] } },
{ "type": "Feature", "properties": { "CI": "1311086225", "GENERO": "HOMBRE", "PROVINCIA": "LOS RIOS", "PARROQUIA": "MOCACHE", "SECTOR": "RURAL", "PLANIFICAC": "200 BID", "X": -79.645147, "Y": -1.15459, "CANTON": "MOCACHE", "NOMBRE": "MONTOYA CARBO DIEGO LEONARDO" }, "geometry": { "type": "Point", "coordinates": [ -79.645146507891454, -1.154590198629261 ] } },
{ "type": "Feature", "properties": { "CI": "1206797415", "GENERO": "MUJER", "PROVINCIA": "LOS RIOS", "PARROQUIA": "RICAURTE", "SECTOR": "RURAL", "PLANIFICAC": "200 BID", "X": -79.427351, "Y": -1.499237, "CANTON": "URDANETA", "NOMBRE": "VARAS MERELO KATHERINE ANDREA" }, "geometry": { "type": "Point", "coordinates": [ -79.427351377352807, -1.499237463691469 ] } },
{ "type": "Feature", "properties": { "CI": "1003831573", "GENERO": "MUJER", "PROVINCIA": "CARCHI", "PARROQUIA": "LOS ANDES", "SECTOR": "RURAL", "PLANIFICAC": "200 BID", "X": -77.932216, "Y": 0.488436, "CANTON": "BOLIVAR", "NOMBRE": "QUILUMBA TULCAN MARIA EUGENIA" }, "geometry": { "type": "Point", "coordinates": [ -77.932215585744828, 0.4884356854211 ] } },
{ "type": "Feature", "properties": { "CI": "1709489940", "GENERO": "HOMBRE", "PROVINCIA": "LOS RIOS", "PARROQUIA": "MOCACHE", "SECTOR": "RURAL", "PLANIFICAC": "200 BID", "X": -79.595056, "Y": -1.231698, "CANTON": "MOCACHE", "NOMBRE": "SEVILLANO CEDEÑO GALO ERACIMO" }, "geometry": { "type": "Point", "coordinates": [ -79.595055710441628, -1.231697551270205 ] } },
{ "type": "Feature", "properties": { "CI": "1204706574", "GENERO": "HOMBRE", "PROVINCIA": "LOS RIOS", "PARROQUIA": "MOCACHE", "SECTOR": "RURAL", "PLANIFICAC": "200 BID", "X": -79.750665, "Y": -1.266934, "CANTON": "MOCACHE", "NOMBRE": "CABRERA QUIJIJE NESTOR JAVIER" }, "geometry": { "type": "Point", "coordinates": [ -79.750665390231291, -1.266933852693701 ] } },
{ "type": "Feature", "properties": { "CI": "1206033704", "GENERO": "HOMBRE", "PROVINCIA": "LOS RIOS", "PARROQUIA": "VENTANAS", "SECTOR": "RURAL", "PLANIFICAC": "200 BID", "X": -79.486205, "Y": -1.484366, "CANTON": "VENTANAS", "NOMBRE": "LEON MALDONADO SERGIO CIRILO" }, "geometry": { "type": "Point", "coordinates": [ -79.486205315417322, -1.484365529988017 ] } },
{ "type": "Feature", "properties": { "CI": "1251838296", "GENERO": "HOMBRE", "PROVINCIA": "LOS RIOS", "PARROQUIA": "VENTANAS", "SECTOR": "RURAL", "PLANIFICAC": "200 BID", "X": -79.478066, "Y": -1.426831, "CANTON": "VENTANAS", "NOMBRE": "PAREDES QUIJIJE DOUGLAS JAHDIEL" }, "geometry": { "type": "Point", "coordinates": [ -79.478066118668522, -1.426830730148575 ] } },
{ "type": "Feature", "properties": { "CI": "1722847165", "GENERO": "HOMBRE", "PROVINCIA": "ESMERALDAS", "PARROQUIA": "CHUMUNDE", "SECTOR": "RURAL", "PLANIFICAC": "200 BID", "X": -79.382298, "Y": 0.914052, "CANTON": "RIOVERDE", "NOMBRE": "ZAMBRANO GUADAMUD JOSE BENITO" }, "geometry": { "type": "Point", "coordinates": [ -79.382298399437204, 0.914052152560735 ] } },
{ "type": "Feature", "properties": { "CI": "1206111823", "GENERO": "HOMBRE", "PROVINCIA": "LOS RIOS", "PARROQUIA": "VENTANAS", "SECTOR": "RURAL", "PLANIFICAC": "200 BID", "X": -79.48581, "Y": -1.484664, "CANTON": "VENTANAS", "NOMBRE": "LEON MALDONADO CRISTHIAN EDUARDO" }, "geometry": { "type": "Point", "coordinates": [ -79.485809702607057, -1.484663711920104 ] } },
{ "type": "Feature", "properties": { "CI": "2100626759", "GENERO": "MUJER", "PROVINCIA": "SUCUMBIOS", "PARROQUIA": "SANTA CECILIA", "SECTOR": "RURAL", "PLANIFICAC": "200 BID", "X": -76.969893, "Y": 0.086115, "CANTON": "LAGO AGRIO", "NOMBRE": "MONTENEGRO VALLEJOS MARY MARGOTH" }, "geometry": { "type": "Point", "coordinates": [ -76.969892884905164, 0.086115277924638 ] } },
{ "type": "Feature", "properties": { "CI": "1207187939", "GENERO": "MUJER", "PROVINCIA": "LOS RIOS", "PARROQUIA": "ISLA DE BEJUCAL", "SECTOR": "RURAL", "PLANIFICAC": "200 BID", "X": -79.674135, "Y": -1.717816, "CANTON": "BABA", "NOMBRE": "GOMEZ VERA MAYRA TATIANA" }, "geometry": { "type": "Point", "coordinates": [ -79.674134516139887, -1.717815876985243 ] } },
{ "type": "Feature", "properties": { "CI": "1203353964", "GENERO": "HOMBRE", "PROVINCIA": "LOS RIOS", "PARROQUIA": "MOCACHE", "SECTOR": "RURAL", "PLANIFICAC": "200 BID", "X": -79.450854, "Y": -1.317363, "CANTON": "MOCACHE", "NOMBRE": "JARA ALVARADO GAVINO ARMANDO" }, "geometry": { "type": "Point", "coordinates": [ -79.450854240397319, -1.317362731804352 ] } },
{ "type": "Feature", "properties": { "CI": "2100637897", "GENERO": "MUJER", "PROVINCIA": "ORELLANA", "PARROQUIA": "TRES DE NOVIEMBRE", "SECTOR": "RURAL", "PLANIFICAC": "200 BID", "X": -76.924494, "Y": -0.159757, "CANTON": "LA JOYA DE LOS SACHAS", "NOMBRE": "YARI CHIMBO JHANET LUZMILA" }, "geometry": { "type": "Point", "coordinates": [ -76.924494440377401, -0.159757259316015 ] } },
{ "type": "Feature", "properties": { "CI": "2100399753", "GENERO": "FEMENINO", "PROVINCIA": "SUCUMBIOS", "PARROQUIA": "SHUSHSUFINDI", "SECTOR": "RURAL", "PLANIFICAC": "200 BID", "X": -76.575512, "Y": -0.095313, "CANTON": "SHUSHUFINDI", "NOMBRE": "ESCOBAR VARGAS MARINEL ADELAIDA" }, "geometry": { "type": "Point", "coordinates": [ -76.575511618762405, -0.095313425219023 ] } },
{ "type": "Feature", "properties": { "CI": "2101035828", "GENERO": "MUJER", "PROVINCIA": "SUCUMBIOS", "PARROQUIA": "7 DE JULIO", "SECTOR": "RURAL", "PLANIFICAC": "200 BID", "X": -76.790046, "Y": -0.177801, "CANTON": "SHUSHUFINDI", "NOMBRE": "SILVA VELOZ RUBY MARISOL" }, "geometry": { "type": "Point", "coordinates": [ -76.790046276033593, -0.177800968599498 ] } },
{ "type": "Feature", "properties": { "CI": "1311171233", "GENERO": "HOMBRE", "PROVINCIA": "MANABI", "PARROQUIA": "ABDON CALDERON", "SECTOR": "RURAL", "PLANIFICAC": "200 BID", "X": -80.339433, "Y": -1.047653, "CANTON": "PORTOVIEJO", "NOMBRE": "ZAMORA MENDOZA GARY RAFAEL" }, "geometry": { "type": "Point", "coordinates": [ -80.339433011616364, -1.047652905863716 ] } },
{ "type": "Feature", "properties": { "CI": "2100741038", "GENERO": "MUJER", "PROVINCIA": "SUCUMBIOS", "PARROQUIA": "EL ENO", "SECTOR": "RURAL", "PLANIFICAC": "200 BID", "X": -76.916102, "Y": -0.067518, "CANTON": "LAGO AGRIO", "NOMBRE": "LEMA SEGARRA LADY JESSICA" }, "geometry": { "type": "Point", "coordinates": [ -76.916101531635263, -0.067518328251342 ] } },
{ "type": "Feature", "properties": { "CI": "1315770923", "GENERO": "MUJER", "PROVINCIA": "MANABI", "PARROQUIA": "AYACUCHO", "SECTOR": "RURAL", "PLANIFICAC": "200 BID", "X": -80.314373, "Y": -1.175232, "CANTON": "SANTA ANA", "NOMBRE": "MENDOZA DELGADO JENNIFER ROXANA" }, "geometry": { "type": "Point", "coordinates": [ -80.314373079953327, -1.175232079977122 ] } },
{ "type": "Feature", "properties": { "CI": "2100316948", "GENERO": "MUJER", "PROVINCIA": "SUCUMBIOS", "PARROQUIA": "NUEVA LOJA", "SECTOR": "RURAL", "PLANIFICAC": "200 BID", "X": -76.897029, "Y": 0.145211, "CANTON": "LAGO AGRIO", "NOMBRE": "RODRIGUEZ CORDERO YENNY ISABEL" }, "geometry": { "type": "Point", "coordinates": [ -76.897029106254479, 0.145210559331602 ] } },
{ "type": "Feature", "properties": { "CI": "1102748306", "GENERO": "MUJER", "PROVINCIA": "SANTA ELENA", "PARROQUIA": "JOSE LUIS TAMAYO", "SECTOR": "RURAL", "PLANIFICAC": "200 BID", "X": -80.939536, "Y": -2.239089, "CANTON": "SALINAS", "NOMBRE": "SOTO SANCHEZ OLGA ENITH" }, "geometry": { "type": "Point", "coordinates": [ -80.93953625183255, -2.23908887561985 ] } },
{ "type": "Feature", "properties": { "CI": "2100144522", "GENERO": "FEMENINO", "PROVINCIA": "SUCUMBIOS", "PARROQUIA": "NUEVA LOJA", "SECTOR": "RURAL", "PLANIFICAC": "200 BID", "X": -76.856974, "Y": 0.135313, "CANTON": "LAGO AGRIO", "NOMBRE": "RIOS CORDOVA VERONICA ELIZABETH" }, "geometry": { "type": "Point", "coordinates": [ -76.856974402243807, 0.135312972510962 ] } },
{ "type": "Feature", "properties": { "CI": "1304770835", "GENERO": "FEMENINO", "PROVINCIA": "SUCUMBIOS", "PARROQUIA": "TARAPOA", "SECTOR": "RURAL", "PLANIFICAC": "200 BID", "X": -76.476479, "Y": -0.134968, "CANTON": "CUYABENO", "NOMBRE": "SUAREZ PONCE BENITA GRACIELA" }, "geometry": { "type": "Point", "coordinates": [ -76.476478982134282, -0.134968006897763 ] } },
{ "type": "Feature", "properties": { "CI": "1207006998", "GENERO": "MUJER", "PROVINCIA": "LOS RIOS", "PARROQUIA": "VENTANAS", "SECTOR": "RURAL", "PLANIFICAC": "200 BID", "X": -79.50859, "Y": -1.485602, "CANTON": "VENTANAS", "NOMBRE": "VERA CERNA ERIKA ARABELLA" }, "geometry": { "type": "Point", "coordinates": [ -79.508590197014783, -1.485601801136752 ] } },
{ "type": "Feature", "properties": { "CI": "2100572888", "GENERO": "MUJER", "PROVINCIA": "SUCUMBIOS", "PARROQUIA": "EL ENO", "SECTOR": "RURAL", "PLANIFICAC": "200 BID", "X": -76.922397, "Y": -0.021819, "CANTON": "LAGO AGRIO", "NOMBRE": "PARRA CALDERON NILA MARIA" }, "geometry": { "type": "Point", "coordinates": [ -76.922396563997907, -0.021818849232644 ] } },
{ "type": "Feature", "properties": { "CI": "2100977814", "GENERO": "MUJER", "PROVINCIA": "SUCUMBIOS", "PARROQUIA": "SANTA CECILIA", "SECTOR": "RURAL", "PLANIFICAC": "200 BID", "X": -76.946838, "Y": 0.091714, "CANTON": "LAGO AGRIO", "NOMBRE": "MOPOSITA CAMBO BEATRIZ MARILU" }, "geometry": { "type": "Point", "coordinates": [ -76.946837816260526, 0.091713528188451 ] } },
{ "type": "Feature", "properties": { "CI": "1251364244", "GENERO": "MUJER", "PROVINCIA": "LOS RIOS", "PARROQUIA": "VENTANAS", "SECTOR": "RURAL", "PLANIFICAC": "200 BID", "X": -79.492029, "Y": -1.471156, "CANTON": "VENTANAS", "NOMBRE": "SIMON CEDEÑO ADRIANA LOURDES" }, "geometry": { "type": "Point", "coordinates": [ -79.4920285576342, -1.471156099635299 ] } },
{ "type": "Feature", "properties": { "CI": "1308041696", "GENERO": "HOMBRE", "PROVINCIA": "MANABI", "PARROQUIA": "ALHAJUELA", "SECTOR": "RURAL", "PLANIFICAC": "200 BID", "X": -80.29644, "Y": -1.057754, "CANTON": "PORTOVIEJO", "NOMBRE": "ROMERO MERO WILFRIDO MARCELINO" }, "geometry": { "type": "Point", "coordinates": [ -80.296439996460649, -1.05775380000477 ] } },
{ "type": "Feature", "properties": { "CI": "1316529377", "GENERO": "MUJER", "PROVINCIA": "MANABI", "PARROQUIA": "JIPIJAPA", "SECTOR": "URBANO", "PLANIFICAC": "365 POR DEFINIR", "X": -80.456967, "Y": -1.438952, "CANTON": "JIPIJAPA", "NOMBRE": "CHANCAY VALERIANO JOSELYN CAROLINA" }, "geometry": { "type": "Point", "coordinates": [ -80.4569666260562, -1.438952403053951 ] } },
{ "type": "Feature", "properties": { "CI": "1002029922", "GENERO": "MUJER", "PROVINCIA": "CARCHI", "PARROQUIA": "BOLIVAR", "SECTOR": "URBANO", "PLANIFICAC": "365 POR DEFINIR", "X": -77.908198, "Y": 0.542043, "CANTON": "BOLIVAR", "NOMBRE": "JUMA ILES  CELIA MARIA" }, "geometry": { "type": "Point", "coordinates": [ -77.908198351843268, 0.542043220479458 ] } },
{ "type": "Feature", "properties": { "CI": "1204940462", "GENERO": "MUJER", "PROVINCIA": "GUAYAS", "PARROQUIA": "JUJAN", "SECTOR": "URBANO", "PLANIFICAC": "365 POR DEFINIR", "X": -79.550986, "Y": -1.975887, "CANTON": "ALFREDO BAQUERIZO MORENO (JUJAN)", "NOMBRE": "DUARTE PIZA JULIA ALEXANDRA" }, "geometry": { "type": "Point", "coordinates": [ -79.550986062757246, -1.975886766165583 ] } },
{ "type": "Feature", "properties": { "CI": "1306637354", "GENERO": "HOMBRE", "PROVINCIA": "MANABI", "PARROQUIA": "CONVENTO", "SECTOR": "RURAL", "PLANIFICAC": "365 POR DEFINIR", "X": -79.99601, "Y": -0.48762, "CANTON": "CHONE", "NOMBRE": "VERDUGA VERA WILSON DAVID" }, "geometry": { "type": "Point", "coordinates": [ -79.996009995732123, -0.487619998507437 ] } },
{ "type": "Feature", "properties": { "CI": "1310212228", "GENERO": "MUJER", "PROVINCIA": "MANABI", "PARROQUIA": "LASCANO", "SECTOR": "RURAL", "PLANIFICAC": "365 POR DEFINIR", "X": -80.2537, "Y": -1.468255, "CANTON": "PAJAN", "NOMBRE": "PINARGOTE SANCHEZ FLOR ELIZABETH" }, "geometry": { "type": "Point", "coordinates": [ -80.25370000028731, -1.468254700820587 ] } },
{ "type": "Feature", "properties": { "CI": "1201689724", "GENERO": "MUJER", "PROVINCIA": "LOS RIOS", "PARROQUIA": "ZAPOTAL", "SECTOR": "RURAL", "PLANIFICAC": "365 POR DEFINIR", "X": -79.574193, "Y": -1.585437, "CANTON": "VENTANAS", "NOMBRE": "MORAN CRUZ GLORIA CLEOFE" }, "geometry": { "type": "Point", "coordinates": [ -79.574193252257814, -1.585436788237419 ] } },
{ "type": "Feature", "properties": { "CI": "2100263066", "GENERO": "HOMBRE", "PROVINCIA": "SUCUMBIOS", "PARROQUIA": "EL ENO", "SECTOR": "RURAL", "PLANIFICAC": "365 POR DEFINIR", "X": -76.89749, "Y": -0.07189, "CANTON": "LAGO AGRIO", "NOMBRE": "GAIBOR CABEZAS JOSE HERNAN" }, "geometry": { "type": "Point", "coordinates": [ -76.897490230457436, -0.071889676108688 ] } },
{ "type": "Feature", "properties": { "CI": "1207526110", "GENERO": "HOMBRE", "PROVINCIA": "LOS RIOS", "PARROQUIA": "RICAURTE", "SECTOR": "RURAL", "PLANIFICAC": "365 POR DEFINIR", "X": -79.395546, "Y": -1.252437, "CANTON": "URDANETA", "NOMBRE": "GAVILANEZ PACHECO GUILLERMO RICARDO" }, "geometry": { "type": "Point", "coordinates": [ -79.395546000099799, -1.252436961590719 ] } },
{ "type": "Feature", "properties": { "CI": "1310668353", "GENERO": "MUJER", "PROVINCIA": "MANABI", "PARROQUIA": "PUEBLO NUEVO", "SECTOR": "RURAL", "PLANIFICAC": "365 POR DEFINIR", "X": -80.31375, "Y": -0.98625, "CANTON": "PORTOVIEJO", "NOMBRE": "MENDOZA CARRANZA VILMA ALEXANDRA" }, "geometry": { "type": "Point", "coordinates": [ -80.313750001081559, -0.986250001715462 ] } },
{ "type": "Feature", "properties": { "CI": "1400165658", "GENERO": "HOMBRE", "PROVINCIA": "ORELLANA", "PARROQUIA": "INES ARANGO (CAB. EN WESTERN) CIUDAD BLANCA", "SECTOR": "RURAL", "PLANIFICAC": "365 POR DEFINIR", "X": -76.898272, "Y": -0.849326, "CANTON": "FRANCISCO DE ORELLANA", "NOMBRE": "KUKUSH WAAR CHIRIAP SEBASTIAN" }, "geometry": { "type": "Point", "coordinates": [ -76.898272103600121, -0.849326021874342 ] } },
{ "type": "Feature", "properties": { "CI": "1313019349", "GENERO": "HOMBRE", "PROVINCIA": "MANABI", "PARROQUIA": "CONVENTO", "SECTOR": "RURAL", "PLANIFICAC": "365 POR DEFINIR", "X": -80.06014, "Y": -0.24379, "CANTON": "CHONE", "NOMBRE": "VILLA PALMA MARLON GEOVANNY" }, "geometry": { "type": "Point", "coordinates": [ -80.060140002323223, -0.24379000266252 ] } },
{ "type": "Feature", "properties": { "CI": "1310850464", "GENERO": "MUJER", "PROVINCIA": "MANABI", "PARROQUIA": "RIOCHICO", "SECTOR": "RURAL", "PLANIFICAC": "365 POR DEFINIR", "X": -80.44908, "Y": -0.98509, "CANTON": "PORTOVIEJO", "NOMBRE": "GUERRERO CARREÑO MARLENE ASUNCION" }, "geometry": { "type": "Point", "coordinates": [ -80.449080000801061, -0.985089996956602 ] } },
{ "type": "Feature", "properties": { "CI": "2200057582", "GENERO": "HOMBRE", "PROVINCIA": "ORELLANA", "PARROQUIA": "RUMIPAMBA", "SECTOR": "RURAL", "PLANIFICAC": "365 POR DEFINIR", "X": -76.984155, "Y": -0.082932, "CANTON": "LA JOYA DE LOS SACHAS", "NOMBRE": "PINCHOPA AWANANCH SEFERINO JULIO" }, "geometry": { "type": "Point", "coordinates": [ -76.984155138161469, -0.082931872830003 ] } },
{ "type": "Feature", "properties": { "CI": "1103673560", "GENERO": "MUJER", "PROVINCIA": "LOJA", "PARROQUIA": "SAN JOSE", "SECTOR": "RURAL", "PLANIFICAC": "365 POR DEFINIR", "X": -79.350933, "Y": -4.000098, "CANTON": "CATAMAYO", "NOMBRE": "RUEDA ARIAS SANDRA PAQUITA" }, "geometry": { "type": "Point", "coordinates": [ -79.350933307128557, -4.000097528184644 ] } },
{ "type": "Feature", "properties": { "CI": "1309335287", "GENERO": "HOMBRE", "PROVINCIA": "MANABI", "PARROQUIA": "CONVENTO", "SECTOR": "RURAL", "PLANIFICAC": "365 POR DEFINIR", "X": -80.03371, "Y": -0.26869, "CANTON": "CHONE", "NOMBRE": "MENENDEZ ZAMBRANO CARMELO GUALBERTO" }, "geometry": { "type": "Point", "coordinates": [ -80.033710001257163, -0.268690002904852 ] } },
{ "type": "Feature", "properties": { "CI": "1104793979", "GENERO": "HOMBRE", "PROVINCIA": "LOJA", "PARROQUIA": "27 DE ABRIL", "SECTOR": "RURAL", "PLANIFICAC": "365 POR DEFINIR", "X": -79.429008, "Y": -4.464161, "CANTON": "ESPINDOLA", "NOMBRE": "CUMBICUS GUAMAN ANGEL PATRICIO" }, "geometry": { "type": "Point", "coordinates": [ -79.429007923614435, -4.464161259787173 ] } },
{ "type": "Feature", "properties": { "CI": "1103535199", "GENERO": "MUJER", "PROVINCIA": "LOJA", "PARROQUIA": "SAN ANTONIO DE LAS ARADAS", "SECTOR": "RURAL", "PLANIFICAC": "365 POR DEFINIR", "X": -79.400866, "Y": -4.372791, "CANTON": "QUILANGA", "NOMBRE": "JIMENEZ JIMENEZ FRANCISCA" }, "geometry": { "type": "Point", "coordinates": [ -79.400865766244721, -4.372790533703216 ] } },
{ "type": "Feature", "properties": { "CI": "1309633236", "GENERO": "MUJER", "PROVINCIA": "MANABI", "PARROQUIA": "CONVENTO", "SECTOR": "RURAL", "PLANIFICAC": "365 POR DEFINIR", "X": -80.03456, "Y": -0.29044, "CANTON": "CHONE", "NOMBRE": "VILLALVA SACON YURI MAYI" }, "geometry": { "type": "Point", "coordinates": [ -80.034560002018239, -0.290440001030624 ] } },
{ "type": "Feature", "properties": { "CI": "2100633920", "GENERO": "MUJER", "PROVINCIA": "SUCUMBIOS", "PARROQUIA": "SANTA CECILIA", "SECTOR": "RURAL", "PLANIFICAC": "365 POR DEFINIR", "X": -76.88928, "Y": 0.09957, "CANTON": "LAGO AGRIO", "NOMBRE": "LLUNDO MAISANCHE JIMENA ELIZABETH" }, "geometry": { "type": "Point", "coordinates": [ -76.889279606282543, 0.099570048294211 ] } },
{ "type": "Feature", "properties": { "CI": "1311056277", "GENERO": "HOMBRE", "PROVINCIA": "MANABI", "PARROQUIA": "WILFRIDO LOOR(MAICITO)", "SECTOR": "RURAL", "PLANIFICAC": "365 POR DEFINIR", "X": -79.47964, "Y": -0.2622, "CANTON": "EL CARMEN", "NOMBRE": "ZAMBRANO SALAZAR NELSON DANIEL" }, "geometry": { "type": "Point", "coordinates": [ -79.479640000879002, -0.262200001279084 ] } },
{ "type": "Feature", "properties": { "CI": "1305581454", "GENERO": "HOMBRE", "PROVINCIA": "MANABI", "PARROQUIA": "WILFRIDO LOOR", "SECTOR": "RURAL", "PLANIFICAC": "365 POR DEFINIR", "X": -79.57232, "Y": -0.576156, "CANTON": "EL CARMEN", "NOMBRE": "ALCIVAR SOLORZANO EDY ANSELMO" }, "geometry": { "type": "Point", "coordinates": [ -79.57231999759874, -0.576156000630785 ] } },
{ "type": "Feature", "properties": { "CI": "1308672227", "GENERO": "MUJER", "PROVINCIA": "MANABI", "PARROQUIA": "ALHAJUELA", "SECTOR": "RURAL", "PLANIFICAC": "365 POR DEFINIR", "X": -80.2686, "Y": -1.0608, "CANTON": "PORTOVIEJO", "NOMBRE": "ZAMBRANO GARCIA CENIA PIEDAD" }, "geometry": { "type": "Point", "coordinates": [ -80.268600001001502, -1.060799995615833 ] } },
{ "type": "Feature", "properties": { "CI": "1720228038", "GENERO": "MUJER", "PROVINCIA": "SUCUMBIOS", "PARROQUIA": "PACAYACU", "SECTOR": "RURAL", "PLANIFICAC": "365 POR DEFINIR", "X": -76.581156, "Y": -0.044635, "CANTON": "LAGO AGRIO", "NOMBRE": "TORRES YAGUANA TANIA MARIVEL" }, "geometry": { "type": "Point", "coordinates": [ -76.5811563062056, -0.044635289268694 ] } },
{ "type": "Feature", "properties": { "CI": "1104752330", "GENERO": "MUJER", "PROVINCIA": "LOJA", "PARROQUIA": "SAN JOSE", "SECTOR": "RURAL", "PLANIFICAC": "365 POR DEFINIR", "X": -79.351373, "Y": -4.000948, "CANTON": "CATAMAYO", "NOMBRE": "JIMENEZ GUAYANAY JUANA VICENTA" }, "geometry": { "type": "Point", "coordinates": [ -79.351372842250385, -4.000948469530438 ] } },
{ "type": "Feature", "properties": { "CI": "1312021700", "GENERO": "HOMBRE", "PROVINCIA": "ESMERALDAS", "PARROQUIA": "VICHE", "SECTOR": "URBANO", "PLANIFICAC": "365 POR DEFINIR", "X": -79.481795, "Y": 0.634594, "CANTON": "QUININDE", "NOMBRE": "BARRE MENDOZA JUAN EVARISTO" }, "geometry": { "type": "Point", "coordinates": [ -79.481794996930674, 0.634593924509871 ] } },
{ "type": "Feature", "properties": { "CI": "1205556036", "GENERO": "HOMBRE", "PROVINCIA": "LOS RIOS", "PARROQUIA": "ZAPOTAL", "SECTOR": "RURAL", "PLANIFICAC": "365 POR DEFINIR", "X": -79.574193, "Y": -1.585437, "CANTON": "VENTANAS", "NOMBRE": "CASTAÑEDA BRIONES EDUARDO VICENTE" }, "geometry": { "type": "Point", "coordinates": [ -79.574193252257814, -1.585436788237419 ] } },
{ "type": "Feature", "properties": { "CI": "1313703538", "GENERO": "MUJER", "PROVINCIA": "MANABI", "PARROQUIA": "CANUTO", "SECTOR": "RURAL", "PLANIFICAC": "365 POR DEFINIR", "X": -80.082016, "Y": -0.600269, "CANTON": "CHONE", "NOMBRE": "SALDARRIAGA MENDIETA NARCISA JESUS" }, "geometry": { "type": "Point", "coordinates": [ -80.082016233976177, -0.600269252998238 ] } },
{ "type": "Feature", "properties": { "CI": "1203947286", "GENERO": "HOMBRE", "PROVINCIA": "LOS RIOS", "PARROQUIA": "ZAPOTAL", "SECTOR": "RURAL", "PLANIFICAC": "365 POR DEFINIR", "X": -79.573384, "Y": -1.585671, "CANTON": "VENTANAS", "NOMBRE": "ORTIZ VERGARA VICENTE JAVIER" }, "geometry": { "type": "Point", "coordinates": [ -79.573384228628598, -1.585671382460121 ] } },
{ "type": "Feature", "properties": { "CI": "2100354402", "GENERO": "MUJER", "PROVINCIA": "SUCUMBIOS", "PARROQUIA": "SIETE DE JULIO", "SECTOR": "RURAL", "PLANIFICAC": "365 POR DEFINIR", "X": -76.969616, "Y": 0.203368, "CANTON": "SHUSHUFINDI", "NOMBRE": "MANOBANDA SEIS HILDA ELISA" }, "geometry": { "type": "Point", "coordinates": [ -76.96961589755422, 0.203367545819267 ] } },
{ "type": "Feature", "properties": { "CI": "1900865310", "GENERO": "MUJER", "PROVINCIA": "ZAMORA CHINCHIPE", "PARROQUIA": "CHITO", "SECTOR": "RURAL", "PLANIFICAC": "365 POR DEFINIR", "X": -79.0397, "Y": -4.923207, "CANTON": "CHINCHIPE", "NOMBRE": "RUEDA URREGO DORIS ALEXANDRA" }, "geometry": { "type": "Point", "coordinates": [ -79.039699675919906, -4.92320743429784 ] } },
{ "type": "Feature", "properties": { "CI": "1758534547", "GENERO": "MUJER", "PROVINCIA": "CARCHI", "PARROQUIA": "HUACA", "SECTOR": "URBANO", "PLANIFICAC": "365 POR DEFINIR", "X": -77.754819, "Y": 0.611546, "CANTON": "SAN PEDRO DE HUACA", "NOMBRE": "QUIROZ TERAN SILVIA DEL CARMEN" }, "geometry": { "type": "Point", "coordinates": [ -77.754819200114696, 0.611546322493974 ] } },
{ "type": "Feature", "properties": { "CI": "1309869095", "GENERO": "HOMBRE", "PROVINCIA": "MANABI", "PARROQUIA": "CHONE", "SECTOR": "RURAL", "PLANIFICAC": "365 POR DEFINIR", "X": -80.150929, "Y": -0.784496, "CANTON": "CHONE", "NOMBRE": "ZAMBRANO MOLINA FRANCISCO ROQUE" }, "geometry": { "type": "Point", "coordinates": [ -80.150929244923645, -0.784495834016905 ] } },
{ "type": "Feature", "properties": { "CI": "1312717612", "GENERO": "HOMBRE", "PROVINCIA": "MANABI", "PARROQUIA": "FLAVIO ALFARO", "SECTOR": "RURAL", "PLANIFICAC": "365 POR DEFINIR", "X": -79.927134, "Y": -0.415741, "CANTON": "FLAVIO ALFARO", "NOMBRE": "GONZALEZ OSTAIZA JOSE GREGORIO" }, "geometry": { "type": "Point", "coordinates": [ -79.927134233082057, -0.415741079655203 ] } },
{ "type": "Feature", "properties": { "CI": "1204178626", "GENERO": "HOMBRE", "PROVINCIA": "LOS RIOS", "PARROQUIA": "VENTANAS", "SECTOR": "RURAL", "PLANIFICAC": "365 POR DEFINIR", "X": -79.495904, "Y": -1.230426, "CANTON": "VENTANAS", "NOMBRE": "VERA MAYIA ANGEL GREGORIO" }, "geometry": { "type": "Point", "coordinates": [ -79.495903976547311, -1.230426103632046 ] } },
{ "type": "Feature", "properties": { "CI": "2400016560", "GENERO": "HOMBRE", "PROVINCIA": "SANTA ELENA", "PARROQUIA": "ATAHUALPA", "SECTOR": "RURAL", "PLANIFICAC": "365 POR DEFINIR", "X": -80.772362, "Y": -2.312146, "CANTON": "SANTA ELENA", "NOMBRE": "FIGUEROA BORBOR KLEYNER ANDRES" }, "geometry": { "type": "Point", "coordinates": [ -80.772361931343326, -2.31214577364039 ] } },
{ "type": "Feature", "properties": { "CI": "2150006894", "GENERO": "MUJER", "PROVINCIA": "SUCUMBIOS", "PARROQUIA": "10 DE AGOSTO", "SECTOR": "RURAL", "PLANIFICAC": "365 POR DEFINIR", "X": -76.878564, "Y": 0.168596, "CANTON": "LAGO AGRIO", "NOMBRE": "MOINA GRANDA JADIRA ELIZABETH" }, "geometry": { "type": "Point", "coordinates": [ -76.878564406002582, 0.16859585257052 ] } },
{ "type": "Feature", "properties": { "CI": "1204883589", "GENERO": "MUJER", "PROVINCIA": "LOS RIOS", "PARROQUIA": "SAN CARLOS", "SECTOR": "RURAL", "PLANIFICAC": "365 POR DEFINIR", "X": -79.553688, "Y": -1.103685, "CANTON": "QUEVEDO", "NOMBRE": "RAMOS MARTINEZ CELINDA ROCIO" }, "geometry": { "type": "Point", "coordinates": [ -79.553688358118634, -1.103685319843504 ] } },
{ "type": "Feature", "properties": { "CI": "1203518970", "GENERO": "MUJER", "PROVINCIA": "LOS RIOS", "PARROQUIA": "LA UNION", "SECTOR": "RURAL", "PLANIFICAC": "365 POR DEFINIR", "X": -79.395014, "Y": -1.701693, "CANTON": "BABAHOYO", "NOMBRE": "POZO GOYES KATTY INES" }, "geometry": { "type": "Point", "coordinates": [ -79.395013897398471, -1.701692685621411 ] } },
{ "type": "Feature", "properties": { "CI": "1207252717", "GENERO": "HOMBRE", "PROVINCIA": "LOS RIOS", "PARROQUIA": "GUARE", "SECTOR": "RURAL", "PLANIFICAC": "365 POR DEFINIR", "X": -79.719743, "Y": -1.647722, "CANTON": "BABA", "NOMBRE": "ELAJE MIRANDA ARLINTON GUSTAVO" }, "geometry": { "type": "Point", "coordinates": [ -79.719742552807972, -1.647721553838898 ] } },
{ "type": "Feature", "properties": { "CI": "2150145288", "GENERO": "MUJER", "PROVINCIA": "SUCUMBIOS", "PARROQUIA": "SANTA CECILIA", "SECTOR": "RURAL", "PLANIFICAC": "365 POR DEFINIR", "X": -76.941817, "Y": 0.097718, "CANTON": "LAGO AGRIO", "NOMBRE": "AGUINDA MONTENEGRO KAREN LORENA" }, "geometry": { "type": "Point", "coordinates": [ -76.941817398592946, 0.097717750734377 ] } },
{ "type": "Feature", "properties": { "CI": "1203342587", "GENERO": "MUJER", "PROVINCIA": "LOS RIOS", "PARROQUIA": "RICAURTE", "SECTOR": "RURAL", "PLANIFICAC": "365 POR DEFINIR", "X": -79.411074, "Y": -1.56416, "CANTON": "URDANETA", "NOMBRE": "CALVACHE JARAMILLO DOLORES ANABEL" }, "geometry": { "type": "Point", "coordinates": [ -79.411074170225916, -1.564159772342338 ] } },
{ "type": "Feature", "properties": { "CI": "1706712807", "GENERO": "HOMBRE", "PROVINCIA": "IMBABURA", "PARROQUIA": "GARCIA MORENO", "SECTOR": "RURAL", "PLANIFICAC": "365 POR DEFINIR", "X": -78.97167, "Y": 0.288073, "CANTON": "COTACACHI", "NOMBRE": "MOEREANO ROSERO LUIS GUILLERMO" }, "geometry": { "type": "Point", "coordinates": [ -78.971670042806167, 0.2880729878349 ] } },
{ "type": "Feature", "properties": { "CI": "1301372130", "GENERO": "HOMBRE", "PROVINCIA": "MANABI", "PARROQUIA": "CHARAPOTO", "SECTOR": "RURAL", "PLANIFICAC": "365 POR DEFINIR", "X": -80.469318, "Y": -0.85231, "CANTON": "SUCRE", "NOMBRE": "LUCAS MUENTES GUILLERMO" }, "geometry": { "type": "Point", "coordinates": [ -80.469317817822827, -0.852309990971266 ] } },
{ "type": "Feature", "properties": { "CI": "1207291855", "GENERO": "MUJER", "PROVINCIA": "LOS RIOS", "PARROQUIA": "MOCACHE", "SECTOR": "RURAL", "PLANIFICAC": "365 POR DEFINIR", "X": -79.522438, "Y": -1.186428, "CANTON": "MOCACHE", "NOMBRE": "PAZMIÑO FRANCO DALILA MARIA" }, "geometry": { "type": "Point", "coordinates": [ -79.522437773129141, -1.186427741206009 ] } },
{ "type": "Feature", "properties": { "CI": "2200382766", "GENERO": "MUJER", "PROVINCIA": "ORELLANA", "PARROQUIA": "PUERTO MURIALDO", "SECTOR": "RURAL", "PLANIFICAC": "365 POR DEFINIR", "X": -77.147615, "Y": -0.647058, "CANTON": "LORETO", "NOMBRE": "TAPUY CALAPUCHA BRIGIDA OLIVIA" }, "geometry": { "type": "Point", "coordinates": [ -77.147615174871859, -0.647058121445052 ] } },
{ "type": "Feature", "properties": { "CI": "1706669494", "GENERO": "HOMBRE", "PROVINCIA": "LOS RIOS", "PARROQUIA": "RICAURTE", "SECTOR": "RURAL", "PLANIFICAC": "365 POR DEFINIR", "X": -79.300241, "Y": -1.581426, "CANTON": "URDANETA", "NOMBRE": "TOALOMBO OCAMPO HOLGER GUILLERMO" }, "geometry": { "type": "Point", "coordinates": [ -79.300240501082897, -1.581426357234904 ] } },
{ "type": "Feature", "properties": { "CI": "1103579890", "GENERO": "MUJER", "PROVINCIA": "LOJA", "PARROQUIA": "CATAMAYO (LA TOMA)", "SECTOR": "RURAL", "PLANIFICAC": "365 POR DEFINIR", "X": -79.341886, "Y": -3.98968, "CANTON": "CATAMAYO", "NOMBRE": "REYES MARIA DEL CARMEN" }, "geometry": { "type": "Point", "coordinates": [ -79.341886387853577, -3.989679671163467 ] } },
{ "type": "Feature", "properties": { "CI": "1311919003", "GENERO": "MUJER", "PROVINCIA": "MANABI", "PARROQUIA": "ABDON CALDERON", "SECTOR": "RURAL", "PLANIFICAC": "365 POR DEFINIR", "X": -80.364152, "Y": -1.00843, "CANTON": "PORTOVIEJO", "NOMBRE": "PONCE VEGA FLORINDA ALICIA" }, "geometry": { "type": "Point", "coordinates": [ -80.364152003732457, -1.008430001369361 ] } },
{ "type": "Feature", "properties": { "CI": "1105086605", "GENERO": "MUJER", "PROVINCIA": "EL ORO", "PARROQUIA": "BELLAVISTA", "SECTOR": "RURAL", "PLANIFICAC": "365 POR DEFINIR", "X": -79.968753, "Y": -3.487925, "CANTON": "SANTA ROSA", "NOMBRE": "CAMPOVERDE CAMPOVERDE LOURDES ISMENIA" }, "geometry": { "type": "Point", "coordinates": [ -79.968753085301017, -3.487924912733237 ] } },
{ "type": "Feature", "properties": { "CI": "1301292783", "GENERO": "MUJER", "PROVINCIA": "MANABI", "PARROQUIA": "PUEBLO NUEVO", "SECTOR": "RURAL", "PLANIFICAC": "365 POR DEFINIR", "X": -80.30779, "Y": -0.98482, "CANTON": "PORTOVIEJO", "NOMBRE": "TUAREZ MEZA MARIA FABIOLA DE LOS ANGELES" }, "geometry": { "type": "Point", "coordinates": [ -80.307790003873293, -0.984819999249058 ] } },
{ "type": "Feature", "properties": { "CI": "1600700486", "GENERO": "MUJER", "PROVINCIA": "PASTAZA", "PARROQUIA": "10 DE AGOSTO", "SECTOR": "RURAL", "PLANIFICAC": "365 POR DEFINIR", "X": -77.947339, "Y": -1.478953, "CANTON": "PASTAZA", "NOMBRE": "MORA DELEG ROSA ELENA" }, "geometry": { "type": "Point", "coordinates": [ -77.947339121420185, -1.478953052909427 ] } },
{ "type": "Feature", "properties": { "CI": "1202475214", "GENERO": "HOMBRE", "PROVINCIA": "LOS RIOS", "PARROQUIA": "VENTANAS", "SECTOR": "RURAL", "PLANIFICAC": "365 POR DEFINIR", "X": -79.495904, "Y": -1.230426, "CANTON": "VENTANAS", "NOMBRE": "VERA ROSADO JUSTO MAURICIO" }, "geometry": { "type": "Point", "coordinates": [ -79.495903976547311, -1.230426103632046 ] } },
{ "type": "Feature", "properties": { "CI": "1102613831", "GENERO": "MUJER", "PROVINCIA": "ZAMORA CHINCHIPE", "PARROQUIA": "LA PAZ", "SECTOR": "RURAL", "PLANIFICAC": "365 POR DEFINIR", "X": -78.87337, "Y": -3.73319, "CANTON": "YACUAMBI", "NOMBRE": "CONDOLO TENE MARIA ANGELINA" }, "geometry": { "type": "Point", "coordinates": [ -78.873370284211688, -3.733189762201163 ] } },
{ "type": "Feature", "properties": { "CI": "1314910645", "GENERO": "HOMBRE", "PROVINCIA": "MANABI", "PARROQUIA": "CONVENTO", "SECTOR": "RURAL", "PLANIFICAC": "365 POR DEFINIR", "X": -80.038946, "Y": -0.275053, "CANTON": "CHONE", "NOMBRE": "MENDOZA PALMA GABRIEL ALBERTO" }, "geometry": { "type": "Point", "coordinates": [ -80.03894599852984, -0.275052998479552 ] } },
{ "type": "Feature", "properties": { "CI": "1310627219", "GENERO": "HOMBRE", "PROVINCIA": "MANABI", "PARROQUIA": "CONVENTO", "SECTOR": "RURAL", "PLANIFICAC": "365 POR DEFINIR", "X": -80.038739, "Y": -0.275189, "CANTON": "CHONE", "NOMBRE": "MOREIRA MOREIRA GREGORIO GUALBERTO" }, "geometry": { "type": "Point", "coordinates": [ -80.038738995859717, -0.275189296318981 ] } },
{ "type": "Feature", "properties": { "CI": "2400053977", "GENERO": "HOMBRE", "PROVINCIA": "SANTA ELENA", "PARROQUIA": "SAN JOSE DE ANCON", "SECTOR": "RURAL", "PLANIFICAC": "365 POR DEFINIR", "X": -80.844819, "Y": -2.297544, "CANTON": "SANTA ELENA", "NOMBRE": "RAMOS RAMOS  RONALD ALBERTO" }, "geometry": { "type": "Point", "coordinates": [ -80.844818934419862, -2.297544476398524 ] } },
{ "type": "Feature", "properties": { "CI": "1005047574", "GENERO": "MUJER", "PROVINCIA": "IMBABURA", "PARROQUIA": "IMANTAG", "SECTOR": "RURAL", "PLANIFICAC": "365 POR DEFINIR", "X": -78.251428, "Y": 0.372127, "CANTON": "COTACACHI", "NOMBRE": "CAICEDO IPIALES ESTHELA ELIZABETH" }, "geometry": { "type": "Point", "coordinates": [ -78.251427941983764, 0.372126987742601 ] } },
{ "type": "Feature", "properties": { "CI": "2100435904", "GENERO": "HOMBRE", "PROVINCIA": "SUCUMBIOS", "PARROQUIA": "7 DE JULIO", "SECTOR": "RURAL", "PLANIFICAC": "365 POR DEFINIR", "X": -76.788033, "Y": -0.168885, "CANTON": "SHUSHUFINDI", "NOMBRE": "QUIROZ VELASCO WILSON HERNAN" }, "geometry": { "type": "Point", "coordinates": [ -76.788033330059861, -0.168884801886116 ] } },
{ "type": "Feature", "properties": { "CI": "1500379373", "GENERO": "MASCULINO", "PROVINCIA": "SUCUMBIOS", "PARROQUIA": "7 DE JULIO", "SECTOR": "RURAL", "PLANIFICAC": "365 POR DEFINIR", "X": -76.793007, "Y": -0.229191, "CANTON": "SHUSHUFINDI", "NOMBRE": "CAMACHO GAIBOR SEGUNDO MARCO" }, "geometry": { "type": "Point", "coordinates": [ -76.79300711051846, -0.229191202112525 ] } },
{ "type": "Feature", "properties": { "CI": "2100504279", "GENERO": "MUJER", "PROVINCIA": "SUCUMBIOS", "PARROQUIA": "sevilla", "SECTOR": "RURAL", "PLANIFICAC": "365 POR DEFINIR", "X": -77.54949, "Y": 0.047272, "CANTON": "CASCALES", "NOMBRE": "HERNANDEZ CAMPOVERDE VALERIA LEONILA" }, "geometry": { "type": "Point", "coordinates": [ -77.549490001559221, 0.047272002369771 ] } },
{ "type": "Feature", "properties": { "CI": "2100558085", "GENERO": "MUJER", "PROVINCIA": "SUCUMBIOS", "PARROQUIA": "GENERAL FARFAN", "SECTOR": "RURAL", "PLANIFICAC": "365 POR DEFINIR", "X": -76.796293, "Y": 0.216694, "CANTON": "LAGO AGRIO", "NOMBRE": "MAYA RIOFRIO NELLY VIVIANA" }, "geometry": { "type": "Point", "coordinates": [ -76.796293162234406, 0.216693509251629 ] } },
{ "type": "Feature", "properties": { "CI": "1104427719", "GENERO": "HOMBRE", "PROVINCIA": "LOJA", "PARROQUIA": "SAN JOSÉ", "SECTOR": "RURAL", "PLANIFICAC": "365 POR DEFINIR", "X": -79.355025, "Y": -3.998161, "CANTON": "CATAMAYO", "NOMBRE": "ROMERO CANGO JULIO CESAR" }, "geometry": { "type": "Point", "coordinates": [ -79.355025363934274, -3.998161492768055 ] } },
{ "type": "Feature", "properties": { "CI": "1721317459", "GENERO": "MUJER", "PROVINCIA": "SUCUMBIOS", "PARROQUIA": "GONZALO PIZARRO", "SECTOR": "RURAL", "PLANIFICAC": "365 POR DEFINIR", "X": -77.32506, "Y": 0.04398, "CANTON": "GONZALO PIZARRO", "NOMBRE": "JARA GUZMAN RAQUEL NOEMI" }, "geometry": { "type": "Point", "coordinates": [ -77.325060002619963, 0.043980041392266 ] } },
{ "type": "Feature", "properties": { "CI": "1309860698", "GENERO": "MUJER", "PROVINCIA": "MANABI", "PARROQUIA": "SANTA RITA", "SECTOR": "RURAL", "PLANIFICAC": "365 POR DEFINIR", "X": -80.04787, "Y": -0.665491, "CANTON": "CHONE", "NOMBRE": "VERDUGA COBEÑA SILVIA VANESSA" }, "geometry": { "type": "Point", "coordinates": [ -80.047870302181821, -0.665490907286447 ] } },
{ "type": "Feature", "properties": { "CI": "2100251962", "GENERO": "MUJER", "PROVINCIA": "SUCUMBIOS", "PARROQUIA": "SANTA CECILIA", "SECTOR": "RURAL", "PLANIFICAC": "365 POR DEFINIR", "X": -77.028441, "Y": 0.081646, "CANTON": "LAGO AGRIO", "NOMBRE": "SARANGO AGILA JENNY NARCISA" }, "geometry": { "type": "Point", "coordinates": [ -77.028441492982722, 0.08164566842001 ] } },
{ "type": "Feature", "properties": { "CI": "1306697069", "GENERO": "MUJER", "PROVINCIA": "MANABI", "PARROQUIA": "CONVENTO", "SECTOR": "RURAL", "PLANIFICAC": "365 POR DEFINIR", "X": -80.03768, "Y": -0.27356, "CANTON": "CHONE", "NOMBRE": "GUERRERO COBEÑA DALINDA LILA" }, "geometry": { "type": "Point", "coordinates": [ -80.037679996210741, -0.273560002799749 ] } },
{ "type": "Feature", "properties": { "CI": "1101157475", "GENERO": "MUJER", "PROVINCIA": "LOJA", "PARROQUIA": "SAN JOSÉ", "SECTOR": "RURAL", "PLANIFICAC": "365 POR DEFINIR", "X": -79.353367, "Y": -4.003466, "CANTON": "CATAMAYO", "NOMBRE": "VEGA RIVAS RAQUEL SUSANA" }, "geometry": { "type": "Point", "coordinates": [ -79.353366886577732, -4.003466483398557 ] } },
{ "type": "Feature", "properties": { "CI": "1308546876", "GENERO": "HOMBRE", "PROVINCIA": "MANABI", "PARROQUIA": "MEMBRILLO", "SECTOR": "RURAL", "PLANIFICAC": "365 POR DEFINIR", "X": -79.92294, "Y": -0.848369, "CANTON": "BOLIVAR", "NOMBRE": "DELGADO VALENCIA NELSON DIONICIO" }, "geometry": { "type": "Point", "coordinates": [ -79.922939997289333, -0.848368998162013 ] } },
{ "type": "Feature", "properties": { "CI": "2100766449", "GENERO": "HOMBRE", "PROVINCIA": "SUCUMBIOS", "PARROQUIA": "GENERAL FARFAN", "SECTOR": "RURAL", "PLANIFICAC": "365 POR DEFINIR", "X": -76.871832, "Y": 0.108283, "CANTON": "LAGO AGRIO", "NOMBRE": "MUÑOZ ALVAREZ JHEFERSON" }, "geometry": { "type": "Point", "coordinates": [ -76.871832262564197, 0.108283373057541 ] } },
{ "type": "Feature", "properties": { "CI": "1102795794", "GENERO": "MUJER", "PROVINCIA": "LOJA", "PARROQUIA": "QUINARA", "SECTOR": "RURAL", "PLANIFICAC": "365 POR DEFINIR", "X": -79.233102, "Y": -4.337871, "CANTON": "LOJA", "NOMBRE": "ARAUJO AVILA MARIA TARGELIA" }, "geometry": { "type": "Point", "coordinates": [ -79.233101774043405, -4.337870904061336 ] } },
{ "type": "Feature", "properties": { "CI": "1313628487", "GENERO": "MUJER", "PROVINCIA": "MANABI", "PARROQUIA": "FLAVIO ALFARO", "SECTOR": "RURAL", "PLANIFICAC": "365 POR DEFINIR", "X": -79.961117, "Y": -0.41457, "CANTON": "FLAVIO ALFARO", "NOMBRE": "ZAMBRANO MEZA JESSENIA CAROLINA" }, "geometry": { "type": "Point", "coordinates": [ -79.961117343860195, -0.414569699281935 ] } },
{ "type": "Feature", "properties": { "CI": "1312800384", "GENERO": "MUJER", "PROVINCIA": "MANABI", "PARROQUIA": "ZAPALLO", "SECTOR": "RURAL", "PLANIFICAC": "365 POR DEFINIR", "X": -80.000655, "Y": -0.43869, "CANTON": "FLAVIO ALFARO", "NOMBRE": "TUAREZ QUIJIJE LOURDES ADRIANA" }, "geometry": { "type": "Point", "coordinates": [ -80.000655000980757, -0.438689996811456 ] } },
{ "type": "Feature", "properties": { "CI": "1206234161", "GENERO": "HOMBRE", "PROVINCIA": "LOS RIOS", "PARROQUIA": "ZAPOTAL", "SECTOR": "RURAL", "PLANIFICAC": "365 POR DEFINIR", "X": -79.573375, "Y": -1.585563, "CANTON": "VENTANAS", "NOMBRE": "MORALES CEDEÑO REINALDO FABIAN" }, "geometry": { "type": "Point", "coordinates": [ -79.573375315588024, -1.585562843176695 ] } },
{ "type": "Feature", "properties": { "CI": "1003823331", "GENERO": "MUJER", "PROVINCIA": "CARCHI", "PARROQUIA": "MONTE OLIVO", "SECTOR": "RURAL", "PLANIFICAC": "365 POR DEFINIR", "X": -77.833559, "Y": 0.404956, "CANTON": "BOLIVAR", "NOMBRE": "NARVAEZ GUAPAS ADRIANA MARISOL" }, "geometry": { "type": "Point", "coordinates": [ -77.833559000720683, 0.404955975894007 ] } },
{ "type": "Feature", "properties": { "CI": "1101652129", "GENERO": "HOMBRE", "PROVINCIA": "EL ORO", "PARROQUIA": "NUEVO SANTA ROSA", "SECTOR": "RURAL", "PLANIFICAC": "365 POR DEFINIR", "X": -79.951153, "Y": -3.440435, "CANTON": "SANTA ROSA", "NOMBRE": "CORDOVA GUERRERO MANUEL CIRIACO" }, "geometry": { "type": "Point", "coordinates": [ -79.95115277651341, -3.44043476797028 ] } },
{ "type": "Feature", "properties": { "CI": "1207865666", "GENERO": "MUJER", "PROVINCIA": "LOS RIOS", "PARROQUIA": "RICAURTE", "SECTOR": "RURAL", "PLANIFICAC": "365 POR DEFINIR", "X": -79.348, "Y": -1.617865, "CANTON": "URDANETA", "NOMBRE": "CALDERON CHACON JHOULIN ELIZABETH" }, "geometry": { "type": "Point", "coordinates": [ -79.348000403059444, -1.61786510543379 ] } },
{ "type": "Feature", "properties": { "CI": "1723416085", "GENERO": "FEMENINO", "PROVINCIA": "SUCUMBIOS", "PARROQUIA": "7 DE JULIO", "SECTOR": "RURAL", "PLANIFICAC": "365 POR DEFINIR", "X": -76.772788, "Y": -0.235876, "CANTON": "SHUSHUFINDI", "NOMBRE": "ZAMBRANO VARGAS JESSENIA JADIRA" }, "geometry": { "type": "Point", "coordinates": [ -76.772788444975276, -0.235876400062243 ] } },
{ "type": "Feature", "properties": { "CI": "2100233416", "GENERO": "HOMBRE", "PROVINCIA": "SUCUMBIOS", "PARROQUIA": "7 DE JULIO", "SECTOR": "RURAL", "PLANIFICAC": "365 POR DEFINIR", "X": -76.791123, "Y": -0.165159, "CANTON": "SHUSHUFINDI", "NOMBRE": "MORA QUINTANILLA LUIS HOMERO" }, "geometry": { "type": "Point", "coordinates": [ -76.791122914877107, -0.165158901006753 ] } },
{ "type": "Feature", "properties": { "CI": "1103818231", "GENERO": "HOMBRE", "PROVINCIA": "ZAMORA CHINCHIPE", "PARROQUIA": "VALLADOLID", "SECTOR": "RURAL", "PLANIFICAC": "365 POR DEFINIR", "X": -79.088848, "Y": -4.549015, "CANTON": "PALANDA", "NOMBRE": "LANCHE JARA ESGAR EFREN" }, "geometry": { "type": "Point", "coordinates": [ -79.088847999139759, -4.549015122477917 ] } },
{ "type": "Feature", "properties": { "CI": "1102932157", "GENERO": "HOMBRE", "PROVINCIA": "LOJA", "PARROQUIA": "GARZAREAL", "SECTOR": "RURAL", "PLANIFICAC": "365 POR DEFINIR", "X": -80.223363, "Y": -4.303117, "CANTON": "ZAPOTILLO", "NOMBRE": "VIDAL VERA ROQUE GODOFREDO" }, "geometry": { "type": "Point", "coordinates": [ -80.22336291283554, -4.30311683676652 ] } },
{ "type": "Feature", "properties": { "CI": "1103651350", "GENERO": "MUJER", "PROVINCIA": "LOJA", "PARROQUIA": "CIANO", "SECTOR": "RURAL", "PLANIFICAC": "365 POR DEFINIR", "X": -79.97185, "Y": -3.931573, "CANTON": "PUYANGO", "NOMBRE": "MENDOZA TRELLES GLADIS CECILIA" }, "geometry": { "type": "Point", "coordinates": [ -79.971850161440514, -3.931572870926768 ] } },
{ "type": "Feature", "properties": { "CI": "1310201015", "GENERO": "MUJER", "PROVINCIA": "MANABI", "PARROQUIA": "ZAPALLO", "SECTOR": "RURAL", "PLANIFICAC": "365 POR DEFINIR", "X": -79.98424, "Y": -0.455315, "CANTON": "FLAVIO ALFARO", "NOMBRE": "CASTRO SALAZAR JUANA MARGARITA" }, "geometry": { "type": "Point", "coordinates": [ -79.984239995983373, -0.4553149982061 ] } },
{ "type": "Feature", "properties": { "CI": "1205792680", "GENERO": "MUJER", "PROVINCIA": "LOS RIOS", "PARROQUIA": "SAN CARLOS", "SECTOR": "RURAL", "PLANIFICAC": "365 POR DEFINIR", "X": -79.553688, "Y": -1.103685, "CANTON": "QUEVEDO", "NOMBRE": "BENAVIDES DICAO FATIMA ROXANA" }, "geometry": { "type": "Point", "coordinates": [ -79.553688358118634, -1.103685319843504 ] } },
{ "type": "Feature", "properties": { "CI": "1308815206", "GENERO": "MUJER", "PROVINCIA": "MANABI", "PARROQUIA": "ABDON CALDERON", "SECTOR": "RURAL", "PLANIFICAC": "365 POR DEFINIR", "X": -80.330244, "Y": -1.062858, "CANTON": "PORTOVIEJO", "NOMBRE": "PARRAGA MENDOZA ANA AIDEE" }, "geometry": { "type": "Point", "coordinates": [ -80.330244400872942, -1.062858379735119 ] } },
{ "type": "Feature", "properties": { "CI": "1304713637", "GENERO": "HOMBRE", "PROVINCIA": "MANABI", "PARROQUIA": "ZAPALLO", "SECTOR": "RURAL", "PLANIFICAC": "365 POR DEFINIR", "X": -79.95094, "Y": -0.43772, "CANTON": "FLAVIO ALFARO", "NOMBRE": "GARCIA GARCIA JANNY YONNY" }, "geometry": { "type": "Point", "coordinates": [ -79.950939998402831, -0.437719996571375 ] } },
{ "type": "Feature", "properties": { "CI": "1207031863", "GENERO": "MUJER", "PROVINCIA": "LOS RIOS", "PARROQUIA": "MOCACHE", "SECTOR": "RURAL", "PLANIFICAC": "365 POR DEFINIR", "X": -79.465318, "Y": -1.247308, "CANTON": "MOCACHE", "NOMBRE": "SANCHEZ GARCIA WENDY SAMANTHA" }, "geometry": { "type": "Point", "coordinates": [ -79.465318237348143, -1.247307839569106 ] } },
{ "type": "Feature", "properties": { "CI": "1204882508", "GENERO": "MUJER", "PROVINCIA": "LOS RIOS", "PARROQUIA": "FEBRES CORDERO", "SECTOR": "RURAL", "PLANIFICAC": "365 POR DEFINIR", "X": -79.377056, "Y": -1.967128, "CANTON": "BABAHOYO", "NOMBRE": "CABELLO MOYANO JUSTINA PATRICIA" }, "geometry": { "type": "Point", "coordinates": [ -79.377055955902208, -1.967127992368153 ] } },
{ "type": "Feature", "properties": { "CI": "1313937441", "GENERO": "MUJER", "PROVINCIA": "MANABI", "PARROQUIA": "SANTA MARIANITA", "SECTOR": "RURAL", "PLANIFICAC": "365 POR DEFINIR", "X": -80.84838, "Y": -0.98923, "CANTON": "MANTA", "NOMBRE": "ALVIA PONCE CECILIA MARIBEL" }, "geometry": { "type": "Point", "coordinates": [ -80.848379999692298, -0.989230000477057 ] } },
{ "type": "Feature", "properties": { "CI": "1205166034", "GENERO": "MUJER", "PROVINCIA": "SUCUMBIOS", "PARROQUIA": "SANTA CECILIA", "SECTOR": "RURAL", "PLANIFICAC": "365 POR DEFINIR", "X": -76.936416, "Y": 0.081614, "CANTON": "LAGO AGRIO", "NOMBRE": "ZAMBRANO GUERRERO SONIA MARITZA" }, "geometry": { "type": "Point", "coordinates": [ -76.936416277674823, 0.081614015786053 ] } },
{ "type": "Feature", "properties": { "CI": "1311155269", "GENERO": "MUJER", "PROVINCIA": "LOS RIOS", "PARROQUIA": "MOCACHE", "SECTOR": "RURAL", "PLANIFICAC": "365 POR DEFINIR", "X": -79.61899, "Y": -1.132454, "CANTON": "MOCACHE", "NOMBRE": "JIMENEZ VERA GINGER LISSETH" }, "geometry": { "type": "Point", "coordinates": [ -79.618989905228574, -1.13245435593155 ] } },
{ "type": "Feature", "properties": { "CI": "1103357719", "GENERO": "HOMBRE", "PROVINCIA": "LOJA", "PARROQUIA": "CATAMAYO (LA TOMA)", "SECTOR": "RURAL", "PLANIFICAC": "365 POR DEFINIR", "X": -79.344492, "Y": -3.992316, "CANTON": "CATAMAYO", "NOMBRE": "NOLE MEDINA JOSE AURICIO" }, "geometry": { "type": "Point", "coordinates": [ -79.344492462893641, -3.992316482959425 ] } },
{ "type": "Feature", "properties": { "CI": "2100356613", "GENERO": "MUJER", "PROVINCIA": "SUCUMBIOS", "PARROQUIA": "PACAYACU", "SECTOR": "RURAL", "PLANIFICAC": "365 POR DEFINIR", "X": -76.592848, "Y": -0.043175, "CANTON": "LAGO AGRIO", "NOMBRE": "GONZALEZ SARANGO MERI CONSUELO" }, "geometry": { "type": "Point", "coordinates": [ -76.592847672776628, -0.043175155138063 ] } },
{ "type": "Feature", "properties": { "CI": "1308094935", "GENERO": "HOMBRE", "PROVINCIA": "MANABI", "PARROQUIA": "ABDON CALDERON", "SECTOR": "RURAL", "PLANIFICAC": "365 POR DEFINIR", "X": -80.343274, "Y": -1.030067, "CANTON": "PORTOVIEJO", "NOMBRE": "ALARCON ZAMORA LUIS ALBERTO" }, "geometry": { "type": "Point", "coordinates": [ -80.343274365866435, -1.030066961169928 ] } },
{ "type": "Feature", "properties": { "CI": "1308913985", "GENERO": "MUJER", "PROVINCIA": "MANABI", "PARROQUIA": "PORTOVIEJO", "SECTOR": "RURAL", "PLANIFICAC": "365 POR DEFINIR", "X": -80.328154, "Y": -1.035108, "CANTON": "PORTOVIEJO", "NOMBRE": "VERA ZAMBRANO LUCELY DEL CARMEN" }, "geometry": { "type": "Point", "coordinates": [ -80.328153587398759, -1.035107662683812 ] } },
{ "type": "Feature", "properties": { "CI": "1716853633", "GENERO": "MUJER", "PROVINCIA": "MANABI", "PARROQUIA": "CHARAPOTO", "SECTOR": "RURAL", "PLANIFICAC": "365 POR DEFINIR", "X": -80.469453, "Y": -0.852319, "CANTON": "SUCRE", "NOMBRE": "ZAMBRANO VARGAS ELSA RAMONA" }, "geometry": { "type": "Point", "coordinates": [ -80.469452626793966, -0.852319056569118 ] } },
{ "type": "Feature", "properties": { "CI": "1313933259", "GENERO": "MUJER", "PROVINCIA": "MANABI", "PARROQUIA": "SANTA MARIANITA", "SECTOR": "RURAL", "PLANIFICAC": "365 POR DEFINIR", "X": -80.85062, "Y": -0.9988, "CANTON": "MANTA", "NOMBRE": "RODRIGUEZ CALDERON SILVIA PATRICIA" }, "geometry": { "type": "Point", "coordinates": [ -80.850620002174949, -0.998799999996273 ] } },
{ "type": "Feature", "properties": { "CI": "1205603697", "GENERO": "HOMBRE", "PROVINCIA": "LOS RIOS", "PARROQUIA": "GUARE", "SECTOR": "RURAL", "PLANIFICAC": "365 POR DEFINIR", "X": -79.709419, "Y": -1.655105, "CANTON": "BABA", "NOMBRE": "QUIROZ ELAJE CARLOS JULIO" }, "geometry": { "type": "Point", "coordinates": [ -79.709419374727446, -1.655104560291781 ] } },
{ "type": "Feature", "properties": { "CI": "1400449540", "GENERO": "HOMBRE", "PROVINCIA": "MORONA SANTIAGO", "PARROQUIA": "HUAMBI", "SECTOR": "RURAL", "PLANIFICAC": "365 POR DEFINIR", "X": -78.17024, "Y": -2.546065, "CANTON": "SUCUA", "NOMBRE": "MOROCHO TENESACA VICTOR GUILLERMO" }, "geometry": { "type": "Point", "coordinates": [ -78.170239945650849, -2.546065204561388 ] } },
{ "type": "Feature", "properties": { "CI": "1204279630", "GENERO": "MUJER", "PROVINCIA": "LOS RIOS", "PARROQUIA": "FEBRES CORDERO", "SECTOR": "RURAL", "PLANIFICAC": "365 POR DEFINIR", "X": -79.319536, "Y": -1.967112, "CANTON": "BABAHOYO", "NOMBRE": "TORRES SAA ANGELA TERESA" }, "geometry": { "type": "Point", "coordinates": [ -79.319536240675774, -1.967112489492411 ] } },
{ "type": "Feature", "properties": { "CI": "2100868138", "GENERO": "FEMENINO", "PROVINCIA": "SUCUMBIOS", "PARROQUIA": "SAN PEDRO DE LOS COFANES", "SECTOR": "RURAL", "PLANIFICAC": "365 POR DEFINIR", "X": -76.833296, "Y": -0.181025, "CANTON": "SHUSHUFINDI", "NOMBRE": "PINCAY PASQUEL KATHERIN MERCEDES" }, "geometry": { "type": "Point", "coordinates": [ -76.833296143141453, -0.181024851329966 ] } },
{ "type": "Feature", "properties": { "CI": "1207086099", "GENERO": "MUJER", "PROVINCIA": "LOS RIOS", "PARROQUIA": "QUEVEDO", "SECTOR": "RURAL", "PLANIFICAC": "365 POR DEFINIR", "X": -79.437612, "Y": -1.055914, "CANTON": "QUEVEDO", "NOMBRE": "BUSTAMANTE REALPE DIANA CAROLINA" }, "geometry": { "type": "Point", "coordinates": [ -79.437612168466245, -1.055913599885921 ] } },
{ "type": "Feature", "properties": { "CI": "1900098730", "GENERO": "MUJER", "PROVINCIA": "LOJA", "PARROQUIA": "EL VALLE", "SECTOR": "RURAL", "PLANIFICAC": "365 POR DEFINIR", "X": -79.183075, "Y": -3.978329, "CANTON": "LOJA", "NOMBRE": "VERA ALVARADO MARIA ROSARIO" }, "geometry": { "type": "Point", "coordinates": [ -79.183075434893169, -3.978329496875459 ] } },
{ "type": "Feature", "properties": { "CI": "1206853333", "GENERO": "MUJER", "PROVINCIA": "LOS RIOS", "PARROQUIA": "PIMOCHA", "SECTOR": "URBANO", "PLANIFICAC": "365 POR DEFINIR", "X": -79.558603, "Y": -1.762194, "CANTON": "BABAHOYO", "NOMBRE": "REYES MIRANDA DENISE BRIGITTE" }, "geometry": { "type": "Point", "coordinates": [ -79.558603412092026, -1.762193742818018 ] } },
{ "type": "Feature", "properties": { "CI": "1500322795", "GENERO": "MUJER", "PROVINCIA": "SUCUMBIOS", "PARROQUIA": "GONZALO PIZARRO", "SECTOR": "RURAL", "PLANIFICAC": "365 POR DEFINIR", "X": -77.382208, "Y": 0.003787, "CANTON": "GONZALO PIZARRO", "NOMBRE": "YEPEZ BURBANO GRACIELA ROSANA" }, "geometry": { "type": "Point", "coordinates": [ -77.382207818913727, 0.003787462756468 ] } },
{ "type": "Feature", "properties": { "CI": "1712608627", "GENERO": "HOMBRE", "PROVINCIA": "IMBABURA", "PARROQUIA": "GARCIA MORENO", "SECTOR": "RURAL", "PLANIFICAC": "365 POR DEFINIR", "X": -78.275866, "Y": 0.329957, "CANTON": "COTACACHI", "NOMBRE": "SANCHEZ ALVARADO HECTOR ADRIAN" }, "geometry": { "type": "Point", "coordinates": [ -78.275865986556411, 0.329956963418308 ] } },
{ "type": "Feature", "properties": { "CI": "2150058135", "GENERO": "MUJER", "PROVINCIA": "SUCUMBIOS", "PARROQUIA": "SANTA CECILIA", "SECTOR": "RURAL", "PLANIFICAC": "365 POR DEFINIR", "X": -77.009033, "Y": 0.081918, "CANTON": "LAGO AGRIO", "NOMBRE": "LOOR LUCERO YELIXA GHINOLLY" }, "geometry": { "type": "Point", "coordinates": [ -77.009033213401224, 0.081917916936008 ] } },
{ "type": "Feature", "properties": { "CI": "2100624358", "GENERO": "HOMBRE", "PROVINCIA": "SUCUMBIOS", "PARROQUIA": "SIETE DE JULIO", "SECTOR": "RURAL", "PLANIFICAC": "365 POR DEFINIR", "X": -76.791888, "Y": -0.182289, "CANTON": "SHUSHUFINDI", "NOMBRE": "VERDEZOTO FUENTES ESTUARDO MARCELO" }, "geometry": { "type": "Point", "coordinates": [ -76.791888091851789, -0.182288590091065 ] } },
{ "type": "Feature", "properties": { "CI": "1003537667", "GENERO": "MUJER", "PROVINCIA": "IMBABURA", "PARROQUIA": "PABLO ARENAS", "SECTOR": "RURAL", "PLANIFICAC": "365 POR DEFINIR", "X": -78.163774, "Y": 0.51676, "CANTON": "SAN MIGUEL DE URCUQUI", "NOMBRE": "MORALES MORALES KELLY MISHELL" }, "geometry": { "type": "Point", "coordinates": [ -78.163774062331726, 0.516759610069444 ] } },
{ "type": "Feature", "properties": { "CI": "1309335402", "GENERO": "HOMBRE", "PROVINCIA": "MANABI", "PARROQUIA": "CONVENTO", "SECTOR": "RURAL", "PLANIFICAC": "365 POR DEFINIR", "X": -80.03875, "Y": -0.27489, "CANTON": "CHONE", "NOMBRE": "BRAVO BRAVO DIOCLES JOAQUIN" }, "geometry": { "type": "Point", "coordinates": [ -80.038750000180201, -0.274890000268135 ] } },
{ "type": "Feature", "properties": { "CI": "1304518622", "GENERO": "HOMBRE", "PROVINCIA": "MANABI", "PARROQUIA": "SANTA ANA", "SECTOR": "URBANO", "PLANIFICAC": "365 POR DEFINIR", "X": -80.405439, "Y": -1.180582, "CANTON": "SANTA ANA", "NOMBRE": "VERA PIN SANTA TIOPISTA" }, "geometry": { "type": "Point", "coordinates": [ -80.40543897542689, -1.180581640159914 ] } },
{ "type": "Feature", "properties": { "CI": "1311293474", "GENERO": "HOMBRE", "PROVINCIA": "MANABI", "PARROQUIA": "ABDON CALDERON", "SECTOR": "RURAL", "PLANIFICAC": "365 POR DEFINIR", "X": -80.353115, "Y": -1.031715, "CANTON": "PORTOVIEJO", "NOMBRE": "OSTAIZA MEDRANDA NIXON ROBERTO" }, "geometry": { "type": "Point", "coordinates": [ -80.353115460829457, -1.031715487251775 ] } },
{ "type": "Feature", "properties": { "CI": "1104545312", "GENERO": "HOMBRE", "PROVINCIA": "LOJA", "PARROQUIA": "NAMBACOLA", "SECTOR": "RURAL", "PLANIFICAC": "365 POR DEFINIR", "X": -79.439047, "Y": -4.16819, "CANTON": "GONZANAMA", "NOMBRE": "CUEVA LUDEÑA KLEVER PAULINO" }, "geometry": { "type": "Point", "coordinates": [ -79.439046779051324, -4.168190337493329 ] } },
{ "type": "Feature", "properties": { "CI": "1102716576", "GENERO": "HOMBRE", "PROVINCIA": "LOJA", "PARROQUIA": "SAN JOSÉ", "SECTOR": "RURAL", "PLANIFICAC": "365 POR DEFINIR", "X": -79.360439, "Y": -3.992828, "CANTON": "CATAMAYO", "NOMBRE": "CUENCA JARA LUIS ALCIVAR" }, "geometry": { "type": "Point", "coordinates": [ -79.360438858363239, -3.992827841385689 ] } },
{ "type": "Feature", "properties": { "CI": "1004198196", "GENERO": "MUJER", "PROVINCIA": "CARCHI", "PARROQUIA": "MONTE OLIVO", "SECTOR": "RURAL", "PLANIFICAC": "365 POR DEFINIR", "X": -77.874024, "Y": 0.404319, "CANTON": "BOLIVAR", "NOMBRE": "GUAPAS NARVAEZ ADELA JAQUELINE" }, "geometry": { "type": "Point", "coordinates": [ -77.874024003356027, 0.404318932771676 ] } },
{ "type": "Feature", "properties": { "CI": "1308837143", "GENERO": "HOMBRE", "PROVINCIA": "MANABI", "PARROQUIA": "CONVENTO", "SECTOR": "RURAL", "PLANIFICAC": "365 POR DEFINIR", "X": -80.035747, "Y": -0.280255, "CANTON": "CHONE", "NOMBRE": "CARRANZA ARCENTALES JORGE ALFREDO" }, "geometry": { "type": "Point", "coordinates": [ -80.035747000469215, -0.280254798265766 ] } },
{ "type": "Feature", "properties": { "CI": "2100990361", "GENERO": "MUJER", "PROVINCIA": "SUCUMBIOS", "PARROQUIA": "SANTA CECILIA", "SECTOR": "RURAL", "PLANIFICAC": "365 POR DEFINIR", "X": -76.943443, "Y": 0.091732, "CANTON": "LAGO AGRIO", "NOMBRE": "NARVAEZ PEÑAFIEL ISMENIA DASMARY" }, "geometry": { "type": "Point", "coordinates": [ -76.943442746549323, 0.091731821037522 ] } },
{ "type": "Feature", "properties": { "CI": "1750374066", "GENERO": "MUJER", "PROVINCIA": "CARCHI", "PARROQUIA": "LA PAZ", "SECTOR": "URBANO", "PLANIFICAC": "365 POR DEFINIR", "X": -77.814515, "Y": 0.606582, "CANTON": "MONTUFAR", "NOMBRE": "AYALA LÓPEZ ALBA MARINA" }, "geometry": { "type": "Point", "coordinates": [ -77.814514969557592, 0.606581649253015 ] } },
{ "type": "Feature", "properties": { "CI": "1204988404", "GENERO": "MUJER", "PROVINCIA": "LOS RIOS", "PARROQUIA": "ZAPOTAL", "SECTOR": "RURAL", "PLANIFICAC": "365 POR DEFINIR", "X": -79.573375, "Y": -1.585563, "CANTON": "VENTANAS", "NOMBRE": "CASTRO CAMPUZANO MERCY JOSEFINA" }, "geometry": { "type": "Point", "coordinates": [ -79.573375315588024, -1.585562843176695 ] } },
{ "type": "Feature", "properties": { "CI": "1207220615", "GENERO": "MUJER", "PROVINCIA": "LOS RIOS", "PARROQUIA": "ZAPOTAL", "SECTOR": "RURAL", "PLANIFICAC": "365 POR DEFINIR", "X": -79.573384, "Y": -1.585671, "CANTON": "VENTANAS", "NOMBRE": "MIRANDA ROMERO MARIANA JESUS" }, "geometry": { "type": "Point", "coordinates": [ -79.573384228628598, -1.585671382460121 ] } },
{ "type": "Feature", "properties": { "CI": "1308415445", "GENERO": "HOMBRE", "PROVINCIA": "MANABI", "PARROQUIA": "SANTA RITA", "SECTOR": "RURAL", "PLANIFICAC": "365 POR DEFINIR", "X": -80.058302, "Y": -0.673191, "CANTON": "CHONE", "NOMBRE": "GONZALEZ DELGADO HECTOR MARIANO" }, "geometry": { "type": "Point", "coordinates": [ -80.058301703238612, -0.673191129977131 ] } },
{ "type": "Feature", "properties": { "CI": "1201762091", "GENERO": "MUJER", "PROVINCIA": "LOS RIOS", "PARROQUIA": "ZAPOTAL", "SECTOR": "RURAL", "PLANIFICAC": "365 POR DEFINIR", "X": -79.463835, "Y": -1.427652, "CANTON": "VENTANAS", "NOMBRE": "BARDALES VERA SONIA FRANCISCA" }, "geometry": { "type": "Point", "coordinates": [ -79.463834962518717, -1.427651991066304 ] } },
{ "type": "Feature", "properties": { "CI": "2100318738", "GENERO": "MUJER", "PROVINCIA": "SUCUMBIOS", "PARROQUIA": "GENERAL FARFAN", "SECTOR": "RURAL", "PLANIFICAC": "365 POR DEFINIR", "X": -76.819879, "Y": 0.202765, "CANTON": "LAGO AGRIO", "NOMBRE": "ANDRADE YELA MARIA EDILMA" }, "geometry": { "type": "Point", "coordinates": [ -76.8198790993751, 0.202764841704037 ] } },
{ "type": "Feature", "properties": { "CI": "1308991742", "GENERO": "HOMBRE", "PROVINCIA": "MANABI", "PARROQUIA": "JUNIN", "SECTOR": "RURAL", "PLANIFICAC": "365 POR DEFINIR", "X": -80.194349, "Y": -0.888375, "CANTON": "JUNIN", "NOMBRE": "PALMA PINARGOTE CARLOS SILVINO" }, "geometry": { "type": "Point", "coordinates": [ -80.194349484682334, -0.888375175311714 ] } },
{ "type": "Feature", "properties": { "CI": "1400872212", "GENERO": "MUJER", "PROVINCIA": "MORONA SANTIAGO", "PARROQUIA": "METZERA", "SECTOR": "RURAL", "PLANIFICAC": "365 POR DEFINIR", "X": -77.969043, "Y": -1.690136, "CANTON": "PALORA", "NOMBRE": "AREVALO BERNAL ELSA MARIELA" }, "geometry": { "type": "Point", "coordinates": [ -77.969042869874784, -1.690135976302895 ] } },
{ "type": "Feature", "properties": { "CI": "1311834772", "GENERO": "MUJER", "PROVINCIA": "MANABI", "PARROQUIA": "PORTOVIEJO", "SECTOR": "URBANO", "PLANIFICAC": "365 POR DEFINIR", "X": -80.495299, "Y": -1.044425, "CANTON": "PORTOVIEJO", "NOMBRE": "ZAMORA CEVALLOS PATRICIA ALEJANDRINA" }, "geometry": { "type": "Point", "coordinates": [ -80.495299429204195, -1.044425182630407 ] } },
{ "type": "Feature", "properties": { "CI": "2100769831", "GENERO": "MUJER", "PROVINCIA": "SUCUMBIOS", "PARROQUIA": "DURENO", "SECTOR": "RURAL", "PLANIFICAC": "365 POR DEFINIR", "X": -76.710121, "Y": 0.059957, "CANTON": "LAGO AGRIO", "NOMBRE": "PERRAZO LLERENA SARA NOEMI" }, "geometry": { "type": "Point", "coordinates": [ -76.710121010720414, 0.059956776665299 ] } },
{ "type": "Feature", "properties": { "CI": "1208034460", "GENERO": "MUJER", "PROVINCIA": "LOS RIOS", "PARROQUIA": "PUERTO PECHICHE", "SECTOR": "RURAL", "PLANIFICAC": "365 POR DEFINIR", "X": -79.54987, "Y": -1.379657, "CANTON": "PUEBLOVIEJO", "NOMBRE": "RUIZ SANCHEZ MORELVA MADELEYN" }, "geometry": { "type": "Point", "coordinates": [ -79.549870156951528, -1.379656883365387 ] } },
{ "type": "Feature", "properties": { "CI": "1500139355", "GENERO": "HOMBRE", "PROVINCIA": "LOS RIOS", "PARROQUIA": "ZAPOTAL", "SECTOR": "RURAL", "PLANIFICAC": "365 POR DEFINIR", "X": -79.573375, "Y": -1.585563, "CANTON": "VENTANAS", "NOMBRE": "SANCHO VEGA GALO HERIBERTO" }, "geometry": { "type": "Point", "coordinates": [ -79.573375315588024, -1.585562843176695 ] } },
{ "type": "Feature", "properties": { "CI": "1206720169", "GENERO": "MUJER", "PROVINCIA": "LOS RIOS", "PARROQUIA": "SAN JUAN", "SECTOR": "RURAL", "PLANIFICAC": "365 POR DEFINIR", "X": -79.568522, "Y": -1.661592, "CANTON": "PUEBLOVIEJO", "NOMBRE": "LAMILLA MANZO MARIA MARIUXI" }, "geometry": { "type": "Point", "coordinates": [ -79.568522028502386, -1.661592039744583 ] } },
{ "type": "Feature", "properties": { "CI": "1307636579", "GENERO": "HOMBRE", "PROVINCIA": "MANABI", "PARROQUIA": "ZAPALLO", "SECTOR": "RURAL", "PLANIFICAC": "365 POR DEFINIR", "X": -80.44744, "Y": -1.07241, "CANTON": "FLAVIO ALFARO", "NOMBRE": "MOLINA BAILON CARLOS FLORENCIO" }, "geometry": { "type": "Point", "coordinates": [ -80.447439995199204, -1.072409999898615 ] } },
{ "type": "Feature", "properties": { "CI": "1714423447", "GENERO": "MUJER", "PROVINCIA": "CARCHI", "PARROQUIA": "MONTE OLIVO", "SECTOR": "RURAL", "PLANIFICAC": "365 POR DEFINIR", "X": -77.875233, "Y": 0.400855, "CANTON": "BOLIVAR", "NOMBRE": "GALLARDO CORONEL WILMA EMPERATRIZ" }, "geometry": { "type": "Point", "coordinates": [ -77.875232996705591, 0.400854951604517 ] } },
{ "type": "Feature", "properties": { "CI": "1103604128", "GENERO": "HOMBRE", "PROVINCIA": "LOJA", "PARROQUIA": "NAMBACOLA", "SECTOR": "RURAL", "PLANIFICAC": "365 POR DEFINIR", "X": -79.376274, "Y": -4.134467, "CANTON": "GONZANAMA", "NOMBRE": "LOAIZA CASTILLO MANUEL AGUSTIN" }, "geometry": { "type": "Point", "coordinates": [ -79.376274178604106, -4.134467433789941 ] } },
{ "type": "Feature", "properties": { "CI": "1310791346", "GENERO": "MUJER", "PROVINCIA": "MANABI", "PARROQUIA": "JUNIN", "SECTOR": "URBANO", "PLANIFICAC": "365 POR DEFINIR", "X": -80.204352, "Y": -0.930181, "CANTON": "JUNIN", "NOMBRE": "GARCIA MOLINA JESSENIA ELIZABETH" }, "geometry": { "type": "Point", "coordinates": [ -80.204351780426364, -0.930180831590903 ] } },
{ "type": "Feature", "properties": { "CI": "1207586791", "GENERO": "HOMBRE", "PROVINCIA": "LOS RIOS", "PARROQUIA": "PIMOCHA", "SECTOR": "URBANO", "PLANIFICAC": "365 POR DEFINIR", "X": -79.542095, "Y": -1.75812, "CANTON": "BABAHOYO", "NOMBRE": "GUERRERO PINTO BYRON ARTURO" }, "geometry": { "type": "Point", "coordinates": [ -79.54209547468875, -1.758119931798933 ] } },
{ "type": "Feature", "properties": { "CI": "1207742345", "GENERO": "HOMBRE", "PROVINCIA": "LOS RIOS", "PARROQUIA": "PIMOCHA", "SECTOR": "URBANO", "PLANIFICAC": "365 POR DEFINIR", "X": -79.572792, "Y": -1.719877, "CANTON": "BABAHOYO", "NOMBRE": "TOMALA MOREJON HENRRY LENIN" }, "geometry": { "type": "Point", "coordinates": [ -79.572791566426176, -1.71987689941443 ] } },
{ "type": "Feature", "properties": { "CI": "1314909076", "GENERO": "MUJER", "PROVINCIA": "MANABI", "PARROQUIA": "TOSAGUA", "SECTOR": "URBANO", "PLANIFICAC": "365 POR DEFINIR", "X": -80.225411, "Y": -0.784203, "CANTON": "TOSAGUA", "NOMBRE": "RIVAS MACAY MARIA JOSEFA" }, "geometry": { "type": "Point", "coordinates": [ -80.225410867796015, -0.784202800621226 ] } },
{ "type": "Feature", "properties": { "CI": "1204204331", "GENERO": "HOMBRE", "PROVINCIA": "LOS RIOS", "PARROQUIA": "LOS ANGELES", "SECTOR": "RURAL", "PLANIFICAC": "365 POR DEFINIR", "X": -79.463835, "Y": -1.40054, "CANTON": "VENTANAS", "NOMBRE": "LARA JURADO STALIN FERNANDO" }, "geometry": { "type": "Point", "coordinates": [ -79.463834998181795, -1.400540011669194 ] } },
{ "type": "Feature", "properties": { "CI": "1202372486", "GENERO": "MUJER", "PROVINCIA": "LOS RIOS", "PARROQUIA": "SAN JUAN", "SECTOR": "RURAL", "PLANIFICAC": "365 POR DEFINIR", "X": -79.584335, "Y": -1.641461, "CANTON": "PUEBLOVIEJO", "NOMBRE": "SANCHEZ RAMIREZ MARÍA ESMERALDA" }, "geometry": { "type": "Point", "coordinates": [ -79.584334700070499, -1.641461035341549 ] } },
{ "type": "Feature", "properties": { "CI": "1311276461", "GENERO": "HOMBRE", "PROVINCIA": "SANTO DOMINGO", "PARROQUIA": "ABRAHAM CALAZACON", "SECTOR": "RURAL", "PLANIFICAC": "365 POR DEFINIR", "X": -79.218864, "Y": -0.258998, "CANTON": "SANTO DOMINGO", "NOMBRE": "CHICA MACIAS RUDY DANIEL" }, "geometry": { "type": "Point", "coordinates": [ -79.218863772066314, -0.258998055194889 ] } },
{ "type": "Feature", "properties": { "CI": "1307123560", "GENERO": "MUJER", "PROVINCIA": "MANABI", "PARROQUIA": "CRUCITA", "SECTOR": "RURAL", "PLANIFICAC": "365 POR DEFINIR", "X": -80.530496, "Y": -0.848012, "CANTON": "PORTOVIEJO", "NOMBRE": "MACIAS LOOR NANCY TRINIDAD" }, "geometry": { "type": "Point", "coordinates": [ -80.530495503115148, -0.848011620473423 ] } },
{ "type": "Feature", "properties": { "CI": "1304474818", "GENERO": "HOMBRE", "PROVINCIA": "MANABI", "PARROQUIA": "ZAPALLO", "SECTOR": "RURAL", "PLANIFICAC": "365 POR DEFINIR", "X": -79.99936, "Y": -0.44199, "CANTON": "FLAVIO ALFARO", "NOMBRE": "SALAZAR DELGADO FIDEL ALEJANDRO" }, "geometry": { "type": "Point", "coordinates": [ -79.999360001046909, -0.44199000015601 ] } },
{ "type": "Feature", "properties": { "CI": "1303450058", "GENERO": "MUJER", "PROVINCIA": "MANABI", "PARROQUIA": "RÍO CHICO", "SECTOR": "RURAL", "PLANIFICAC": "365 POR DEFINIR", "X": -80.54485, "Y": -0.98225, "CANTON": "PORTOVIEJO", "NOMBRE": "VELEZ CEVALLOS RAMONA ASUNCION" }, "geometry": { "type": "Point", "coordinates": [ -80.544849997756145, -0.982250002785397 ] } },
{ "type": "Feature", "properties": { "CI": "1716019847", "GENERO": "HOMBRE", "PROVINCIA": "SANTO DOMINGO", "PARROQUIA": "VALLE HERMOSO", "SECTOR": "RURAL", "PLANIFICAC": "365 POR DEFINIR", "X": -79.18636, "Y": -0.150878, "CANTON": "SANTO DOMINGO", "NOMBRE": "CASTILLO ORDOÑEZ OSCAR MAURICIO" }, "geometry": { "type": "Point", "coordinates": [ -79.186359693587448, -0.150878296100313 ] } },
{ "type": "Feature", "properties": { "CI": "1301558084", "GENERO": "HOMBRE", "PROVINCIA": "MANABI", "PARROQUIA": "ZAPALLO", "SECTOR": "RURAL", "PLANIFICAC": "365 POR DEFINIR", "X": -80.00217, "Y": -0.44365, "CANTON": "FLAVIO ALFARO", "NOMBRE": "CUADROS JOSE ERASMO" }, "geometry": { "type": "Point", "coordinates": [ -80.002170001246412, -0.443650000852985 ] } },
{ "type": "Feature", "properties": { "CI": "1311737835", "GENERO": "MUJER", "PROVINCIA": "MANABI", "PARROQUIA": "TOSAGUA", "SECTOR": "URBANO", "PLANIFICAC": "365 POR DEFINIR", "X": -80.235632, "Y": -0.769178, "CANTON": "TOSAGUA", "NOMBRE": "CEDEÑO SOLORZANOMARIA ELIZABETH" }, "geometry": { "type": "Point", "coordinates": [ -80.235631522282276, -0.769178477313844 ] } },
{ "type": "Feature", "properties": { "CI": "1202114649", "GENERO": "HOMBRE", "PROVINCIA": "LOS RIOS", "PARROQUIA": "ZAPOTAL", "SECTOR": "RURAL", "PLANIFICAC": "365 POR DEFINIR", "X": -79.573375, "Y": -1.585563, "CANTON": "VENTANAS", "NOMBRE": "MERELO ARTEAGA FIODOR WLADIMIR" }, "geometry": { "type": "Point", "coordinates": [ -79.573375315588024, -1.585562843176695 ] } },
{ "type": "Feature", "properties": { "CI": "1310925126", "GENERO": "MUJER", "PROVINCIA": "MANABI", "PARROQUIA": "WILFRIDO LOR", "SECTOR": "RURAL", "PLANIFICAC": "365 POR DEFINIR", "X": -79.588918, "Y": -0.272742, "CANTON": "EL CARMEN", "NOMBRE": "PEÑARRIETA MUENTES AMPARO ALEXANDRA" }, "geometry": { "type": "Point", "coordinates": [ -79.588917997430897, -0.272741996523972 ] } },
{ "type": "Feature", "properties": { "CI": "1207221787", "GENERO": "HOMBRE", "PROVINCIA": "LOS RIOS", "PARROQUIA": "GUARE", "SECTOR": "RURAL", "PLANIFICAC": "365 POR DEFINIR", "X": -79.720086, "Y": -1.644438, "CANTON": "BABA", "NOMBRE": "LITARDO SANTANA CARLOS DAVID" }, "geometry": { "type": "Point", "coordinates": [ -79.720086197707914, -1.644438451927337 ] } },
{ "type": "Feature", "properties": { "CI": "1310730450", "GENERO": "MUJER", "PROVINCIA": "MANABI", "PARROQUIA": "CHARAPOTO", "SECTOR": "RURAL", "PLANIFICAC": "365 POR DEFINIR", "X": -80.5134, "Y": -0.77197, "CANTON": "SUCRE", "NOMBRE": "ZAMBRANO ZAMBRANO GABRIELA PATRICIA" }, "geometry": { "type": "Point", "coordinates": [ -80.51340000262239, -0.771969998570726 ] } },
{ "type": "Feature", "properties": { "CI": "1204388829", "GENERO": "MUJER", "PROVINCIA": "LOS RIOS", "PARROQUIA": "ZAPOTAL", "SECTOR": "RURAL", "PLANIFICAC": "365 POR DEFINIR", "X": -79.463835, "Y": -1.427652, "CANTON": "VENTANAS", "NOMBRE": "GUAMAN MONTERO MARISOL ESMERALDA" }, "geometry": { "type": "Point", "coordinates": [ -79.463834962518717, -1.427651991066304 ] } },
{ "type": "Feature", "properties": { "CI": "1305812727", "GENERO": "MUJER", "PROVINCIA": "MANABI", "PARROQUIA": "ZAPALLO", "SECTOR": "RURAL", "PLANIFICAC": "365 POR DEFINIR", "X": -80.00217, "Y": -0.44365, "CANTON": "FLAVIO ALFARO", "NOMBRE": "VELEZ DELGADO AURA MARILU" }, "geometry": { "type": "Point", "coordinates": [ -80.002170001246412, -0.443650000852985 ] } },
{ "type": "Feature", "properties": { "CI": "1307739795", "GENERO": "MUJER", "PROVINCIA": "MANABI", "PARROQUIA": "CHARAPOTO", "SECTOR": "RURAL", "PLANIFICAC": "365 POR DEFINIR", "X": -80.40779, "Y": -0.85321, "CANTON": "SUCRE", "NOMBRE": "JIMENEZ MURILLO ROSA ARACELY" }, "geometry": { "type": "Point", "coordinates": [ -80.407790000046887, -0.853210004161533 ] } },
{ "type": "Feature", "properties": { "CI": "1303609737", "GENERO": "HOMBRE", "PROVINCIA": "MANABI", "PARROQUIA": "CONVENTO", "SECTOR": "RURAL", "PLANIFICAC": "365 POR DEFINIR", "X": -79.95206, "Y": -0.16549, "CANTON": "CHONE", "NOMBRE": "MOREIRA VERA JOSE RAYMUNDO" }, "geometry": { "type": "Point", "coordinates": [ -79.952060002280277, -0.165489996623565 ] } },
{ "type": "Feature", "properties": { "CI": "1314483460", "GENERO": "MUJER", "PROVINCIA": "MANABI", "PARROQUIA": "ALHAJUELA", "SECTOR": "RURAL", "PLANIFICAC": "365 POR DEFINIR", "X": -80.274811, "Y": -1.052098, "CANTON": "PORTOVIEJO", "NOMBRE": "VELEZ LOOR SONIA CAMILA" }, "geometry": { "type": "Point", "coordinates": [ -80.274811299122547, -1.052098474190363 ] } },
{ "type": "Feature", "properties": { "CI": "1306105097", "GENERO": "MUJER", "PROVINCIA": "MANABI", "PARROQUIA": "ZAPALLO", "SECTOR": "RURAL", "PLANIFICAC": "365 POR DEFINIR", "X": -79.95085, "Y": -0.44968, "CANTON": "FLAVIO ALFARO", "NOMBRE": "ZAMBRANO ACOSTA MERCEDES ERLINDA" }, "geometry": { "type": "Point", "coordinates": [ -79.950849995184285, -0.449679999568326 ] } },
{ "type": "Feature", "properties": { "CI": "1205052432", "GENERO": "MUJER", "PROVINCIA": "LOS RIOS", "PARROQUIA": "VENTANAS", "SECTOR": "RURAL", "PLANIFICAC": "365 POR DEFINIR", "X": -79.495904, "Y": -1.230426, "CANTON": "VENTANAS", "NOMBRE": "ZAMBRANO JIMENEZ MARCELA IDELIZA" }, "geometry": { "type": "Point", "coordinates": [ -79.495903976547311, -1.230426103632046 ] } },
{ "type": "Feature", "properties": { "CI": "1301501316", "GENERO": "MUJER", "PROVINCIA": "MANABI", "PARROQUIA": "CHARAPOTO", "SECTOR": "RURAL", "PLANIFICAC": "365 POR DEFINIR", "X": -80.47063, "Y": -0.85419, "CANTON": "SUCRE", "NOMBRE": "MERO ESPINOZA SANTA JESUS" }, "geometry": { "type": "Point", "coordinates": [ -80.470630001302482, -0.854190001978187 ] } },
{ "type": "Feature", "properties": { "CI": "1201251939", "GENERO": "HOMBRE", "PROVINCIA": "LOS RIOS", "PARROQUIA": "ZAPOTAL", "SECTOR": "RURAL", "PLANIFICAC": "365 POR DEFINIR", "X": -79.572233, "Y": -1.586286, "CANTON": "VENTANAS", "NOMBRE": "RIVERA VALLE MANUEL EUGENIO" }, "geometry": { "type": "Point", "coordinates": [ -79.572233425031158, -1.586285604634285 ] } },
{ "type": "Feature", "properties": { "CI": "1102937636", "GENERO": "MUJER", "PROVINCIA": "LOJA", "PARROQUIA": "GARZAREAL", "SECTOR": "RURAL", "PLANIFICAC": "365 POR DEFINIR", "X": -80.224111, "Y": -4.302426, "CANTON": "ZAPOTILLO", "NOMBRE": "VALDEZ ZAPATA YENNY BIBIANA" }, "geometry": { "type": "Point", "coordinates": [ -80.224110637588367, -4.302425582656062 ] } },
{ "type": "Feature", "properties": { "CI": "1103645816", "GENERO": "MUJER", "PROVINCIA": "LOJA", "PARROQUIA": "QUINARA", "SECTOR": "RURAL", "PLANIFICAC": "365 POR DEFINIR", "X": -79.233967, "Y": -4.341553, "CANTON": "LOJA", "NOMBRE": "JIMENEZ JIMENEZ MARIA NELLY" }, "geometry": { "type": "Point", "coordinates": [ -79.233967003985853, -4.341553234488306 ] } },
{ "type": "Feature", "properties": { "CI": "1202010847", "GENERO": "MUJER", "PROVINCIA": "LOS RIOS", "PARROQUIA": "RICAURTE", "SECTOR": "RURAL", "PLANIFICAC": "365 POR DEFINIR", "X": -79.379319, "Y": -1.501685, "CANTON": "URDANETA", "NOMBRE": "VARAS MEJIA EUGENIA MARILU" }, "geometry": { "type": "Point", "coordinates": [ -79.379318996803448, -1.5016850438829 ] } },
{ "type": "Feature", "properties": { "CI": "1203741952", "GENERO": "HOMBRE", "PROVINCIA": "LOS RIOS", "PARROQUIA": "GUARE", "SECTOR": "RURAL", "PLANIFICAC": "365 POR DEFINIR", "X": -79.713174, "Y": -1.644253, "CANTON": "BABA", "NOMBRE": "VERA GONZALES CARLOS DANIEL" }, "geometry": { "type": "Point", "coordinates": [ -79.713174422401053, -1.644253081410543 ] } },
{ "type": "Feature", "properties": { "CI": "1720587326", "GENERO": "MUJER", "PROVINCIA": "MANABI", "PARROQUIA": "CONVENTO", "SECTOR": "RURAL", "PLANIFICAC": "365 POR DEFINIR", "X": -80.037068, "Y": -0.276256, "CANTON": "CHONE", "NOMBRE": "CEDEÑO CAGUA GERMANIA LUCIA" }, "geometry": { "type": "Point", "coordinates": [ -80.037067997544156, -0.276256003633407 ] } },
{ "type": "Feature", "properties": { "CI": "1310668726", "GENERO": "HOMBRE", "PROVINCIA": "MANABI", "PARROQUIA": "JUNIN", "SECTOR": "URBANO", "PLANIFICAC": "365 POR DEFINIR", "X": -80.284799, "Y": -0.914566, "CANTON": "JUNIN", "NOMBRE": "QUIROZ CEVALLOS PEDRO PABLO" }, "geometry": { "type": "Point", "coordinates": [ -80.284798763264888, -0.914565673519117 ] } },
{ "type": "Feature", "properties": { "CI": "1716443336", "GENERO": "MUJER", "PROVINCIA": "SANTO DOMINGO", "PARROQUIA": "RIO TOACHI", "SECTOR": "RURAL", "PLANIFICAC": "365 POR DEFINIR", "X": -79.196558, "Y": -0.211755, "CANTON": "SANTO DOMINGO", "NOMBRE": "AGUILAR AGUIRRE IRMA MERCEDES" }, "geometry": { "type": "Point", "coordinates": [ -79.196557529017269, -0.211755287872713 ] } },
{ "type": "Feature", "properties": { "CI": "1311172181", "GENERO": "MUJER", "PROVINCIA": "MANABI", "PARROQUIA": "ALHAJUELA", "SECTOR": "RURAL", "PLANIFICAC": "365 POR DEFINIR", "X": -80.29805, "Y": -1.049579, "CANTON": "PORTOVIEJO", "NOMBRE": "GARCIA ALAVA SHIRLEY FERNANDA" }, "geometry": { "type": "Point", "coordinates": [ -80.298050002494122, -1.049578799868079 ] } },
{ "type": "Feature", "properties": { "CI": "1207168244", "GENERO": "MUJER", "PROVINCIA": "LOS RIOS", "PARROQUIA": "MOCACHE", "SECTOR": "URBANO", "PLANIFICAC": "365 POR DEFINIR", "X": -79.353635, "Y": -1.194064, "CANTON": "MOCACHE", "NOMBRE": "MONTOYA MEDINA MEIBY MERCEDES" }, "geometry": { "type": "Point", "coordinates": [ -79.353635418979323, -1.194064024393634 ] } },
{ "type": "Feature", "properties": { "CI": "1204876229", "GENERO": "MUJER", "PROVINCIA": "LOS RIOS", "PARROQUIA": "QUEVEDO", "SECTOR": "URBANO", "PLANIFICAC": "365 POR DEFINIR", "X": -79.652925, "Y": -1.181113, "CANTON": "QUEVEDO", "NOMBRE": "REINA ZAMBRANO OLGA LEONELA" }, "geometry": { "type": "Point", "coordinates": [ -79.652924781313814, -1.181113157740113 ] } },
{ "type": "Feature", "properties": { "CI": "1004118426", "GENERO": "MUJER", "PROVINCIA": "IMBABURA", "PARROQUIA": "URCUQUI", "SECTOR": "URBANO", "PLANIFICAC": "365 POR DEFINIR", "X": -78.1985, "Y": 0.438789, "CANTON": "URCUQUI", "NOMBRE": "ALCUACER RODRIGUEZ BLANCA BEATRIZ" }, "geometry": { "type": "Point", "coordinates": [ -78.198499978409657, 0.438788995894918 ] } },
{ "type": "Feature", "properties": { "CI": "1206239319", "GENERO": "MUJER", "PROVINCIA": "LOS RIOS", "PARROQUIA": "PALENQUE", "SECTOR": "URBANO", "PLANIFICAC": "365 POR DEFINIR", "X": -79.579853, "Y": -1.334451, "CANTON": "PALENQUE", "NOMBRE": "RIVAS MURILLO FATIMA BARTOLA" }, "geometry": { "type": "Point", "coordinates": [ -79.579853001042309, -1.334450999686336 ] } },
{ "type": "Feature", "properties": { "CI": "1203725260", "GENERO": "HOMBRE", "PROVINCIA": "GUAYAS", "PARROQUIA": "JUJAN", "SECTOR": "URBANO", "PLANIFICAC": "365 POR DEFINIR", "X": -79.540926, "Y": -1.967123, "CANTON": "ALFREDO BAQUERIZO MORENO (JUJAN)", "NOMBRE": "SANTILLAN FRANCO CARLOS JUAN" }, "geometry": { "type": "Point", "coordinates": [ -79.540925847169987, -1.967123063888119 ] } },
{ "type": "Feature", "properties": { "CI": "1250659255", "GENERO": "HOMBRE", "PROVINCIA": "LOS RIOS", "PARROQUIA": "PIMOCHA", "SECTOR": "URBANO", "PLANIFICAC": "365 POR DEFINIR", "X": -79.555892, "Y": -1.734317, "CANTON": "BABAHOYO", "NOMBRE": "SANCHEZ CARPIO MARIO ALONSO" }, "geometry": { "type": "Point", "coordinates": [ -79.555892334388574, -1.734316969062967 ] } },
{ "type": "Feature", "properties": { "CI": "1002654422", "GENERO": "HOMBRE", "PROVINCIA": "IMBABURA", "PARROQUIA": "PIMAMPIRO", "SECTOR": "URBANO", "PLANIFICAC": "365 POR DEFINIR", "X": -77.920651, "Y": 0.332863, "CANTON": "PIMAMPIRO", "NOMBRE": "GUACALES CAICEDO MANUEL MESIAS" }, "geometry": { "type": "Point", "coordinates": [ -77.920651010312667, 0.332862954874541 ] } },
{ "type": "Feature", "properties": { "CI": "1313269738", "GENERO": "MUJER", "PROVINCIA": "MANABI", "PARROQUIA": "TOSAGUA", "SECTOR": "URBANO", "PLANIFICAC": "365 POR DEFINIR", "X": -80.408262, "Y": -0.759517, "CANTON": "TOSAGUA", "NOMBRE": "FARFAN BAREN MARIA YESENIA" }, "geometry": { "type": "Point", "coordinates": [ -80.408262498821685, -0.759516951146928 ] } },
{ "type": "Feature", "properties": { "CI": "1350163760", "GENERO": "MUJER", "PROVINCIA": "MANABI", "PARROQUIA": "TOSAGUA", "SECTOR": "URBANO", "PLANIFICAC": "365 POR DEFINIR", "X": -80.246276, "Y": -0.793452, "CANTON": "TOSAGUA", "NOMBRE": "MERO PAREDES MARIA MONSERRATE" }, "geometry": { "type": "Point", "coordinates": [ -80.246276001819155, -0.793452103379427 ] } },
{ "type": "Feature", "properties": { "CI": "1307622918", "GENERO": "MUJER", "PROVINCIA": "MANABI", "PARROQUIA": "TOSAGUA", "SECTOR": "URBANO", "PLANIFICAC": "365 POR DEFINIR", "X": -80.219501, "Y": -0.767231, "CANTON": "TOSAGUA", "NOMBRE": "MARCILLO MARIA ALEXANDRA" }, "geometry": { "type": "Point", "coordinates": [ -80.219500695350447, -0.76723055107102 ] } },
{ "type": "Feature", "properties": { "CI": "1305802447", "GENERO": "MUJER", "PROVINCIA": "MANABI", "PARROQUIA": "TOSAGUA", "SECTOR": "URBANO", "PLANIFICAC": "365 POR DEFINIR", "X": -80.23645, "Y": -0.77265, "CANTON": "TOSAGUA", "NOMBRE": "SOLORZANO PINCAY VIOLETA CONCEPCION" }, "geometry": { "type": "Point", "coordinates": [ -80.236450001049263, -0.772649997747332 ] } },
{ "type": "Feature", "properties": { "CI": "1315131803", "GENERO": "MUJER", "PROVINCIA": "MANABI", "PARROQUIA": "TOSAGUA", "SECTOR": "URBANO", "PLANIFICAC": "365 POR DEFINIR", "X": -80.222007, "Y": -0.770587, "CANTON": "TOSAGUA", "NOMBRE": "MARCILLO ROSADO JENNIFER MARISELA" }, "geometry": { "type": "Point", "coordinates": [ -80.22200738018357, -0.770587246544678 ] } },
{ "type": "Feature", "properties": { "CI": "1310438690", "GENERO": "MUJER", "PROVINCIA": "MANABI", "PARROQUIA": "TOSAGUA", "SECTOR": "URBANO", "PLANIFICAC": "365 POR DEFINIR", "X": -80.23799, "Y": -0.79854, "CANTON": "TOSAGUA", "NOMBRE": "SALVATIERRA MACIAS GLORIA MARIA" }, "geometry": { "type": "Point", "coordinates": [ -80.237989999809557, -0.798539995575446 ] } },
{ "type": "Feature", "properties": { "CI": "1203013915", "GENERO": "MUJER", "PROVINCIA": "LOS RIOS", "PARROQUIA": "MOCACHE", "SECTOR": "URBANO", "PLANIFICAC": "365 POR DEFINIR", "X": -79.582686, "Y": -1.188314, "CANTON": "MOCACHE", "NOMBRE": "MORA MOSQUERA BERTHA SUSANA" }, "geometry": { "type": "Point", "coordinates": [ -79.582686442471598, -1.18831358921665 ] } },
{ "type": "Feature", "properties": { "CI": "1304363003", "GENERO": "MUJER", "PROVINCIA": "LOS RIOS", "PARROQUIA": "VALENCIA", "SECTOR": "URBANO", "PLANIFICAC": "365 POR DEFINIR", "X": -79.333964, "Y": -0.950304, "CANTON": "VALENCIA", "NOMBRE": "VERA GANCHOZO JOVITA DOLORES" }, "geometry": { "type": "Point", "coordinates": [ -79.333964489374409, -0.950304414722506 ] } },
{ "type": "Feature", "properties": { "CI": "1207250828", "GENERO": "MUJER", "PROVINCIA": "LOS RIOS", "PARROQUIA": "PIMOCHA", "SECTOR": "URBANO", "PLANIFICAC": "365 POR DEFINIR", "X": -79.576249, "Y": -1.699566, "CANTON": "BABAHOYO", "NOMBRE": "DAMIANI LEON ANGY ESTEFANIA" }, "geometry": { "type": "Point", "coordinates": [ -79.576248928458469, -1.699565717217162 ] } },
{ "type": "Feature", "properties": { "CI": "1205387697", "GENERO": "MUJER", "PROVINCIA": "LOS RIOS", "PARROQUIA": "QUEVEDO", "SECTOR": "URBANO", "PLANIFICAC": "365 POR DEFINIR", "X": -79.472884, "Y": -0.986301, "CANTON": "QUEVEDO", "NOMBRE": "FERNANDEZ MERINO JESSICA VANESSA" }, "geometry": { "type": "Point", "coordinates": [ -79.472884105336846, -0.986301088780435 ] } },
{ "type": "Feature", "properties": { "CI": "1310124282", "GENERO": "MUJER", "PROVINCIA": "MANABI", "PARROQUIA": "TOSAGUA", "SECTOR": "URBANO", "PLANIFICAC": "365 POR DEFINIR", "X": -80.243997, "Y": -0.773821, "CANTON": "TOSAGUA", "NOMBRE": "OSTAIZA ZAMORA GIOCONDA MONSERRATE" }, "geometry": { "type": "Point", "coordinates": [ -80.243996995197634, -0.773820797980881 ] } },
{ "type": "Feature", "properties": { "CI": "1307283166", "GENERO": "HOMBRE", "PROVINCIA": "CAÑAR", "PARROQUIA": "LA TRONCAL", "SECTOR": "URBANO", "PLANIFICAC": "365 POR DEFINIR", "X": -79.330974, "Y": -2.423869, "CANTON": "LA TRONCAL", "NOMBRE": "CONFORME ZAMBRANO LUIS CARMELO" }, "geometry": { "type": "Point", "coordinates": [ -79.330973936370597, -2.423869304332917 ] } },
{ "type": "Feature", "properties": { "CI": "1312140047", "GENERO": "MUJER", "PROVINCIA": "MANABI", "PARROQUIA": "TOSAGUA", "SECTOR": "URBANO", "PLANIFICAC": "365 POR DEFINIR", "X": -80.230547, "Y": -0.757734, "CANTON": "TOSAGUA", "NOMBRE": "FALCONES ALCIVAR YOHANA CRISTINA" }, "geometry": { "type": "Point", "coordinates": [ -80.230547060973223, -0.757733764773875 ] } },
{ "type": "Feature", "properties": { "CI": "1206603092", "GENERO": "MUJER", "PROVINCIA": "LOS RIOS", "PARROQUIA": "QUEVEDO", "SECTOR": "URBANO", "PLANIFICAC": "365 POR DEFINIR", "X": -79.474413, "Y": -0.983959, "CANTON": "QUEVEDO", "NOMBRE": "HOLGUIN CAZCO CINTHYA PATRICIA" }, "geometry": { "type": "Point", "coordinates": [ -79.47441259704668, -0.983959382887458 ] } },
{ "type": "Feature", "properties": { "CI": "1307013043", "GENERO": "HOMBRE", "PROVINCIA": "MANABI", "PARROQUIA": "PICHINCHA", "SECTOR": "URBANO", "PLANIFICAC": "365 POR DEFINIR", "X": -79.855201, "Y": -1.04498, "CANTON": "PICHINCHA", "NOMBRE": "CHAVARRIA VERA MAURO NICANOR" }, "geometry": { "type": "Point", "coordinates": [ -79.855200539088486, -1.044979767505698 ] } },
{ "type": "Feature", "properties": { "CI": "1208519973", "GENERO": "MUJER", "PROVINCIA": "LOS RIOS", "PARROQUIA": "QUEVEDO", "SECTOR": "URBANO", "PLANIFICAC": "365 POR DEFINIR", "X": -79.478254, "Y": -0.993448, "CANTON": "QUEVEDO", "NOMBRE": "GRIJALVA ACOSTA JENIFFER STEFANIA" }, "geometry": { "type": "Point", "coordinates": [ -79.47825379863977, -0.993448384994188 ] } },
{ "type": "Feature", "properties": { "CI": "1312189846", "GENERO": "MUJER", "PROVINCIA": "MANABI", "PARROQUIA": "JUNIN", "SECTOR": "URBANO", "PLANIFICAC": "365 POR DEFINIR", "X": -80.28479, "Y": -0.914674, "CANTON": "JUNIN", "NOMBRE": "VARGAS QUIROZ LAURA ELENA" }, "geometry": { "type": "Point", "coordinates": [ -80.284789754594868, -0.914674230687787 ] } },
{ "type": "Feature", "properties": { "CI": "1208595403", "GENERO": "MUJER", "PROVINCIA": "GUAYAS", "PARROQUIA": "JUJAN", "SECTOR": "URBANO", "PLANIFICAC": "365 POR DEFINIR", "X": -79.564069, "Y": -1.992467, "CANTON": "ALFREDO BAQUERIZO MORENO (JUJAN)", "NOMBRE": "ALCIVAR MARTINEZ ROXANA JESUS" }, "geometry": { "type": "Point", "coordinates": [ -79.564069018941709, -1.992467446590404 ] } },
{ "type": "Feature", "properties": { "CI": "1206389890", "GENERO": "MUJER", "PROVINCIA": "LOS RIOS", "PARROQUIA": "BABA", "SECTOR": "URBANO", "PLANIFICAC": "365 POR DEFINIR", "X": -79.696429, "Y": -1.816647, "CANTON": "BABA", "NOMBRE": "HERRERA CASILLA LEYDA EDITH" }, "geometry": { "type": "Point", "coordinates": [ -79.696428689289448, -1.816646565178659 ] } },
{ "type": "Feature", "properties": { "CI": "1003717954", "GENERO": "MUJER", "PROVINCIA": "CARCHI", "PARROQUIA": "LA PAZ", "SECTOR": "URBANO", "PLANIFICAC": "365 POR DEFINIR", "X": -77.864209, "Y": 0.54202, "CANTON": "MONTUFAR", "NOMBRE": "POTOSI OBANDO AMALIA EUGENIA" }, "geometry": { "type": "Point", "coordinates": [ -77.864208955518023, 0.542020430431399 ] } },
{ "type": "Feature", "properties": { "CI": "1711111821", "GENERO": "MUJER", "PROVINCIA": "CARCHI", "PARROQUIA": "MIRA", "SECTOR": "URBANO", "PLANIFICAC": "365 POR DEFINIR", "X": -78.033052, "Y": 0.542106, "CANTON": "MIRA", "NOMBRE": "CASTILLO CHICAIZA NELLY YOLANDA" }, "geometry": { "type": "Point", "coordinates": [ -78.033051637249628, 0.542106152426719 ] } },
{ "type": "Feature", "properties": { "CI": "1204527244", "GENERO": "MUJER", "PROVINCIA": "LOS RIOS", "PARROQUIA": "QUEVEDO", "SECTOR": "URBANO", "PLANIFICAC": "365 POR DEFINIR", "X": -79.481595, "Y": -1.071084, "CANTON": "QUEVEDO", "NOMBRE": "NARANJO SALTOS SUSY MARCELA" }, "geometry": { "type": "Point", "coordinates": [ -79.481595291651246, -1.071084384255523 ] } },
{ "type": "Feature", "properties": { "CI": "1311658320", "GENERO": "HOMBRE", "PROVINCIA": "MANABI", "PARROQUIA": "TOSAGUA", "SECTOR": "URBANO", "PLANIFICAC": "365 POR DEFINIR", "X": -80.246519, "Y": -0.79224, "CANTON": "TOSAGUA", "NOMBRE": "MERO LUCAS BAIRON MANUEL" }, "geometry": { "type": "Point", "coordinates": [ -80.246519368382991, -0.792239979120604 ] } },
{ "type": "Feature", "properties": { "CI": "803384874", "GENERO": "MUJER", "PROVINCIA": "ESMERALDAS", "PARROQUIA": "MAJUA", "SECTOR": "RURAL", "PLANIFICAC": "200 BID", "X": -78.607292, "Y": 0.715299, "CANTON": "ESMERALDAS", "NOMBRE": "MARTINEZ ALMEIDA ERIKA VIVIANA" }, "geometry": { "type": "Point", "coordinates": [ -78.607291925775101, 0.715299439771845 ] } },
{ "type": "Feature", "properties": { "CI": "1004171243", "GENERO": "MUJER", "PROVINCIA": "CARCHI", "PARROQUIA": "MIRA", "SECTOR": "URBANO", "PLANIFICAC": "365 POR DEFINIR", "X": -78.044014, "Y": 0.552204, "CANTON": "MIRA", "NOMBRE": "TANA TORRES KARINA XIMENA" }, "geometry": { "type": "Point", "coordinates": [ -78.044014221684549, 0.552203859878427 ] } },
{ "type": "Feature", "properties": { "CI": "401684360", "GENERO": "MUJER", "PROVINCIA": "CARCHI", "PARROQUIA": "MIRA", "SECTOR": "URBANO", "PLANIFICAC": "365 POR DEFINIR", "X": -78.044349, "Y": 0.547144, "CANTON": "MIRA", "NOMBRE": "JARAMILLO CARANQUI ANDREA NATALY" }, "geometry": { "type": "Point", "coordinates": [ -78.044348790901068, 0.547144320428126 ] } },
{ "type": "Feature", "properties": { "CI": "1714716428", "GENERO": "MUJER", "PROVINCIA": "CARCHI", "PARROQUIA": "MIRA", "SECTOR": "URBANO", "PLANIFICAC": "365 POR DEFINIR", "X": -78.045917, "Y": 0.551401, "CANTON": "MIRA", "NOMBRE": "LEON REINOSO ESPERANZA CUMANDA" }, "geometry": { "type": "Point", "coordinates": [ -78.045917346516248, 0.551400679887377 ] } },
{ "type": "Feature", "properties": { "CI": "802772277", "GENERO": "MUJER", "PROVINCIA": "ESMERALDAS", "PARROQUIA": "MALIMPIA", "SECTOR": "URBANO", "PLANIFICAC": "365 POR DEFINIR", "X": -79.394391, "Y": 0.361797, "CANTON": "QUININDE", "NOMBRE": "PONCE CHAVEZ LELI DIANA" }, "geometry": { "type": "Point", "coordinates": [ -79.394390990600087, 0.361796747876904 ] } },
{ "type": "Feature", "properties": { "CI": "604419408", "GENERO": "MUJER", "PROVINCIA": "CHIMBORAZO", "PARROQUIA": "GUAMOTE", "SECTOR": "RURAL", "PLANIFICAC": "200 BID", "X": -78.706888, "Y": -2.044529, "CANTON": "GUAMOTE", "NOMBRE": "MEJIA LEMA ANGEL OSWALDO" }, "geometry": { "type": "Point", "coordinates": [ -78.706887914220701, -2.044528783148327 ] } },
{ "type": "Feature", "properties": { "CI": "201083532", "GENERO": "MUJER", "PROVINCIA": "LOS RIOS", "PARROQUIA": "PUERTO PECHICHE", "SECTOR": "RURAL", "PLANIFICAC": "200 BID", "X": -79.552245, "Y": -1.055988, "CANTON": "PUEBLOVIEJO", "NOMBRE": "PEÑA CHILENO MARIA HORTENSIA" }, "geometry": { "type": "Point", "coordinates": [ -79.552244581447695, -1.055987558691881 ] } },
{ "type": "Feature", "properties": { "CI": "201943875", "GENERO": "MUJER", "PROVINCIA": "BOLIVAR", "PARROQUIA": "SAN SIMON", "SECTOR": "RURAL", "PLANIFICAC": "200 BID", "X": -78.96502, "Y": -1.622216, "CANTON": "GUARANDA", "NOMBRE": "MARIA ROSA TENELEMA CHIMBOLEMA" }, "geometry": { "type": "Point", "coordinates": [ -78.965020221684071, -1.62221649706382 ] } },
{ "type": "Feature", "properties": { "CI": "202334686", "GENERO": "MUJER", "PROVINCIA": "BOLIVAR", "PARROQUIA": "LA ASUNCION", "SECTOR": "RURAL", "PLANIFICAC": "200 BID", "X": -79.036092, "Y": -1.639186, "CANTON": "CHIMBO", "NOMBRE": "RAMIREZ MULLO MANUELA CLEMENCIA" }, "geometry": { "type": "Point", "coordinates": [ -79.036091697140222, -1.639186492896519 ] } },
{ "type": "Feature", "properties": { "CI": "940540180", "GENERO": "MUJER", "PROVINCIA": "LOS RIOS", "PARROQUIA": "MOCACHE", "SECTOR": "RURAL", "PLANIFICAC": "200 BID", "X": -79.652253, "Y": -1.138159, "CANTON": "MOCACHE", "NOMBRE": "URIÑA BARZOLA DOLORES GISSELA" }, "geometry": { "type": "Point", "coordinates": [ -79.652253167815829, -1.138159270448348 ] } },
{ "type": "Feature", "properties": { "CI": "918172537", "GENERO": "HOMBRE", "PROVINCIA": "SANTA ELENA", "PARROQUIA": "JOSE LUIS TAMAYO", "SECTOR": "RURAL", "PLANIFICAC": "200 BID", "X": -80.925155, "Y": -2.241911, "CANTON": "SALINAS", "NOMBRE": "ROCAFUERTE LAINEZ WILSON ALBERTO" }, "geometry": { "type": "Point", "coordinates": [ -80.925155403017385, -2.241910924371018 ] } },
{ "type": "Feature", "properties": { "CI": "603136938", "GENERO": "HOMBRE", "PROVINCIA": "CHIMBORAZO", "PARROQUIA": "GUAMOTE", "SECTOR": "RURAL", "PLANIFICAC": "200 BID", "X": -78.679717, "Y": -2.056765, "CANTON": "GUAMOTE", "NOMBRE": "MALAN CHUTO MARIANO" }, "geometry": { "type": "Point", "coordinates": [ -78.679717256895515, -2.056765477919265 ] } },
{ "type": "Feature", "properties": { "CI": "201513728", "GENERO": "MUJER", "PROVINCIA": "BOLIVAR", "PARROQUIA": "SAN VICENTE", "SECTOR": "RURAL", "PLANIFICAC": "200 BID", "X": -79.019566, "Y": -1.721423, "CANTON": "SAN MIGUEL", "NOMBRE": "SULCA GAROFALO ROSA MARIA" }, "geometry": { "type": "Point", "coordinates": [ -79.019566195842671, -1.721423407373277 ] } },
{ "type": "Feature", "properties": { "CI": "302645544", "GENERO": "MUJER", "PROVINCIA": "CAÑAR", "PARROQUIA": "GUAPAN", "SECTOR": "RURAL", "PLANIFICAC": "200 BID", "X": -78.843694, "Y": -2.705118, "CANTON": "AZOGUES", "NOMBRE": "HERRERA CABRERA MARCIA JANETH" }, "geometry": { "type": "Point", "coordinates": [ -78.843694057344194, -2.705117724152521 ] } },
{ "type": "Feature", "properties": { "CI": "803509967", "GENERO": "MUJER", "PROVINCIA": "ESMERALDAS", "PARROQUIA": "VICHE", "SECTOR": "RURAL", "PLANIFICAC": "200 BID", "X": -79.485925, "Y": 0.636562, "CANTON": "QUININDE", "NOMBRE": "CEVALLOS CEVALLOS MARIA FERNANDA" }, "geometry": { "type": "Point", "coordinates": [ -79.485925442689961, 0.636562059350132 ] } },
{ "type": "Feature", "properties": { "CI": "201587060", "GENERO": "HOMBRE", "PROVINCIA": "LOS RIOS", "PARROQUIA": "ZAPOTAL", "SECTOR": "RURAL", "PLANIFICAC": "200 BID", "X": -79.436705, "Y": -1.253567, "CANTON": "VENTANAS", "NOMBRE": "VEGA VILLACRES WILLIAM VINICIO" }, "geometry": { "type": "Point", "coordinates": [ -79.436704512413897, -1.253567342215109 ] } },
{ "type": "Feature", "properties": { "CI": "200859239", "GENERO": "MUJER", "PROVINCIA": "LOS RIOS", "PARROQUIA": "MOCACHE", "SECTOR": "RURAL", "PLANIFICAC": "200 BID", "X": -79.471764, "Y": -1.31828, "CANTON": "MOCACHE", "NOMBRE": "MILAN MARIA LUISA" }, "geometry": { "type": "Point", "coordinates": [ -79.471763749018052, -1.318280131237706 ] } },
{ "type": "Feature", "properties": { "CI": "150209237", "GENERO": "MUJER", "PROVINCIA": "CAÑAR", "PARROQUIA": "EL TAMBO", "SECTOR": "RURAL", "PLANIFICAC": "200 BID", "X": -78.934627, "Y": -2.505411, "CANTON": "EL TAMBO", "NOMBRE": "ALVAREZ BERMEO MARIA FLOR" }, "geometry": { "type": "Point", "coordinates": [ -78.934626723578091, -2.505411292373418 ] } },
{ "type": "Feature", "properties": { "CI": "503521155", "GENERO": "MUJER", "PROVINCIA": "LOS RIOS", "PARROQUIA": "VALENCIA", "SECTOR": "RURAL", "PLANIFICAC": "200 BID", "X": -79.317551, "Y": -0.948822, "CANTON": "VALENCIA", "NOMBRE": "SANCHEZ ZAMBRANO JANETH MARISOL" }, "geometry": { "type": "Point", "coordinates": [ -79.317551228474443, -0.948822337091014 ] } },
{ "type": "Feature", "properties": { "CI": "605209535", "GENERO": "HOMBRE", "PROVINCIA": "CHIMBORAZO", "PARROQUIA": "GUAMOTE", "SECTOR": "RURAL", "PLANIFICAC": "200 BID", "X": -78.68717, "Y": -2.047348, "CANTON": "GUAMOTE", "NOMBRE": "ELVIS APULEMA EDGAR MARIANO" }, "geometry": { "type": "Point", "coordinates": [ -78.687170476003573, -2.047347857127483 ] } },
{ "type": "Feature", "properties": { "CI": "1313629865", "GENERO": "HOMBRE", "PROVINCIA": "MANABI", "PARROQUIA": "CHONE", "SECTOR": "RURAL", "PLANIFICAC": "200 BID", "X": -80.151325, "Y": -0.784243, "CANTON": "CHONE", "NOMBRE": "ARTEGA VALDEZ JUAN JOSE" }, "geometry": { "type": "Point", "coordinates": [ -80.151324705967383, -0.784242618434361 ] } },
{ "type": "Feature", "properties": { "CI": "401799127", "GENERO": "MUJER", "PROVINCIA": "SUCUMBIOS", "PARROQUIA": "LA BONITA", "SECTOR": "RURAL", "PLANIFICAC": "200 BID", "X": -77.525437, "Y": 0.542787, "CANTON": "SUCUMBIOS", "NOMBRE": "JARAMILLO ESTACIO CRISTINA LUCIA" }, "geometry": { "type": "Point", "coordinates": [ -77.525436878568158, 0.54278686823813 ] } },
{ "type": "Feature", "properties": { "CI": "2100237672", "GENERO": "MASCULINO", "PROVINCIA": "SUCUMBIOS", "PARROQUIA": "7 DE JULIO", "SECTOR": "RURAL", "PLANIFICAC": "200 BID", "X": -76.744509, "Y": 0.009181, "CANTON": "SHUSHUFINDI", "NOMBRE": "CABRERA LOAYZA WILLANS ALFREDO" }, "geometry": { "type": "Point", "coordinates": [ -76.744509122005979, 0.009181373607261 ] } },
{ "type": "Feature", "properties": { "CI": "200112035", "GENERO": "HOMBRE", "PROVINCIA": "SUCUMBIOS", "PARROQUIA": "SHUSHSUFINDI", "SECTOR": "RURAL", "PLANIFICAC": "200 BID", "X": -76.725159, "Y": -0.272381, "CANTON": "SHUSHUFINDI", "NOMBRE": "VERDEZOTO VERDEZOTO FLAVIO EDILBERTO" }, "geometry": { "type": "Point", "coordinates": [ -76.725158536430229, -0.272380779141439 ] } },
{ "type": "Feature", "properties": { "CI": "921259958", "GENERO": "MUJER", "PROVINCIA": "MANABI", "PARROQUIA": "ANDRES DE VERA", "SECTOR": "RURAL", "PLANIFICAC": "200 BID", "X": -80.480934, "Y": -1.060228, "CANTON": "PORTOVIEJO", "NOMBRE": "SANCHEZ PEREZ ALEXIS MARÍA" }, "geometry": { "type": "Point", "coordinates": [ -80.480934200907527, -1.060227778831293 ] } },
{ "type": "Feature", "properties": { "CI": "1309397758", "GENERO": "MASCULINO", "PROVINCIA": "MANABI", "PARROQUIA": "FLAVIO ALFARO", "SECTOR": "RURAL", "PLANIFICAC": "200 BID", "X": -79.904132, "Y": -0.411405, "CANTON": "FLAVIO ALFARO", "NOMBRE": "BARRE TIGUA TITO RODULFO" }, "geometry": { "type": "Point", "coordinates": [ -79.90413230017873, -0.4114050362513 ] } },
{ "type": "Feature", "properties": { "CI": "918799404", "GENERO": "MUJER", "PROVINCIA": "SANTA ELENA", "PARROQUIA": "JOSE LUIS TAMAYO", "SECTOR": "RURAL", "PLANIFICAC": "200 BID", "X": -80.922619, "Y": -2.238256, "CANTON": "SALINAS", "NOMBRE": "PANCHANA YAGUAL MIRIAM FLORESMILA" }, "geometry": { "type": "Point", "coordinates": [ -80.922619405968376, -2.238255736486852 ] } },
{ "type": "Feature", "properties": { "CI": "1311099145", "GENERO": "HOMBRE", "PROVINCIA": "MANABI", "PARROQUIA": "CRUCITA", "SECTOR": "RURAL", "PLANIFICAC": "200 BID", "X": -80.533836, "Y": -0.871978, "CANTON": "PORTOVIEJO", "NOMBRE": "MENDOZA HOLGUIN ITALO FERNANDO" }, "geometry": { "type": "Point", "coordinates": [ -80.533835917370723, -0.871977508377899 ] } },
{ "type": "Feature", "properties": { "CI": "301259479", "GENERO": "MUJER", "PROVINCIA": "CAÑAR", "PARROQUIA": "GUAPAN", "SECTOR": "RURAL", "PLANIFICAC": "200 BID", "X": -78.858348, "Y": -2.720757, "CANTON": "AZOGUES", "NOMBRE": "ALVAREZ CORONEL MARIA INES" }, "geometry": { "type": "Point", "coordinates": [ -78.858347793671953, -2.720757242668385 ] } },
{ "type": "Feature", "properties": { "CI": "1303624294", "GENERO": "MASCULINO", "PROVINCIA": "MANABI", "PARROQUIA": "CANUTO", "SECTOR": "RURAL", "PLANIFICAC": "200 BID", "X": -80.151304, "Y": -0.796111, "CANTON": "CHONE", "NOMBRE": "MENDOZA BRAVO RAMON ELOY" }, "geometry": { "type": "Point", "coordinates": [ -80.151304324107954, -0.79611135670905 ] } },
{ "type": "Feature", "properties": { "CI": "927368506", "GENERO": "MUJER", "PROVINCIA": "SANTA ELENA", "PARROQUIA": "ATAHUALPA", "SECTOR": "RURAL", "PLANIFICAC": "200 BID", "X": -80.773647, "Y": -2.315982, "CANTON": "SANTA ELENA", "NOMBRE": "JIMBO YAGUAL YOMAIRA DEL CARMEN" }, "geometry": { "type": "Point", "coordinates": [ -80.773647457876734, -2.315981948495998 ] } },
{ "type": "Feature", "properties": { "CI": "302719349", "GENERO": "MUJER", "PROVINCIA": "CAÑAR", "PARROQUIA": "COJITAMBO", "SECTOR": "RURAL", "PLANIFICAC": "200 BID", "X": -78.845272, "Y": -2.753744, "CANTON": "AZOGUES", "NOMBRE": "MORQUECHO PEREZ MARIA ROSARIO" }, "geometry": { "type": "Point", "coordinates": [ -78.845272427435432, -2.75374412377399 ] } },
{ "type": "Feature", "properties": { "CI": "919715995", "GENERO": "MUJER", "PROVINCIA": "SANTA ELENA", "PARROQUIA": "JOSE LUIS TAMAYO", "SECTOR": "RURAL", "PLANIFICAC": "200 BID", "X": -80.937387, "Y": -2.233452, "CANTON": "SALINAS", "NOMBRE": "QUISPE PANCHO ILIANA VERONICA" }, "geometry": { "type": "Point", "coordinates": [ -80.937387029186382, -2.233452398017778 ] } },
{ "type": "Feature", "properties": { "CI": "913041778", "GENERO": "MUJER", "PROVINCIA": "SANTA ELENA", "PARROQUIA": "JOSE LUIS TAMAYO", "SECTOR": "RURAL", "PLANIFICAC": "200 BID", "X": -80.938916, "Y": -2.240808, "CANTON": "SALINAS", "NOMBRE": "FLORES CHANCAY TERESA MIREYA" }, "geometry": { "type": "Point", "coordinates": [ -80.938915624770942, -2.240807812000306 ] } },
{ "type": "Feature", "properties": { "CI": "402168603", "GENERO": "MUJER", "PROVINCIA": "SUCUMBIOS", "PARROQUIA": "NUEVA LOJA", "SECTOR": "RURAL", "PLANIFICAC": "200 BID", "X": -76.8315, "Y": -0.000262, "CANTON": "LAGO AGRIO", "NOMBRE": "MENDEZ RUANO DAYANA LIZBETH" }, "geometry": { "type": "Point", "coordinates": [ -76.831499625219607, -0.000262304956854 ] } },
{ "type": "Feature", "properties": { "CI": "2100154737", "GENERO": "FEMENINO", "PROVINCIA": "SUCUMBIOS", "PARROQUIA": "SHUSHSUFINDI", "SECTOR": "RURAL", "PLANIFICAC": "200 BID", "X": -76.58419, "Y": -0.113437, "CANTON": "SHUSHUFINDI", "NOMBRE": "RUBIO CASTRO NATIVIDAD ROSARIO" }, "geometry": { "type": "Point", "coordinates": [ -76.584190464442244, -0.113436824026391 ] } },
{ "type": "Feature", "properties": { "CI": "911336634", "GENERO": "HOMBRE", "PROVINCIA": "SANTA ELENA", "PARROQUIA": "JOSE LUIS TAMAYO", "SECTOR": "RURAL", "PLANIFICAC": "200 BID", "X": -80.925821, "Y": -2.241051, "CANTON": "SALINAS", "NOMBRE": "ROCA ROCAFUERTE LUIS FRANCISCO" }, "geometry": { "type": "Point", "coordinates": [ -80.925820971039172, -2.241051477556297 ] } },
{ "type": "Feature", "properties": { "CI": "201000528", "GENERO": "MASCULINO", "PROVINCIA": "SUCUMBIOS", "PARROQUIA": "SHUSHSUFINDI", "SECTOR": "RURAL", "PLANIFICAC": "200 BID", "X": -76.584208, "Y": -0.113554, "CANTON": "SHUSHUFINDI", "NOMBRE": "CASTRO GARCIA JOSE PEDRO" }, "geometry": { "type": "Point", "coordinates": [ -76.584208366399338, -0.113554360977702 ] } },
{ "type": "Feature", "properties": { "CI": "701887911", "GENERO": "MUJER", "PROVINCIA": "EL ORO", "PARROQUIA": "PUERTO JELI", "SECTOR": "RURAL", "PLANIFICAC": "200 BID", "X": -79.993518, "Y": -3.41859, "CANTON": "SANTA ROSA", "NOMBRE": "SILVA REYES MARITZA CECIBEL" }, "geometry": { "type": "Point", "coordinates": [ -79.993518288644694, -3.418590261328351 ] } },
{ "type": "Feature", "properties": { "CI": "928607555", "GENERO": "HOMBRE", "PROVINCIA": "LOS RIOS", "PARROQUIA": "MOCACHE", "SECTOR": "RURAL", "PLANIFICAC": "200 BID", "X": -79.635909, "Y": -1.173344, "CANTON": "MOCACHE", "NOMBRE": "TARIRA VERA ANDY JOEL" }, "geometry": { "type": "Point", "coordinates": [ -79.635908857339473, -1.173344454170853 ] } },
{ "type": "Feature", "properties": { "CI": "923561450", "GENERO": "MUJER", "PROVINCIA": "SANTA ELENA", "PARROQUIA": "ATAHUALPA", "SECTOR": "RURAL", "PLANIFICAC": "200 BID", "X": -80.768253, "Y": -2.304048, "CANTON": "SANTA ELENA", "NOMBRE": "REYES ORRALA KERLY DENISSE" }, "geometry": { "type": "Point", "coordinates": [ -80.76825300826971, -2.304047957746094 ] } },
{ "type": "Feature", "properties": { "CI": "302512629", "GENERO": "MUJER", "PROVINCIA": "CAÑAR", "PARROQUIA": "COJITAMBO", "SECTOR": "RURAL", "PLANIFICAC": "200 BID", "X": -78.871295, "Y": -2.740643, "CANTON": "AZOGUES", "NOMBRE": "CAMPOVERDE SARMIENTO DANIELA MARISOL" }, "geometry": { "type": "Point", "coordinates": [ -78.871295145121579, -2.740643033702117 ] } },
{ "type": "Feature", "properties": { "CI": "704254945", "GENERO": "MUJER", "PROVINCIA": "EL ORO", "PARROQUIA": "PLATANILLOS", "SECTOR": "RURAL", "PLANIFICAC": "200 BID", "X": -80.07559, "Y": -3.803924, "CANTON": "LAS LAJAS", "NOMBRE": "IÑIGUEZ CASTILLO LUZ AMERICA" }, "geometry": { "type": "Point", "coordinates": [ -80.075590253849683, -3.803923735005049 ] } },
{ "type": "Feature", "properties": { "CI": "804301471", "GENERO": "MUJER", "PROVINCIA": "ESMERALDAS", "PARROQUIA": "SUA", "SECTOR": "RURAL", "PLANIFICAC": "200 BID", "X": -79.873729, "Y": 0.860523, "CANTON": "ATACAMES", "NOMBRE": "FLORES MOSQUERA MARIANA GRACIELA" }, "geometry": { "type": "Point", "coordinates": [ -79.873729172972261, 0.860523462525526 ] } },
{ "type": "Feature", "properties": { "CI": "300907623", "GENERO": "HOMBRE", "PROVINCIA": "CAÑAR", "PARROQUIA": "COJITAMBO", "SECTOR": "RURAL", "PLANIFICAC": "200 BID", "X": -78.889862, "Y": -2.750585, "CANTON": "AZOGUES", "NOMBRE": "PALOMINO IDROVO IVAN GERARDO" }, "geometry": { "type": "Point", "coordinates": [ -78.889861681977379, -2.750584960504733 ] } },
{ "type": "Feature", "properties": { "CI": "929355824", "GENERO": "MUJER", "PROVINCIA": "LOS RIOS", "PARROQUIA": "LA ESMERALDA", "SECTOR": "RURAL", "PLANIFICAC": "200 BID", "X": -79.319551, "Y": -1.05404, "CANTON": "MONTALVO", "NOMBRE": "MUÑIZ SOLANO SONNIA ESTER" }, "geometry": { "type": "Point", "coordinates": [ -79.31955070166029, -1.054040438208548 ] } },
{ "type": "Feature", "properties": { "CI": "200905909", "GENERO": "HOMBRE", "PROVINCIA": "SUCUMBIOS", "PARROQUIA": "SANTA CECILIA", "SECTOR": "RURAL", "PLANIFICAC": "200 BID", "X": -77.000812, "Y": 0.15588, "CANTON": "LAGO AGRIO", "NOMBRE": "ACURIO GARCIA NELSO CARLOS" }, "geometry": { "type": "Point", "coordinates": [ -77.00081171974351, 0.155879876583025 ] } },
{ "type": "Feature", "properties": { "CI": "202117842", "GENERO": "HOMBRE", "PROVINCIA": "LOS RIOS", "PARROQUIA": "LA ESMERALDA", "SECTOR": "RURAL", "PLANIFICAC": "200 BID", "X": -79.33875, "Y": -1.066617, "CANTON": "MONTALVO", "NOMBRE": "VELASCO LUCIO MIGUEL ALONSO" }, "geometry": { "type": "Point", "coordinates": [ -79.338749628230232, -1.066616508607741 ] } },
{ "type": "Feature", "properties": { "CI": "302589486", "GENERO": "MUJER", "PROVINCIA": "CAÑAR", "PARROQUIA": "COJITAMBO", "SECTOR": "RURAL", "PLANIFICAC": "200 BID", "X": -78.864226, "Y": -2.732114, "CANTON": "AZOGUES", "NOMBRE": "Guaman Guaman Johanna Gabriela" }, "geometry": { "type": "Point", "coordinates": [ -78.864225553832782, -2.732113936534052 ] } },
{ "type": "Feature", "properties": { "CI": "928346030", "GENERO": "MUJER", "PROVINCIA": "LOS RIOS", "PARROQUIA": "MOCACHE", "SECTOR": "RURAL", "PLANIFICAC": "200 BID", "X": -79.635002, "Y": -1.190963, "CANTON": "MOCACHE", "NOMBRE": "MONTOYA FIGUEROA ERIKA LISETH" }, "geometry": { "type": "Point", "coordinates": [ -79.635001646577152, -1.190963069882996 ] } },
{ "type": "Feature", "properties": { "CI": "929167864", "GENERO": "HOMBRE", "PROVINCIA": "LOS RIOS", "PARROQUIA": "MOCACHE", "SECTOR": "RURAL", "PLANIFICAC": "200 BID", "X": -79.621935, "Y": -1.17407, "CANTON": "MOCACHE", "NOMBRE": "TARIRA FORTUN JEFFERSON ADRIAN" }, "geometry": { "type": "Point", "coordinates": [ -79.621935223845639, -1.174070176949571 ] } },
{ "type": "Feature", "properties": { "CI": "705872471", "GENERO": "MUJER", "PROVINCIA": "EL ORO", "PARROQUIA": "SAN ISIDRO", "SECTOR": "RURAL", "PLANIFICAC": "200 BID", "X": -79.997569, "Y": -3.733218, "CANTON": "LAS LAJAS", "NOMBRE": "CUMBICUS OCHOA CARMEN DALILA" }, "geometry": { "type": "Point", "coordinates": [ -79.997569230030905, -3.733217775768694 ] } },
{ "type": "Feature", "properties": { "CI": "913618625", "GENERO": "MUJER", "PROVINCIA": "SANTA ELENA", "PARROQUIA": "SANTA ELENA", "SECTOR": "RURAL", "PLANIFICAC": "200 BID", "X": -80.847155, "Y": -2.234251, "CANTON": "SANTA ELENA", "NOMBRE": "ARMENDARIZ PARRALES MERCY ISABEL" }, "geometry": { "type": "Point", "coordinates": [ -80.847154990022759, -2.234250942616395 ] } },
{ "type": "Feature", "properties": { "CI": "302648746", "GENERO": "MUJER", "PROVINCIA": "CAÑAR", "PARROQUIA": "DELEG", "SECTOR": "RURAL", "PLANIFICAC": "200 BID", "X": -78.921645, "Y": -2.76621, "CANTON": "D�LEG", "NOMBRE": "BRITO FAJARDO FRESIA MAGNOLIA" }, "geometry": { "type": "Point", "coordinates": [ -78.92164477948927, -2.766209887848715 ] } },
{ "type": "Feature", "properties": { "CI": "918989070", "GENERO": "MUJER", "PROVINCIA": "EL ORO", "PARROQUIA": "BELLAVISTA", "SECTOR": "RURAL", "PLANIFICAC": "200 BID", "X": -79.972708, "Y": -3.501199, "CANTON": "SANTA ROSA", "NOMBRE": "CORDOVA CORDOVA MARIA PIEDAD" }, "geometry": { "type": "Point", "coordinates": [ -79.972708467836895, -3.501199039430929 ] } },
{ "type": "Feature", "properties": { "CI": "925273377", "GENERO": "MUJER", "PROVINCIA": "SANTA ELENA", "PARROQUIA": "SANTA ELENA / BALLENITA", "SECTOR": "RURAL", "PLANIFICAC": "200 BID", "X": -80.871601, "Y": -2.216476, "CANTON": "SANTA ELENA", "NOMBRE": "VELEZ PARRAGA VIVIANA ARACELY" }, "geometry": { "type": "Point", "coordinates": [ -80.871600892005688, -2.216475638165016 ] } },
{ "type": "Feature", "properties": { "CI": "106047954", "GENERO": "HOMBRE", "PROVINCIA": "EL ORO", "PARROQUIA": "VALLE HERMOSO", "SECTOR": "RURAL", "PLANIFICAC": "200 BID", "X": -80.072776, "Y": -3.799769, "CANTON": "LAS LAJAS", "NOMBRE": "JIPA PONCE FREDDY MEDARDO" }, "geometry": { "type": "Point", "coordinates": [ -80.072776038989318, -3.799768713307174 ] } },
{ "type": "Feature", "properties": { "CI": "942140609", "GENERO": "MUJER", "PROVINCIA": "LOS RIOS", "PARROQUIA": "MOCACHE", "SECTOR": "RURAL", "PLANIFICAC": "200 BID", "X": -79.640067, "Y": -1.178728, "CANTON": "MOCACHE", "NOMBRE": "AVILES TARIRA GISSELA JAQUELINE" }, "geometry": { "type": "Point", "coordinates": [ -79.640066799363936, -1.178728095448769 ] } },
{ "type": "Feature", "properties": { "CI": "923318133", "GENERO": "MUJER", "PROVINCIA": "SANTA ELENA", "PARROQUIA": "SANTA ELENA", "SECTOR": "RURAL", "PLANIFICAC": "200 BID", "X": -80.8505, "Y": -2.236974, "CANTON": "SANTA ELENA", "NOMBRE": "PEÑAFIEL PEÑAFIEL MERCEDES MARIANA" }, "geometry": { "type": "Point", "coordinates": [ -80.850500299197606, -2.236974479276623 ] } },
{ "type": "Feature", "properties": { "CI": "705083343", "GENERO": "HOMBRE", "PROVINCIA": "EL ORO", "PARROQUIA": "BELLAMARIA", "SECTOR": "RURAL", "PLANIFICAC": "200 BID", "X": -79.859484, "Y": -3.515847, "CANTON": "SANTA ROSA", "NOMBRE": "LABANDA PUCHAICELA ITALO FRANCISCO" }, "geometry": { "type": "Point", "coordinates": [ -79.859483707182918, -3.515847413953949 ] } },
{ "type": "Feature", "properties": { "CI": "904886413", "GENERO": "MUJER", "PROVINCIA": "SANTA ELENA", "PARROQUIA": "JOSE LUIS TAMAYO", "SECTOR": "RURAL", "PLANIFICAC": "200 BID", "X": -80.928743, "Y": -2.252252, "CANTON": "SALINAS", "NOMBRE": "TORRES RODRÍGUEZ LAURA AZUCENA" }, "geometry": { "type": "Point", "coordinates": [ -80.928743339422269, -2.252252016277111 ] } },
{ "type": "Feature", "properties": { "CI": "925245342", "GENERO": "MUJER", "PROVINCIA": "GUAYAS", "PARROQUIA": "TARQUI", "SECTOR": "URBANO", "PLANIFICAC": "365 POR DEFINIR", "X": -79.995148, "Y": -2.12272, "CANTON": "GUAYAQUIL", "NOMBRE": "VILLAMAR YAGUAL JANETH STEFANIA" }, "geometry": { "type": "Point", "coordinates": [ -79.995147770712407, -2.12271986511707 ] } },
{ "type": "Feature", "properties": { "CI": "920138088", "GENERO": "MUJER", "PROVINCIA": "GUAYAS", "PARROQUIA": "TARQUI", "SECTOR": "URBANO", "PLANIFICAC": "365 POR DEFINIR", "X": -79.995289, "Y": -2.12114, "CANTON": "GUAYAQUIL", "NOMBRE": "VILLAVICENCIO CASTRO MERCEDES GEOCONDA" }, "geometry": { "type": "Point", "coordinates": [ -79.995289417359501, -2.121139929084908 ] } },
{ "type": "Feature", "properties": { "CI": "929520559", "GENERO": "MUJER", "PROVINCIA": "GUAYAS", "PARROQUIA": "TARQUI", "SECTOR": "URBANO", "PLANIFICAC": "365 POR DEFINIR", "X": -80.000398, "Y": -2.129726, "CANTON": "GUAYAQUIL", "NOMBRE": "SANCHEZ VALERA KAREN MAGDALENA" }, "geometry": { "type": "Point", "coordinates": [ -80.000397623345293, -2.129725646138618 ] } },
{ "type": "Feature", "properties": { "CI": "2100654025", "GENERO": "MUJER", "PROVINCIA": "SUCUMBIOS", "PARROQUIA": "SANTA CECILIA", "SECTOR": "URBANO", "PLANIFICAC": "365 POR DEFINIR", "X": -76.946137, "Y": 0.090158, "CANTON": "LAGO AGRIO", "NOMBRE": "ARROVAS ARROBAS GEOVANNA ALEXANDRA" }, "geometry": { "type": "Point", "coordinates": [ -76.94613717460166, 0.090158342068754 ] } },
{ "type": "Feature", "properties": { "CI": "920564606", "GENERO": "MUJER", "PROVINCIA": "GUAYAS", "PARROQUIA": "TARQUI", "SECTOR": "URBANO", "PLANIFICAC": "365 POR DEFINIR", "X": -79.988982, "Y": -2.131548, "CANTON": "GUAYAQUIL", "NOMBRE": "ARTEAGA PICO MARIA ISABEL" }, "geometry": { "type": "Point", "coordinates": [ -79.98898240921794, -2.131548026842941 ] } },
{ "type": "Feature", "properties": { "CI": "2100041769", "GENERO": "MUJER", "PROVINCIA": "SUCUMBIOS", "PARROQUIA": "NUEVA LOJA", "SECTOR": "URBANO", "PLANIFICAC": "365 POR DEFINIR", "X": -76.8766, "Y": 0.06865, "CANTON": "LAGO AGRIO", "NOMBRE": "FARIAS FARIAS FLOR IDALMA" }, "geometry": { "type": "Point", "coordinates": [ -76.876599662034565, 0.06865006183923 ] } },
{ "type": "Feature", "properties": { "CI": "917859621", "GENERO": "MUJER", "PROVINCIA": "GUAYAS", "PARROQUIA": "TARQUI", "SECTOR": "URBANO", "PLANIFICAC": "365 POR DEFINIR", "X": -80.00378, "Y": -2.122251, "CANTON": "GUAYAQUIL", "NOMBRE": "CARDENAS BRIONES ITA PAOLA" }, "geometry": { "type": "Point", "coordinates": [ -80.003780450858343, -2.122251301504697 ] } },
{ "type": "Feature", "properties": { "CI": "930450606", "GENERO": "MUJER", "PROVINCIA": "GUAYAS", "PARROQUIA": "TARQUI", "SECTOR": "URBANO", "PLANIFICAC": "365 POR DEFINIR", "X": -79.999667, "Y": -2.120663, "CANTON": "GUAYAQUIL", "NOMBRE": "TORRES BALON ANGELA FABIOLA" }, "geometry": { "type": "Point", "coordinates": [ -79.999666689183712, -2.120663082270849 ] } },
{ "type": "Feature", "properties": { "CI": "920122306", "GENERO": "MUJER", "PROVINCIA": "GUAYAS", "PARROQUIA": "TARQUI", "SECTOR": "URBANO", "PLANIFICAC": "365 POR DEFINIR", "X": -79.999406, "Y": -2.129279, "CANTON": "GUAYAQUIL", "NOMBRE": "ACOSTA LOZANO WENDY KARINA" }, "geometry": { "type": "Point", "coordinates": [ -79.999405695023057, -2.129278588369351 ] } },
{ "type": "Feature", "properties": { "CI": "922192430", "GENERO": "MUJER", "PROVINCIA": "GUAYAS", "PARROQUIA": "TARQUI", "SECTOR": "URBANO", "PLANIFICAC": "365 POR DEFINIR", "X": -80.011066, "Y": -2.128771, "CANTON": "GUAYAQUIL", "NOMBRE": "ALEGRIA AYOVI MARTHA FANNI" }, "geometry": { "type": "Point", "coordinates": [ -80.011065996641364, -2.128771176865155 ] } },
{ "type": "Feature", "properties": { "CI": "2100196597", "GENERO": "MUJER", "PROVINCIA": "SUCUMBIOS", "PARROQUIA": "NUEVA LOJA", "SECTOR": "URBANO", "PLANIFICAC": "365 POR DEFINIR", "X": -76.90245, "Y": 0.076398, "CANTON": "LAGO AGRIO", "NOMBRE": "GRACIA MOREIRA BETTSY ELIZABETH" }, "geometry": { "type": "Point", "coordinates": [ -76.902449733725717, 0.076398260437475 ] } },
{ "type": "Feature", "properties": { "CI": "920818879", "GENERO": "MUJER", "PROVINCIA": "GUAYAS", "PARROQUIA": "TARQUI", "SECTOR": "URBANO", "PLANIFICAC": "365 POR DEFINIR", "X": -80.005663, "Y": -2.131619, "CANTON": "GUAYAQUIL", "NOMBRE": "SANCHEZ SALAZAR ELBA EDITH" }, "geometry": { "type": "Point", "coordinates": [ -80.005662670599861, -2.131618833944489 ] } },
{ "type": "Feature", "properties": { "CI": "909696510", "GENERO": "MUJER", "PROVINCIA": "GUAYAS", "PARROQUIA": "TARQUI", "SECTOR": "URBANO", "PLANIFICAC": "365 POR DEFINIR", "X": -79.989889, "Y": -2.129282, "CANTON": "GUAYAQUIL", "NOMBRE": "BURBANO BARREIRO ZORAIDA" }, "geometry": { "type": "Point", "coordinates": [ -79.989889062219262, -2.129282115475053 ] } },
{ "type": "Feature", "properties": { "CI": "951062363", "GENERO": "MUJER", "PROVINCIA": "GUAYAS", "PARROQUIA": "TARQUI", "SECTOR": "URBANO", "PLANIFICAC": "365 POR DEFINIR", "X": -79.995944, "Y": -2.119431, "CANTON": "GUAYAQUIL", "NOMBRE": "SANCHEZ ALMEA YALILE LISBETH" }, "geometry": { "type": "Point", "coordinates": [ -79.995944379317578, -2.119430972828959 ] } },
{ "type": "Feature", "properties": { "CI": "2100497466", "GENERO": "MUJER", "PROVINCIA": "GUAYAS", "PARROQUIA": "TARQUI", "SECTOR": "URBANO", "PLANIFICAC": "365 POR DEFINIR", "X": -79.993233, "Y": -2.11388, "CANTON": "GUAYAQUIL", "NOMBRE": "SHIGUANGO ANDY LUISA ISABEL" }, "geometry": { "type": "Point", "coordinates": [ -79.993233166382481, -2.113880245087685 ] } },
{ "type": "Feature", "properties": { "CI": "926740325", "GENERO": "MUJER", "PROVINCIA": "GUAYAS", "PARROQUIA": "TARQUI", "SECTOR": "URBANO", "PLANIFICAC": "365 POR DEFINIR", "X": -80.002984, "Y": -2.130171, "CANTON": "GUAYAQUIL", "NOMBRE": "TENESACA CORTEZ JENNIFFER KARINA" }, "geometry": { "type": "Point", "coordinates": [ -80.002983845301074, -2.130171389975332 ] } },
{ "type": "Feature", "properties": { "CI": "923593693", "GENERO": "MUJER", "PROVINCIA": "GUAYAS", "PARROQUIA": "TARQUI", "SECTOR": "URBANO", "PLANIFICAC": "365 POR DEFINIR", "X": -79.998621, "Y": -2.115459, "CANTON": "GUAYAQUIL", "NOMBRE": "VATIOJA QUINTERO HORTENCIA JAZMIN" }, "geometry": { "type": "Point", "coordinates": [ -79.998620723950282, -2.115459437409871 ] } },
{ "type": "Feature", "properties": { "CI": "924877806", "GENERO": "MUJER", "PROVINCIA": "GUAYAS", "PARROQUIA": "TARQUI", "SECTOR": "URBANO", "PLANIFICAC": "365 POR DEFINIR", "X": -80.002056, "Y": -2.113682, "CANTON": "GUAYAQUIL", "NOMBRE": "QUIJIJE VILLOTA MONICA ISAURA" }, "geometry": { "type": "Point", "coordinates": [ -80.002056057981832, -2.113682352241651 ] } },
{ "type": "Feature", "properties": { "CI": "2100366463", "GENERO": "MUJER", "PROVINCIA": "SUCUMBIOS", "PARROQUIA": "45845", "SECTOR": "URBANO", "PLANIFICAC": "365 POR DEFINIR", "X": -76.63955, "Y": -0.186669, "CANTON": "SHUSHUFINDI", "NOMBRE": "VISCAINO ROJAS ANGELA HERMINIA" }, "geometry": { "type": "Point", "coordinates": [ -76.639550243038769, -0.186668695771662 ] } },
{ "type": "Feature", "properties": { "CI": "942560111", "GENERO": "HOMBRE", "PROVINCIA": "GUAYAS", "PARROQUIA": "PEDRO CARBO", "SECTOR": "URBANO", "PLANIFICAC": "365 POR DEFINIR", "X": -80.221397, "Y": -1.80605, "CANTON": "PEDRO CARBO", "NOMBRE": "PLUAS CANDELARIO WELLINGTON RENNY" }, "geometry": { "type": "Point", "coordinates": [ -80.221396522964568, -1.806050011028002 ] } },
{ "type": "Feature", "properties": { "CI": "925940223", "GENERO": "HOMBRE", "PROVINCIA": "GUAYAS", "PARROQUIA": "PEDRO CARBO", "SECTOR": "URBANO", "PLANIFICAC": "365 POR DEFINIR", "X": -80.224606, "Y": -1.762629, "CANTON": "PEDRO CARBO", "NOMBRE": "VARGAS PEÑA CRISTOBAL MAURICIO" }, "geometry": { "type": "Point", "coordinates": [ -80.224606283537753, -1.762628704294128 ] } },
{ "type": "Feature", "properties": { "CI": "917155210", "GENERO": "MUJER", "PROVINCIA": "GUAYAS", "PARROQUIA": "PEDRO CARBO", "SECTOR": "URBANO", "PLANIFICAC": "365 POR DEFINIR", "X": -80.24189, "Y": -1.817973, "CANTON": "PEDRO CARBO", "NOMBRE": "BAQUE MENOSCAL YICELDA YANETH" }, "geometry": { "type": "Point", "coordinates": [ -80.241889612930805, -1.817972871441958 ] } },
{ "type": "Feature", "properties": { "CI": "1305328542", "GENERO": "MASCULINO", "PROVINCIA": "MANABI", "PARROQUIA": "PORTOVIEJO", "SECTOR": "PICOAZA", "PLANIFICAC": "365 POR DEFINIR", "X": -80.49382, "Y": -1.024621, "CANTON": "PORTOVIEJO", "NOMBRE": "RIVAS CHILAN SERGIO MELITON" }, "geometry": { "type": "Point", "coordinates": [ -80.493819567488558, -1.024621215805558 ] } },
{ "type": "Feature", "properties": { "CI": "704355049", "GENERO": "MUJER", "PROVINCIA": "EL ORO", "PARROQUIA": "GUIZHAGUIÑA", "SECTOR": "RURAL", "PLANIFICAC": "365 POR DEFINIR", "X": -79.526744, "Y": -3.650994, "CANTON": "ZARUMA", "NOMBRE": "ORELLANA AGUILAR PATRICIA ELIZABETH" }, "geometry": { "type": "Point", "coordinates": [ -79.526744141365384, -3.650994041308108 ] } },
{ "type": "Feature", "properties": { "CI": "918780107", "GENERO": "MUJER", "PROVINCIA": "SANTA ELENA", "PARROQUIA": "JOSE LUIS TAMAYO", "SECTOR": "RURAL", "PLANIFICAC": "365 POR DEFINIR", "X": -80.924409, "Y": -2.236654, "CANTON": "SALINAS", "NOMBRE": "DEL PEZO DEL PEZO MARÍA VERÓNICA" }, "geometry": { "type": "Point", "coordinates": [ -80.92440920542893, -2.23665448173954 ] } },
{ "type": "Feature", "properties": { "CI": "202119160", "GENERO": "HOMBRE", "PROVINCIA": "LOS RIOS", "PARROQUIA": "ZAPOTAL", "SECTOR": "RURAL", "PLANIFICAC": "365 POR DEFINIR", "X": -79.335304, "Y": -1.055824, "CANTON": "VENTANAS", "NOMBRE": "SANCHO ESPIN ERNESTO EFRAIN" }, "geometry": { "type": "Point", "coordinates": [ -79.335303700331778, -1.05582396979972 ] } },
{ "type": "Feature", "properties": { "CI": "908265838", "GENERO": "HOMBRE", "PROVINCIA": "SANTA ELENA", "PARROQUIA": "COLONCHE", "SECTOR": "RURAL", "PLANIFICAC": "365 POR DEFINIR", "X": -80.604183, "Y": -2.117726, "CANTON": "SANTA ELENA", "NOMBRE": "REYES MALAVE JOSE VIDAL" }, "geometry": { "type": "Point", "coordinates": [ -80.60418293445727, -2.117725631976719 ] } },
{ "type": "Feature", "properties": { "CI": "920628211", "GENERO": "HOMBRE", "PROVINCIA": "SANTA ELENA", "PARROQUIA": "SAN JOSE DE ANCON", "SECTOR": "RURAL", "PLANIFICAC": "365 POR DEFINIR", "X": -80.848425, "Y": -2.297563, "CANTON": "SANTA ELENA", "NOMBRE": "TOMALA SUAREZ  EDDYN OLIVER" }, "geometry": { "type": "Point", "coordinates": [ -80.848425485148098, -2.297562960003218 ] } },
{ "type": "Feature", "properties": { "CI": "930824131", "GENERO": "MUJER", "PROVINCIA": "MANABI", "PARROQUIA": "COLON", "SECTOR": "RURAL", "PLANIFICAC": "365 POR DEFINIR", "X": -80.427135, "Y": -1.096867, "CANTON": "PORTOVIEJO", "NOMBRE": "GARCIA MENDOZA DELIA MARGARITA" }, "geometry": { "type": "Point", "coordinates": [ -80.427134976926638, -1.096866925004279 ] } },
{ "type": "Feature", "properties": { "CI": "705670347", "GENERO": "HOMBRE", "PROVINCIA": "EL ORO", "PARROQUIA": "VALLE HERMOSO", "SECTOR": "RURAL", "PLANIFICAC": "365 POR DEFINIR", "X": -80.071534, "Y": -3.79898, "CANTON": "LAS LAJAS", "NOMBRE": "PARDO CORDOVA DAVID GUSTAVO" }, "geometry": { "type": "Point", "coordinates": [ -80.071534159256274, -3.798980395980518 ] } },
{ "type": "Feature", "properties": { "CI": "920699121", "GENERO": "MUJER", "PROVINCIA": "SANTA ELENA", "PARROQUIA": "COLONCHE", "SECTOR": "RURAL", "PLANIFICAC": "365 POR DEFINIR", "X": -80.603931, "Y": -2.118703, "CANTON": "SANTA ELENA", "NOMBRE": "GONZALEZ LINO MAYRA VANESA" }, "geometry": { "type": "Point", "coordinates": [ -80.603930892602165, -2.118702640260929 ] } },
{ "type": "Feature", "properties": { "CI": "1309565800", "GENERO": "FEMENINO", "PROVINCIA": "MANABI", "PARROQUIA": "PORTOVIEJO", "SECTOR": "RIO CHICO", "PLANIFICAC": "365 POR DEFINIR", "X": -80.392361, "Y": -1.004682, "CANTON": "PORTOVIEJO", "NOMBRE": "VELIZ RODRIGUEZ MARIA VICTORIA" }, "geometry": { "type": "Point", "coordinates": [ -80.392360614639273, -1.004682469775063 ] } },
{ "type": "Feature", "properties": { "CI": "914539457", "GENERO": "HOMBRE", "PROVINCIA": "SANTA ELENA", "PARROQUIA": "JOSE LUIS TAMAYO", "SECTOR": "RURAL", "PLANIFICAC": "365 POR DEFINIR", "X": -80.935102, "Y": -2.24411, "CANTON": "SALINAS", "NOMBRE": "VERA VALLEJO MANUEL EDUARDO" }, "geometry": { "type": "Point", "coordinates": [ -80.935102204216761, -2.244109863703802 ] } },
{ "type": "Feature", "properties": { "CI": "926752338", "GENERO": "MUJER", "PROVINCIA": "SANTA ELENA", "PARROQUIA": "SAN JOSE DE ANCON", "SECTOR": "RURAL", "PLANIFICAC": "365 POR DEFINIR", "X": -80.844684, "Y": -2.297608, "CANTON": "SANTA ELENA", "NOMBRE": "MORALES BANCHON  JOHANNA ELIZABETH" }, "geometry": { "type": "Point", "coordinates": [ -80.844684019137276, -2.297607791596871 ] } },
{ "type": "Feature", "properties": { "CI": "604820050", "GENERO": "MUJER", "PROVINCIA": "CHIMBORAZO", "PARROQUIA": "LICAN", "SECTOR": "RURAL", "PLANIFICAC": "365 POR DEFINIR", "X": -78.719729, "Y": -1.633289, "CANTON": "RIOBAMBA", "NOMBRE": "BUENAÑO TOAPANTA JESSICA VIVIANA" }, "geometry": { "type": "Point", "coordinates": [ -78.719728976491837, -1.633289450263061 ] } },
{ "type": "Feature", "properties": { "CI": "912537735", "GENERO": "HOMBRE", "PROVINCIA": "SANTA ELENA", "PARROQUIA": "SAN JOSE DE ANCON", "SECTOR": "RURAL", "PLANIFICAC": "365 POR DEFINIR", "X": -80.844577, "Y": -2.292858, "CANTON": "SANTA ELENA", "NOMBRE": "TOMALA RAMOS  EDGAR JAVIER" }, "geometry": { "type": "Point", "coordinates": [ -80.844576605348195, -2.292858034195859 ] } },
{ "type": "Feature", "properties": { "CI": "921614228", "GENERO": "MUJER", "PROVINCIA": "SANTA ELENA", "PARROQUIA": "SANTA ELENA", "SECTOR": "RURAL", "PLANIFICAC": "365 POR DEFINIR", "X": -80.873274, "Y": -2.216883, "CANTON": "SANTA ELENA", "NOMBRE": "GUTIERREZ CHOEZ CELIA PIEDAD" }, "geometry": { "type": "Point", "coordinates": [ -80.873273631395165, -2.216882905059518 ] } },
{ "type": "Feature", "properties": { "CI": "701354516", "GENERO": "MUJER", "PROVINCIA": "EL ORO", "PARROQUIA": "PALMALES", "SECTOR": "RURAL", "PLANIFICAC": "365 POR DEFINIR", "X": -80.090728, "Y": -3.62865, "CANTON": "ARENILLAS", "NOMBRE": "AGUIRRE CARRION MARIA CRISTINA" }, "geometry": { "type": "Point", "coordinates": [ -80.090727565041874, -3.628650468601395 ] } },
{ "type": "Feature", "properties": { "CI": "918968546", "GENERO": "MUJER", "PROVINCIA": "SANTA ELENA", "PARROQUIA": "ATAHUALPA", "SECTOR": "RURAL", "PLANIFICAC": "365 POR DEFINIR", "X": -80.774458, "Y": -2.311802, "CANTON": "SANTA ELENA", "NOMBRE": "MEDINA FIGUEROA CARMEN MARIUXI" }, "geometry": { "type": "Point", "coordinates": [ -80.774457575994319, -2.311802320345792 ] } },
{ "type": "Feature", "properties": { "CI": "703952135", "GENERO": "MUJER", "PROVINCIA": "AZUAY", "PARROQUIA": "SAN RAFAEL DE SHARUG", "SECTOR": "RURAL", "PLANIFICAC": "365 POR DEFINIR", "X": -79.545706, "Y": -3.2521, "CANTON": "PUCARA", "NOMBRE": "MARQUEZ MARQUEZ ROSA CARMELA" }, "geometry": { "type": "Point", "coordinates": [ -79.545706004918102, -3.252100088042794 ] } },
{ "type": "Feature", "properties": { "CI": "801543976", "GENERO": "MUJER", "PROVINCIA": "SUCUMBIOS", "PARROQUIA": "SANTA CECILIA", "SECTOR": "RURAL", "PLANIFICAC": "365 POR DEFINIR", "X": -76.950413, "Y": 0.09797, "CANTON": "LAGO AGRIO", "NOMBRE": "VINCES MARIA MONCERRATE" }, "geometry": { "type": "Point", "coordinates": [ -76.950412797916783, 0.097970401805686 ] } },
{ "type": "Feature", "properties": { "CI": "501723563", "GENERO": "HOMBRE", "PROVINCIA": "SUCUMBIOS", "PARROQUIA": "SEVILLA", "SECTOR": "RURAL", "PLANIFICAC": "365 POR DEFINIR", "X": -77.127024, "Y": 0.121701, "CANTON": "CASCALES", "NOMBRE": "BASANTES BASANTES TELMO OLMEDO" }, "geometry": { "type": "Point", "coordinates": [ -77.127024122477295, 0.121701036464947 ] } },
{ "type": "Feature", "properties": { "CI": "919658088", "GENERO": "MUJER", "PROVINCIA": "SANTA ELENA", "PARROQUIA": "JOSE LUIS TAMAYO", "SECTOR": "RURAL", "PLANIFICAC": "365 POR DEFINIR", "X": -80.922961, "Y": -2.239296, "CANTON": "SALINAS", "NOMBRE": "MARTÍNEZ NIEVES FELICIA FERNANDA" }, "geometry": { "type": "Point", "coordinates": [ -80.922961106732686, -2.239296178765464 ] } },
{ "type": "Feature", "properties": { "CI": "703404624", "GENERO": "MUJER", "PROVINCIA": "EL ORO", "PARROQUIA": "SALVIAS", "SECTOR": "RURAL", "PLANIFICAC": "365 POR DEFINIR", "X": -79.553218, "Y": -3.645855, "CANTON": "ZARUMA", "NOMBRE": "PINEDA TORO JUANA LUCIA" }, "geometry": { "type": "Point", "coordinates": [ -79.553218189721576, -3.645854960624921 ] } },
{ "type": "Feature", "properties": { "CI": "705614568", "GENERO": "MUJER", "PROVINCIA": "EL ORO", "PARROQUIA": "PLATANILLOS", "SECTOR": "RURAL", "PLANIFICAC": "365 POR DEFINIR", "X": -80.073708, "Y": -3.804483, "CANTON": "LAS LAJAS", "NOMBRE": "MEDINA JIMENEZ YULEISY ISABEL" }, "geometry": { "type": "Point", "coordinates": [ -80.073707552532795, -3.804482544044987 ] } },
{ "type": "Feature", "properties": { "CI": "705670891", "GENERO": "HOMBRE", "PROVINCIA": "EL ORO", "PARROQUIA": "LA VICTORIA", "SECTOR": "RURAL", "PLANIFICAC": "365 POR DEFINIR", "X": -80.047873, "Y": -3.737064, "CANTON": "LAS LAJAS", "NOMBRE": "SANCHEZ ROGEL GILSON VICENTE" }, "geometry": { "type": "Point", "coordinates": [ -80.047872790035498, -3.737064043827294 ] } },
{ "type": "Feature", "properties": { "CI": "920386836", "GENERO": "HOMBRE", "PROVINCIA": "LOS RIOS", "PARROQUIA": "MOCACHE", "SECTOR": "RURAL", "PLANIFICAC": "365 POR DEFINIR", "X": -79.646049, "Y": -1.256063, "CANTON": "MOCACHE", "NOMBRE": "BURGOS CORONEL LUIS MACARIO" }, "geometry": { "type": "Point", "coordinates": [ -79.646048904519176, -1.25606348783266 ] } },
{ "type": "Feature", "properties": { "CI": "704414838", "GENERO": "MUJER", "PROVINCIA": "EL ORO", "PARROQUIA": "SALVIAS", "SECTOR": "RURAL", "PLANIFICAC": "365 POR DEFINIR", "X": -79.55454, "Y": -3.646553, "CANTON": "ZARUMA", "NOMBRE": "LUNA PINEDA MIRIAM CLEMENCIA" }, "geometry": { "type": "Point", "coordinates": [ -79.554540365974603, -3.646553486558549 ] } },
{ "type": "Feature", "properties": { "CI": "104606090", "GENERO": "HOMBRE", "PROVINCIA": "AZUAY", "PARROQUIA": "ABDON CALDERON (LA UNION)", "SECTOR": "RURAL", "PLANIFICAC": "365 POR DEFINIR", "X": -79.316111, "Y": -3.262096, "CANTON": "SANTA ISABEL", "NOMBRE": "BARROS BRAVO WILSON MANUEL" }, "geometry": { "type": "Point", "coordinates": [ -79.31611143905937, -3.262095868341793 ] } },
{ "type": "Feature", "properties": { "CI": "604722777", "GENERO": "MUJER", "PROVINCIA": "CHIMBORAZO", "PARROQUIA": "CUMANDA", "SECTOR": "URBANO", "PLANIFICAC": "365 POR DEFINIR", "X": -79.111116, "Y": -2.233743, "CANTON": "CUMANDA", "NOMBRE": "SATIAN ACERO BLANCA AZUCENA" }, "geometry": { "type": "Point", "coordinates": [ -79.111116425665088, -2.233743268937614 ] } },
{ "type": "Feature", "properties": { "CI": "1315563757", "GENERO": "MUJER", "PROVINCIA": "MANABI", "PARROQUIA": "TOSAGUA", "SECTOR": "URBANO", "PLANIFICAC": "365 POR DEFINIR", "X": -80.248988, "Y": -0.755041, "CANTON": "TOSAGUA", "NOMBRE": "BASURTO ZAMBRANO RUTH BERNARDITA" }, "geometry": { "type": "Point", "coordinates": [ -80.248988297889539, -0.755041160716443 ] } },
{ "type": "Feature", "properties": { "CI": "905874582", "GENERO": "HOMBRE", "PROVINCIA": "SANTA ELENA", "PARROQUIA": "COLONCHE", "SECTOR": "RURAL", "PLANIFICAC": "365 POR DEFINIR", "X": -80.604174, "Y": -2.118223, "CANTON": "SANTA ELENA", "NOMBRE": "MALAVE FLORES VICTOR CESAREO" }, "geometry": { "type": "Point", "coordinates": [ -80.60417381554393, -2.118223213141625 ] } },
{ "type": "Feature", "properties": { "CI": "703143537", "GENERO": "MUJER", "PROVINCIA": "LOJA", "PARROQUIA": "EL VALLE", "SECTOR": "RURAL", "PLANIFICAC": "365 POR DEFINIR", "X": -79.22101, "Y": -3.970504, "CANTON": "LOJA", "NOMBRE": "CABRERA SANDOVAL BARBARITA" }, "geometry": { "type": "Point", "coordinates": [ -79.221010280076428, -3.970504251910497 ] } },
{ "type": "Feature", "properties": { "CI": "905263786", "GENERO": "HOMBRE", "PROVINCIA": "GUAYAS", "PARROQUIA": "PEDRO CARBO", "SECTOR": "URBANO", "PLANIFICAC": "365 POR DEFINIR", "X": -80.222393, "Y": -1.767278, "CANTON": "PEDRO CARBO", "NOMBRE": "HOLGUIN SEGURA TOMÁS LUIS" }, "geometry": { "type": "Point", "coordinates": [ -80.222392776906077, -1.767277620349175 ] } },
{ "type": "Feature", "properties": { "CI": "906811518", "GENERO": "HOMBRE", "PROVINCIA": "SANTA ELENA", "PARROQUIA": "COLONCHE", "SECTOR": "RURAL", "PLANIFICAC": "365 POR DEFINIR", "X": -80.604075, "Y": -2.11854, "CANTON": "SANTA ELENA", "NOMBRE": "NEIRA MALAVE ROSENDO AMADO" }, "geometry": { "type": "Point", "coordinates": [ -80.604074816159837, -2.118539831750423 ] } },
{ "type": "Feature", "properties": { "CI": "925161358", "GENERO": "MUJER", "PROVINCIA": "GUAYAS", "PARROQUIA": "PEDRO CARBO", "SECTOR": "URBANO", "PLANIFICAC": "365 POR DEFINIR", "X": -80.370645, "Y": -1.789336, "CANTON": "PEDRO CARBO", "NOMBRE": "HOLGUIN CRUZ ANA LUCIA" }, "geometry": { "type": "Point", "coordinates": [ -80.370644542006886, -1.789335631866945 ] } },
{ "type": "Feature", "properties": { "CI": "915323893", "GENERO": "MUJER", "PROVINCIA": "GUAYAS", "PARROQUIA": "PEDRO CARBO", "SECTOR": "URBANO", "PLANIFICAC": "365 POR DEFINIR", "X": -80.241916, "Y": -1.820388, "CANTON": "PEDRO CARBO", "NOMBRE": "JARAMILLO ORTIZ SILVIA MARLENE" }, "geometry": { "type": "Point", "coordinates": [ -80.241915575973465, -1.820388278287698 ] } },
{ "type": "Feature", "properties": { "CI": "915485247", "GENERO": "MUJER", "PROVINCIA": "GUAYAS", "PARROQUIA": "PEDRO CARBO", "SECTOR": "URBANO", "PLANIFICAC": "365 POR DEFINIR", "X": -80.223573, "Y": -1.762357, "CANTON": "PEDRO CARBO", "NOMBRE": "VARGAS PEÑA ENEDINA LORENZA" }, "geometry": { "type": "Point", "coordinates": [ -80.223572529471824, -1.762356879179332 ] } },
{ "type": "Feature", "properties": { "CI": "911901635", "GENERO": "MUJER", "PROVINCIA": "GUAYAS", "PARROQUIA": "XIMENA", "SECTOR": "URBANO", "PLANIFICAC": "365 POR DEFINIR", "X": -79.87302, "Y": -2.281539, "CANTON": "GUAYAQUIL", "NOMBRE": "SOLEDISPA CHILAN DOMINGA DIVINA" }, "geometry": { "type": "Point", "coordinates": [ -79.873020183168762, -2.281538849307822 ] } },
{ "type": "Feature", "properties": { "CI": "602824625", "GENERO": "MUJER", "PROVINCIA": "CHIMBORAZO", "PARROQUIA": "CUMANDA", "SECTOR": "URBANO", "PLANIFICAC": "365 POR DEFINIR", "X": -79.12465, "Y": -2.207692, "CANTON": "CUMANDA", "NOMBRE": "GOMEZ GUAMAN NOEMI MARITZA" }, "geometry": { "type": "Point", "coordinates": [ -79.124650259027192, -2.20769171683174 ] } },
{ "type": "Feature", "properties": { "CI": "1351600273", "GENERO": "MUJER", "PROVINCIA": "MANABI", "PARROQUIA": "TOSAGUA", "SECTOR": "URBANO", "PLANIFICAC": "365 POR DEFINIR", "X": -80.238336, "Y": -0.773069, "CANTON": "TOSAGUA", "NOMBRE": "DOMINGUEZ SANTOS CINDY VANESSA" }, "geometry": { "type": "Point", "coordinates": [ -80.238335842538618, -0.773068955897566 ] } },
{ "type": "Feature", "properties": { "CI": "912140753", "GENERO": "HOMBRE", "PROVINCIA": "GUAYAS", "PARROQUIA": "BALZAR", "SECTOR": "URBANO", "PLANIFICAC": "365 POR DEFINIR", "X": -79.854171, "Y": -1.175551, "CANTON": "BALZAR", "NOMBRE": "MACIAS LOPEZ JUAN RUPERTO" }, "geometry": { "type": "Point", "coordinates": [ -79.854170745572873, -1.175550598894745 ] } },
{ "type": "Feature", "properties": { "CI": "602856338", "GENERO": "MUJER", "PROVINCIA": "CHIMBORAZO", "PARROQUIA": "GUAMOTE", "SECTOR": "URBANO", "PLANIFICAC": "365 POR DEFINIR", "X": -78.70171, "Y": -2.033258, "CANTON": "GUAMOTE", "NOMBRE": "TENESACA ROLDAN MARIA DELFINA" }, "geometry": { "type": "Point", "coordinates": [ -78.70171047327392, -2.033257629459603 ] } },
{ "type": "Feature", "properties": { "CI": "941952053", "GENERO": "MUJER", "PROVINCIA": "LOS RIOS", "PARROQUIA": "QUEVEDO", "SECTOR": "URBANO", "PLANIFICAC": "365 POR DEFINIR", "X": -79.475973, "Y": -0.990779, "CANTON": "QUEVEDO", "NOMBRE": "VERA ZAPATA MONICA GRACIELA" }, "geometry": { "type": "Point", "coordinates": [ -79.475972856729499, -0.990779327082152 ] } },
{ "type": "Feature", "properties": { "CI": "911252922", "GENERO": "MUJER", "PROVINCIA": "CAÑAR", "PARROQUIA": "LA TRONCAL", "SECTOR": "URBANO", "PLANIFICAC": "365 POR DEFINIR", "X": -79.330742, "Y": -2.423737, "CANTON": "LA TRONCAL", "NOMBRE": "ESMERALDAS BARRE MARIA CRISTINA" }, "geometry": { "type": "Point", "coordinates": [ -79.33074204001403, -2.423737255998881 ] } },
{ "type": "Feature", "properties": { "CI": "604915405", "GENERO": "MUJER", "PROVINCIA": "CHIMBORAZO", "PARROQUIA": "TIXAN", "SECTOR": "URBANO", "PLANIFICAC": "365 POR DEFINIR", "X": -78.726603, "Y": -2.155388, "CANTON": "ALAUSI", "NOMBRE": "SISLEMA CHAUCA MARIA REBECA" }, "geometry": { "type": "Point", "coordinates": [ -78.726603029154603, -2.155387914321449 ] } },
{ "type": "Feature", "properties": { "CI": "804302867", "GENERO": "MUJER", "PROVINCIA": "ESMERALDAS", "PARROQUIA": "VICHE", "SECTOR": "URBANO", "PLANIFICAC": "365 POR DEFINIR", "X": -79.493045, "Y": 0.650104, "CANTON": "QUININDE", "NOMBRE": "QUIÑONEZ CABEZA BETTY BIVIANA" }, "geometry": { "type": "Point", "coordinates": [ -79.493045144805237, 0.650104257642237 ] } },
{ "type": "Feature", "properties": { "CI": "928601665", "GENERO": "MUJER", "PROVINCIA": "LOS RIOS", "PARROQUIA": "MOCACHE", "SECTOR": "URBANO", "PLANIFICAC": "365 POR DEFINIR", "X": -79.490405, "Y": -1.099704, "CANTON": "MOCACHE", "NOMBRE": "MOLINA MUÑOZ JENIFFER LORENA" }, "geometry": { "type": "Point", "coordinates": [ -79.490404515587215, -1.099704367555595 ] } },
{ "type": "Feature", "properties": { "CI": "401710975", "GENERO": "MUJER", "PROVINCIA": "CARCHI", "PARROQUIA": "MIRA", "SECTOR": "URBANO", "PLANIFICAC": "365 POR DEFINIR", "X": -78.033087, "Y": 0.578436, "CANTON": "MIRA", "NOMBRE": "CHICAIZA DIAZ NANCY LUCIA" }, "geometry": { "type": "Point", "coordinates": [ -78.03308719723951, 0.578436300930486 ] } },
{ "type": "Feature", "properties": { "CI": "302840343", "GENERO": "HOMBRE", "PROVINCIA": "CAÑAR", "PARROQUIA": "JAVIER LOYOLA", "SECTOR": "RURAL", "PLANIFICAC": "365 POR DEFINIR", "X": -78.904783, "Y": -2.798402, "CANTON": "AZOGUES", "NOMBRE": "ZHANGALLIMBAY CHUYA MANUEL BENIGNO" }, "geometry": { "type": "Point", "coordinates": [ -78.904783405065174, -2.798402335933374 ] } },
{ "type": "Feature", "properties": { "CI": "301248209", "GENERO": "MUJER", "PROVINCIA": "CAÑAR", "PARROQUIA": "GUAPAN", "SECTOR": "RURAL", "PLANIFICAC": "365 POR DEFINIR", "X": -78.845107, "Y": -2.71426, "CANTON": "AZOGUES", "NOMBRE": "GUALLPA GUALLPA TRANSITO DOLORES" }, "geometry": { "type": "Point", "coordinates": [ -78.845107345937819, -2.714260395020426 ] } },
{ "type": "Feature", "properties": { "CI": "920792173", "GENERO": "HOMBRE", "PROVINCIA": "GUAYAS", "PARROQUIA": "PEDRO CARBO", "SECTOR": "URBANO", "PLANIFICAC": "365 POR DEFINIR", "X": -80.226475, "Y": -1.766076, "CANTON": "PEDRO CARBO", "NOMBRE": "MARTINEZ BANCHON LAURENTINO MIGUEL" }, "geometry": { "type": "Point", "coordinates": [ -80.226474810143458, -1.766076164127464 ] } },
{ "type": "Feature", "properties": { "CI": "942600529", "GENERO": "MUJER", "PROVINCIA": "GUAYAS", "PARROQUIA": "PEDRO CARBO", "SECTOR": "URBANO", "PLANIFICAC": "365 POR DEFINIR", "X": -80.234431, "Y": -1.810099, "CANTON": "PEDRO CARBO", "NOMBRE": "ALVARADO PEÑA FELICITA GENESIS" }, "geometry": { "type": "Point", "coordinates": [ -80.234430853997239, -1.810099327597436 ] } },
{ "type": "Feature", "properties": { "CI": "401952726", "GENERO": "MUJER", "PROVINCIA": "CARCHI", "PARROQUIA": "MIRA", "SECTOR": "RURAL", "PLANIFICAC": "365 POR DEFINIR", "X": -78.03376, "Y": 0.578861, "CANTON": "MIRA", "NOMBRE": "CHICAIZA BASTIDAS NAYELI KAROLINA" }, "geometry": { "type": "Point", "coordinates": [ -78.033760107299159, 0.578861305209401 ] } },
{ "type": "Feature", "properties": { "CI": "1003164637", "GENERO": "HOMBRE", "PROVINCIA": "CARCHI", "PARROQUIA": "MIRA", "SECTOR": "RURAL", "PLANIFICAC": "365 POR DEFINIR", "X": -78.033287, "Y": 0.574497, "CANTON": "MIRA", "NOMBRE": "DIAZ MARTINEZ JAIRO GIOVANI" }, "geometry": { "type": "Point", "coordinates": [ -78.033286689314309, 0.574497102520559 ] } },
{ "type": "Feature", "properties": { "CI": "1500742265", "GENERO": "MUJER", "PROVINCIA": "SUCUMBIOS", "PARROQUIA": "SHUSHSUFINDI", "SECTOR": "RURAL", "PLANIFICAC": "365 POR DEFINIR", "X": -76.586749, "Y": -0.205774, "CANTON": "SHUSHUFINDI", "NOMBRE": "TIBANLOMBO GUALPA ELIDA EDELGUISA" }, "geometry": { "type": "Point", "coordinates": [ -76.586748783742621, -0.205774130461735 ] } },
{ "type": "Feature", "properties": { "CI": "1202459929", "GENERO": "MUJER", "PROVINCIA": "SUCUMBIOS", "PARROQUIA": "45845", "SECTOR": "RURAL", "PLANIFICAC": "365 POR DEFINIR", "X": -76.789129, "Y": -0.16137, "CANTON": "SHUSHUFINDI", "NOMBRE": "VELASCO OLALLA YOLANDA MARLENE" }, "geometry": { "type": "Point", "coordinates": [ -76.789128500856734, -0.161370103047216 ] } },
{ "type": "Feature", "properties": { "CI": "2100802558", "GENERO": "MUJER", "PROVINCIA": "SUCUMBIOS", "PARROQUIA": "LA MAGDALENA", "SECTOR": "RURAL", "PLANIFICAC": "365 POR DEFINIR", "X": -76.622839, "Y": -0.24653, "CANTON": "SHUSHUFINDI", "NOMBRE": "GUAMAN COELLO CINTHIA ELIZABETH" }, "geometry": { "type": "Point", "coordinates": [ -76.622839074000836, -0.246530240198995 ] } },
{ "type": "Feature", "properties": { "CI": "200578094", "GENERO": "HOMBRE", "PROVINCIA": "SUCUMBIOS", "PARROQUIA": "EL ENO", "SECTOR": "RURAL", "PLANIFICAC": "365 POR DEFINIR", "X": -76.817723, "Y": -0.075941, "CANTON": "LAGO AGRIO", "NOMBRE": "CAMACHO GRICELDO ARIOSTO" }, "geometry": { "type": "Point", "coordinates": [ -76.817722577282581, -0.075940860340411 ] } },
{ "type": "Feature", "properties": { "CI": "2100704549", "GENERO": "HOMBRE", "PROVINCIA": "SUCUMBIOS", "PARROQUIA": "SHUSHSUFINDI", "SECTOR": "RURAL", "PLANIFICAC": "365 POR DEFINIR", "X": -76.592015, "Y": -0.110325, "CANTON": "SHUSHUFINDI", "NOMBRE": "CASTRO VARGAS CESAR OLMEDO" }, "geometry": { "type": "Point", "coordinates": [ -76.592014673583506, -0.110325367747555 ] } },
{ "type": "Feature", "properties": { "CI": "2100447750", "GENERO": "MUJER", "PROVINCIA": "SUCUMBIOS", "PARROQUIA": "SHUSHSUFINDI", "SECTOR": "RURAL", "PLANIFICAC": "365 POR DEFINIR", "X": -76.578702, "Y": -0.113482, "CANTON": "SHUSHUFINDI", "NOMBRE": "ZAMBRANO PINCAY MARIA EDITA" }, "geometry": { "type": "Point", "coordinates": [ -76.578701638093548, -0.113482342497678 ] } },
{ "type": "Feature", "properties": { "CI": "401918776", "GENERO": "MUJER", "PROVINCIA": "SUCUMBIOS", "PARROQUIA": "45879", "SECTOR": "RURAL", "PLANIFICAC": "365 POR DEFINIR", "X": -76.946411, "Y": 0.15527, "CANTON": "LAGO AGRIO", "NOMBRE": "DIAZ CHAMBA JENNY MARICELA" }, "geometry": { "type": "Point", "coordinates": [ -76.946411251549407, 0.155270159923399 ] } },
{ "type": "Feature", "properties": { "CI": "940771181", "GENERO": "MUJER", "PROVINCIA": "GUAYAS", "PARROQUIA": "ENGABAO", "SECTOR": "URBANO", "PLANIFICAC": "365 POR DEFINIR", "X": -80.478239, "Y": -2.567078, "CANTON": "PLAYAS", "NOMBRE": "ORRALA LINDAO DANIELA GABRIELA" }, "geometry": { "type": "Point", "coordinates": [ -80.478238688598282, -2.567078142260367 ] } },
{ "type": "Feature", "properties": { "CI": "2100616222", "GENERO": "HOMBRE", "PROVINCIA": "SUCUMBIOS", "PARROQUIA": "45845", "SECTOR": "RURAL", "PLANIFICAC": "365 POR DEFINIR", "X": -76.765797, "Y": -0.213342, "CANTON": "SHUSHUFINDI", "NOMBRE": "MANOBANDA SEIS MARIO ANSELMO" }, "geometry": { "type": "Point", "coordinates": [ -76.765797368625201, -0.213342215327229 ] } },
{ "type": "Feature", "properties": { "CI": "913099594", "GENERO": "HOMBRE", "PROVINCIA": "GUAYAS", "PARROQUIA": "BALZAR", "SECTOR": "URBANO", "PLANIFICAC": "365 POR DEFINIR", "X": -79.77518, "Y": -1.190867, "CANTON": "BALZAR", "NOMBRE": "VELEZ RIVAS YOFFRE    ALFREDO" }, "geometry": { "type": "Point", "coordinates": [ -79.775179998099844, -1.190866546945261 ] } },
{ "type": "Feature", "properties": { "CI": "1316995602", "GENERO": "MUJER", "PROVINCIA": "MANABI", "PARROQUIA": "TOSAGUA", "SECTOR": "URBANO", "PLANIFICAC": "365 POR DEFINIR", "X": -80.234413, "Y": -0.798733, "CANTON": "TOSAGUA", "NOMBRE": "SANCHEZ MURILLO IRENE ALEXANDRA" }, "geometry": { "type": "Point", "coordinates": [ -80.234412943723839, -0.798733120314907 ] } },
{ "type": "Feature", "properties": { "CI": "905329876", "GENERO": "HOMBRE", "PROVINCIA": "GUAYAS", "PARROQUIA": "BALZAR", "SECTOR": "URBANO", "PLANIFICAC": "365 POR DEFINIR", "X": -79.84485, "Y": -1.179183, "CANTON": "BALZAR", "NOMBRE": "MORA MORA MANUEL GREGORIO" }, "geometry": { "type": "Point", "coordinates": [ -79.844849934617798, -1.179182994762034 ] } },
{ "type": "Feature", "properties": { "CI": "928138064", "GENERO": "MUJER", "PROVINCIA": "GUAYAS", "PARROQUIA": "PEDRO CARBO", "SECTOR": "URBANO", "PLANIFICAC": "365 POR DEFINIR", "X": -80.241363, "Y": -1.766119, "CANTON": "PEDRO CARBO", "NOMBRE": "TOALA ORTIZ JENNY JUANA" }, "geometry": { "type": "Point", "coordinates": [ -80.241362534807379, -1.766118523382388 ] } },
{ "type": "Feature", "properties": { "CI": "106255474", "GENERO": "MUJER", "PROVINCIA": "AZUAY", "PARROQUIA": "CHORDELEG", "SECTOR": "SORANSOL-ALTO", "PLANIFICAC": "365 POR DEFINIR", "X": -78.765453, "Y": -2.964466, "CANTON": "CHORDELEG", "NOMBRE": "ARCENTALES SUAREZ AMERICA ALEXANDRA" }, "geometry": { "type": "Point", "coordinates": [ -78.765453129814247, -2.964465887256226 ] } },
{ "type": "Feature", "properties": { "CI": "103290136", "GENERO": "MUJER", "PROVINCIA": "AZUAY", "PARROQUIA": "LA UNION", "SECTOR": "ZHORIBIO", "PLANIFICAC": "365 POR DEFINIR", "X": -78.762636, "Y": -2.916078, "CANTON": "CHORDELEG", "NOMBRE": "MALLA QUITUISACA MARIA DOLORES" }, "geometry": { "type": "Point", "coordinates": [ -78.762636044872039, -2.916078365092533 ] } },
{ "type": "Feature", "properties": { "CI": "105423677", "GENERO": "MUJER", "PROVINCIA": "AZUAY", "PARROQUIA": "GUACHAPALA", "SECTOR": "SACRE", "PLANIFICAC": "365 POR DEFINIR", "X": -78.686631, "Y": -2.76546, "CANTON": "GUACHAPALA", "NOMBRE": "CARDENAS MONTESDEOCA GLADYS JACQUELINE" }, "geometry": { "type": "Point", "coordinates": [ -78.686631051744172, -2.765460017358987 ] } },
{ "type": "Feature", "properties": { "CI": "103744702", "GENERO": "MUJER", "PROVINCIA": "AZUAY", "PARROQUIA": "ZHIDMAD", "SECTOR": "SAN JOSE DE ZHIDMAD", "PLANIFICAC": "365 POR DEFINIR", "X": -78.871889, "Y": -2.932576, "CANTON": "GUALACEO", "NOMBRE": "TACURI TACURI CARMEN FLORINDA" }, "geometry": { "type": "Point", "coordinates": [ -78.871889248931353, -2.93257615647818 ] } },
{ "type": "Feature", "properties": { "CI": "301809711", "GENERO": "MUJER", "PROVINCIA": "AZUAY", "PARROQUIA": "MARIANO MORENO", "SECTOR": "CERTAG", "PLANIFICAC": "365 POR DEFINIR", "X": -78.766769, "Y": -2.86621, "CANTON": "GUALACEO", "NOMBRE": "CAJAMARCA SANMARTIN MARIA CATALINA" }, "geometry": { "type": "Point", "coordinates": [ -78.766769423581792, -2.866210387379662 ] } },
{ "type": "Feature", "properties": { "CI": "106247026", "GENERO": "MUJER", "PROVINCIA": "AZUAY", "PARROQUIA": "ZHIDMAD", "SECTOR": "ZHIDMAD", "PLANIFICAC": "365 POR DEFINIR", "X": -78.902022, "Y": -2.939791, "CANTON": "GUALACEO", "NOMBRE": "MONTAÑO BUELE SANDRA MAGDALENA" }, "geometry": { "type": "Point", "coordinates": [ -78.902022122315543, -2.939790536813624 ] } },
{ "type": "Feature", "properties": { "CI": "107651846", "GENERO": "HOMBRE", "PROVINCIA": "AZUAY", "PARROQUIA": "CUCHIL", "SECTOR": "HUALLIL BAJO", "PLANIFICAC": "365 POR DEFINIR", "X": -78.810071, "Y": -3.082088, "CANTON": "SIGSIG", "NOMBRE": "CHUVA CHUVA JUAN CARLOS" }, "geometry": { "type": "Point", "coordinates": [ -78.810070853908428, -3.082087631355961 ] } },
{ "type": "Feature", "properties": { "CI": "150412781", "GENERO": "MUJER", "PROVINCIA": "AZUAY", "PARROQUIA": "SAN SALVADOR DE CA�ARIBAMBA", "SECTOR": "CA�ARIBAMBA", "PLANIFICAC": "365 POR DEFINIR", "X": -79.339088, "Y": -3.236008, "CANTON": "SANTA ISABEL", "NOMBRE": "PUCHA YUQUILIMA GLADYS MERCEDES" }, "geometry": { "type": "Point", "coordinates": [ -79.339088466966572, -3.236008375310183 ] } },
{ "type": "Feature", "properties": { "CI": "105163885", "GENERO": "MUJER", "PROVINCIA": "AZUAY", "PARROQUIA": "SHAGLLI", "SECTOR": "PEDERNALES CENTRO", "PLANIFICAC": "365 POR DEFINIR", "X": -79.364111, "Y": -3.113174, "CANTON": "SANTA ISABEL", "NOMBRE": "DURAN MALDONADO ALEXANDRA LORENA" }, "geometry": { "type": "Point", "coordinates": [ -79.364110908666362, -3.113174129617149 ] } },
{ "type": "Feature", "properties": { "CI": "106280522", "GENERO": "HOMBRE", "PROVINCIA": "AZUAY", "PARROQUIA": "SHAGLLI", "SECTOR": "SARAMA", "PLANIFICAC": "365 POR DEFINIR", "X": -79.374047, "Y": -3.174079, "CANTON": "SANTA ISABEL", "NOMBRE": "RODRIGUEZ RODRIGUEZ CARLOS JOSÉ" }, "geometry": { "type": "Point", "coordinates": [ -79.3740467394136, -3.174079387721919 ] } },
{ "type": "Feature", "properties": { "CI": "929527380", "GENERO": "MUJER", "PROVINCIA": "GUAYAS", "PARROQUIA": "ISIDRO AYORA", "SECTOR": "EL SAUCE", "PLANIFICAC": "365 POR DEFINIR", "X": -80.124212, "Y": -1.815361, "CANTON": "ISIDRO AYORA", "NOMBRE": "PLUAS VALVERDE ANA ESPERANZA" }, "geometry": { "type": "Point", "coordinates": [ -80.12421239643767, -1.815361143348508 ] } },
{ "type": "Feature", "properties": { "CI": "929917771", "GENERO": "MUJER", "PROVINCIA": "GUAYAS", "PARROQUIA": "ISIDRO AYORA", "SECTOR": "BARRIO LINDO", "PLANIFICAC": "365 POR DEFINIR", "X": -80.150483, "Y": -1.941218, "CANTON": "ISIDRO AYORA", "NOMBRE": "RIVAS ANCHUNDIA CRHISTEL EVELISSA" }, "geometry": { "type": "Point", "coordinates": [ -80.150483201977124, -1.941218030250735 ] } },
{ "type": "Feature", "properties": { "CI": "923094304", "GENERO": "MUJER", "PROVINCIA": "GUAYAS", "PARROQUIA": "ISIDRO AYORA", "SECTOR": "24 DE mayo", "PLANIFICAC": "365 POR DEFINIR", "X": -80.136978, "Y": -1.871439, "CANTON": "ISIDRO AYORA", "NOMBRE": "ALVAREZ HOLGUIN MARIA GRISELDA" }, "geometry": { "type": "Point", "coordinates": [ -80.136977532690921, -1.871438580333213 ] } },
{ "type": "Feature", "properties": { "CI": "401431499", "GENERO": "MUJER", "PROVINCIA": "CARCHI", "PARROQUIA": "GONZALEZ SUAREZ - LA DELICIA", "SECTOR": "RURAL", "PLANIFICAC": "200 BID", "X": -77.859451, "Y": 0.599982, "CANTON": "MONTUFAR", "NOMBRE": "GUADIR CHIRAN OLGA MARINA" }, "geometry": { "type": "Point", "coordinates": [ -77.859450704258265, 0.599981703466744 ] } },
{ "type": "Feature", "properties": { "CI": "401693999", "GENERO": "MUJER", "PROVINCIA": "CARCHI", "PARROQUIA": "GONZALEZ SUAREZ - SANTA ROSA", "SECTOR": "RURAL", "PLANIFICAC": "200 BID", "X": -77.820979, "Y": 0.602943, "CANTON": "MONTUFAR", "NOMBRE": "MENDEZ MENESES VERONICA YAJAIRA" }, "geometry": { "type": "Point", "coordinates": [ -77.820979181321661, 0.602943499858148 ] } },
{ "type": "Feature", "properties": { "CI": "400780318", "GENERO": "MUJER", "PROVINCIA": "CARCHI", "PARROQUIA": "GONZALEZ SUAREZ- SANTA ROSA", "SECTOR": "RURAL", "PLANIFICAC": "200 BID", "X": -77.819918, "Y": 0.603552, "CANTON": "MONTUFAR", "NOMBRE": "MAYANQUER POZO NORMA SOFIA" }, "geometry": { "type": "Point", "coordinates": [ -77.819917798117416, 0.603552475351982 ] } },
{ "type": "Feature", "properties": { "CI": "401870191", "GENERO": "HOMBRE", "PROVINCIA": "CARCHI", "PARROQUIA": "SAN JOSE", "SECTOR": "RURAL", "PLANIFICAC": "200 BID", "X": -77.837642, "Y": 0.563419, "CANTON": "MONTUFAR", "NOMBRE": "PADILLA SOLANO ROLANDO ALEXANDER" }, "geometry": { "type": "Point", "coordinates": [ -77.837642287942899, 0.56341875851978 ] } },
{ "type": "Feature", "properties": { "CI": "401443783", "GENERO": "MUJER", "PROVINCIA": "CARCHI", "PARROQUIA": "HUACA", "SECTOR": "URBANO", "PLANIFICAC": "365 POR DEFINIR", "X": -77.724455, "Y": 0.637733, "CANTON": "SAN PEDRO DE HUACA", "NOMBRE": "GUERRON IMBAQUINGO ROSA MARIA" }, "geometry": { "type": "Point", "coordinates": [ -77.724454804514039, 0.637733144195093 ] } },
{ "type": "Feature", "properties": { "CI": "401597604", "GENERO": "MUJER", "PROVINCIA": "CARCHI", "PARROQUIA": "HUACA", "SECTOR": "URBANO", "PLANIFICAC": "365 POR DEFINIR", "X": -77.732731, "Y": 0.618941, "CANTON": "SAN PEDRO DE HUACA", "NOMBRE": "VELASCO CAMARGO ERIKA KATERINE" }, "geometry": { "type": "Point", "coordinates": [ -77.732730845470442, 0.618940911279198 ] } },
{ "type": "Feature", "properties": { "CI": "401746813", "GENERO": "MUJER", "PROVINCIA": "CARCHI", "PARROQUIA": "LA LIBERTAD", "SECTOR": "URBANO", "PLANIFICAC": "365 POR DEFINIR", "X": -77.937572, "Y": 0.658152, "CANTON": "ESPEJO", "NOMBRE": "QUELAL TANICUCHI ODILA MARILU" }, "geometry": { "type": "Point", "coordinates": [ -77.937571858340789, 0.658152389640637 ] } },
{ "type": "Feature", "properties": { "CI": "401651005", "GENERO": "MUJER", "PROVINCIA": "CARCHI", "PARROQUIA": "CRISTOBAL COLON- SAN PEDRO", "SECTOR": "URBANO", "PLANIFICAC": "365 POR DEFINIR", "X": -77.810435, "Y": 0.606496, "CANTON": "MONTUFAR", "NOMBRE": "USIÑA CUASAPAZ JUANA GABRIELA" }, "geometry": { "type": "Point", "coordinates": [ -77.810434909768631, 0.606495788517253 ] } },
{ "type": "Feature", "properties": { "CI": "400601886", "GENERO": "MUJER", "PROVINCIA": "CARCHI", "PARROQUIA": "HUACA", "SECTOR": "URBANO", "PLANIFICAC": "365 POR DEFINIR", "X": -77.73039, "Y": 0.623226, "CANTON": "SAN PEDRO DE HUACA", "NOMBRE": "PAILLACHO MELO ALICIA GUADALUPE" }, "geometry": { "type": "Point", "coordinates": [ -77.73039005131082, 0.623225647297848 ] } },
{ "type": "Feature", "properties": { "CI": "402003313", "GENERO": "MUJER", "PROVINCIA": "CARCHI", "PARROQUIA": "HUACA", "SECTOR": "URBANO", "PLANIFICAC": "365 POR DEFINIR", "X": -77.727269, "Y": 0.629878, "CANTON": "SAN PEDRO DE HUACA", "NOMBRE": "CALPA GUANCHA MONICA ANDREA" }, "geometry": { "type": "Point", "coordinates": [ -77.727269491546494, 0.629878499627233 ] } },
{ "type": "Feature", "properties": { "CI": "402082069", "GENERO": "MUJER", "PROVINCIA": "CARCHI", "PARROQUIA": "LA LIBERTAD", "SECTOR": "URBANO", "PLANIFICAC": "365 POR DEFINIR", "X": -77.937868, "Y": 0.658125, "CANTON": "ESPEJO", "NOMBRE": "QUELAL TANICUCHI EDITH MARICELA" }, "geometry": { "type": "Point", "coordinates": [ -77.937868032186188, 0.658125107885143 ] } },
{ "type": "Feature", "properties": { "CI": "1600659690", "GENERO": "MUJER", "PROVINCIA": "PASTAZA", "PARROQUIA": "SIMON BOLIVAR", "SECTOR": "RURAL", "PLANIFICAC": "633 PRE FABRICADAS", "X": -77.840099, "Y": -1.627278, "CANTON": "PASTAZA", "NOMBRE": "LEMA GUILLCATANDA PATRICIA ALEXANDRA" }, "geometry": { "type": "Point", "coordinates": [ -77.840098897146632, -1.627278282086683 ] } },
{ "type": "Feature", "properties": { "CI": "1205051376", "GENERO": "MUJER", "PROVINCIA": "PASTAZA", "PARROQUIA": "FATIMA", "SECTOR": "URBANO", "PLANIFICAC": "633 PRE FABRICADAS", "X": -77.990454, "Y": -1.433502, "CANTON": "PASTAZA", "NOMBRE": "ZAMORA GARCIA SANDRA ELIZABETH" }, "geometry": { "type": "Point", "coordinates": [ -77.990454284733602, -1.43350199067495 ] } },
{ "type": "Feature", "properties": { "CI": "1501042509", "GENERO": "MUJER", "PROVINCIA": "NAPO", "PARROQUIA": "TENA", "SECTOR": "RURAL", "PLANIFICAC": "633 PRE FABRICADAS", "X": -77.823003, "Y": -0.946564, "CANTON": "TENA", "NOMBRE": "MONTERO CAMACHO GLENDA PATRICIA" }, "geometry": { "type": "Point", "coordinates": [ -77.823003008328968, -0.946563690724028 ] } },
{ "type": "Feature", "properties": { "CI": "401394838", "GENERO": "MUJER", "PROVINCIA": "CARCHI", "PARROQUIA": "GONZALEZ SUAREZ- SANTA ROSA", "SECTOR": "RURAL", "PLANIFICAC": "200 BID", "X": -77.820779, "Y": 0.608271, "CANTON": "MONTUFAR", "NOMBRE": "PROAÑO PONCE SARA LUCIA" }, "geometry": { "type": "Point", "coordinates": [ -77.820779414633094, 0.608271099748575 ] } },
{ "type": "Feature", "properties": { "CI": "1600133118", "GENERO": "HOMBRE", "PROVINCIA": "PASTAZA", "PARROQUIA": "CANELOS", "SECTOR": "RURAL", "PLANIFICAC": "200 BID", "X": -77.791866, "Y": -1.600126, "CANTON": "PASTAZA", "NOMBRE": "ILLANES ILLANES GREY GABRIEL" }, "geometry": { "type": "Point", "coordinates": [ -77.791865524405225, -1.600126495603674 ] } },
{ "type": "Feature", "properties": { "CI": "2100554639", "GENERO": "MUJER", "PROVINCIA": "SUCUMBIOS", "PARROQUIA": "NUEVA LOJA", "SECTOR": "URBANO", "PLANIFICAC": "365 POR DEFINIR", "X": -76.828797, "Y": 0.117198, "CANTON": "LAGO AGRIO", "NOMBRE": "GUERRERO SANCHEZ FANNY MARCELA" }, "geometry": { "type": "Point", "coordinates": [ -76.828797235647585, 0.117198069332025 ] } },
{ "type": "Feature", "properties": { "CI": "200958494", "GENERO": "MUJER", "PROVINCIA": "SUCUMBIOS", "PARROQUIA": "PACAYACU", "SECTOR": "RURAL", "PLANIFICAC": "365 POR DEFINIR", "X": -76.790484, "Y": 0.082475, "CANTON": "LAGO AGRIO", "NOMBRE": "VILLALOBOS MISHQUI MARIA MATEA" }, "geometry": { "type": "Point", "coordinates": [ -76.790483738005463, 0.082474671258679 ] } },
{ "type": "Feature", "properties": { "CI": "1600436784", "GENERO": "MUJER", "PROVINCIA": "PASTAZA", "PARROQUIA": "SAN JOSE", "SECTOR": "RURAL", "PLANIFICAC": "365 POR DEFINIR", "X": -77.888137, "Y": -1.31859, "CANTON": "SANTA CLARA", "NOMBRE": "VILLACRES MORALES NORMA YOLANDA" }, "geometry": { "type": "Point", "coordinates": [ -77.888137171375405, -1.318590492929222 ] } },
{ "type": "Feature", "properties": { "CI": "402051742", "GENERO": "MUJER", "PROVINCIA": "CARCHI", "PARROQUIA": "HUACA", "SECTOR": "URBANO", "PLANIFICAC": "365 POR DEFINIR", "X": -77.727883, "Y": 0.636331, "CANTON": "SAN PEDRO DE HUACA", "NOMBRE": "MONTENEGRO VELASCO MISHEL ESTEFANIA" }, "geometry": { "type": "Point", "coordinates": [ -77.727883304559512, 0.636330582492279 ] } },
{ "type": "Feature", "properties": { "CI": "1002900627", "GENERO": "MUJER", "PROVINCIA": "CARCHI", "PARROQUIA": "LOS ANDES", "SECTOR": "RURAL", "PLANIFICAC": "633 PRE FABRICADAS", "X": -77.94193, "Y": 0.45187, "CANTON": "BOLIVAR", "NOMBRE": "ANRANGO TERAN MARIA YOLANDA" }, "geometry": { "type": "Point", "coordinates": [ -77.94193, 0.45187 ] } },
{ "type": "Feature", "properties": { "CI": "1710923119", "GENERO": "MUJER", "PROVINCIA": "CARCHI", "PARROQUIA": "JUAN MONTALVO", "SECTOR": "RURAL", "PLANIFICAC": "633 PRE FABRICADAS", "X": -78.03583, "Y": 0.59024, "CANTON": "MIRA", "NOMBRE": "PONCE LOPEZ BLANCA LISVIA" }, "geometry": { "type": "Point", "coordinates": [ -78.03583, 0.59024 ] } },
{ "type": "Feature", "properties": { "CI": "1722961347", "GENERO": "MUJER", "PROVINCIA": "CARCHI", "PARROQUIA": "LOS ANDES", "SECTOR": "RURAL", "PLANIFICAC": "633 PRE FABRICADAS", "X": -77.93394, "Y": 0.49406, "CANTON": "BOLIVAR", "NOMBRE": "QUIROZ INTRIAGO ANGELA ROXANA" }, "geometry": { "type": "Point", "coordinates": [ -77.93394, 0.49406 ] } },
{ "type": "Feature", "properties": { "CI": "201423787", "GENERO": "HOMBRE", "PROVINCIA": "BOLIVAR", "PARROQUIA": "SANTA FE", "SECTOR": "RURAL", "PLANIFICAC": "633 PRE FABRICADAS", "X": -79.01323, "Y": -1.63819, "CANTON": "GUARANDA", "NOMBRE": "CORNELIO SIGCHA ORLANDO" }, "geometry": { "type": "Point", "coordinates": [ -79.01323, -1.63819 ] } },
{ "type": "Feature", "properties": { "CI": "201934585", "GENERO": "MUJER", "PROVINCIA": "BOLIVAR", "PARROQUIA": "SANTA FE (CHACCHA)", "SECTOR": "RURAL", "PLANIFICAC": "633 PRE FABRICADAS", "X": -79.02, "Y": -1.61, "CANTON": "GUARANDA", "NOMBRE": "BERMEO PAZMIÑO MARICELA ELEONORA" }, "geometry": { "type": "Point", "coordinates": [ -79.02, -1.61 ] } },
{ "type": "Feature", "properties": { "CI": "1003626866", "GENERO": "HOMBRE", "PROVINCIA": "CARCHI", "PARROQUIA": "LOS ANDES", "SECTOR": "RURAL", "PLANIFICAC": "633 PRE FABRICADAS", "X": -77.9389, "Y": 0.51594, "CANTON": "BOLIVAR", "NOMBRE": "ERAZO AYALA WALTER AMILCAR" }, "geometry": { "type": "Point", "coordinates": [ -77.9389, 0.51594 ] } },
{ "type": "Feature", "properties": { "CI": "802458844", "GENERO": "MUJER", "PROVINCIA": "ESMERALDAS", "PARROQUIA": "TONCHIGÑE", "SECTOR": "RURAL", "PLANIFICAC": "200 BID", "X": -79.94378, "Y": 0.82637, "CANTON": "ATACAMES", "NOMBRE": "TORAL PAUCAR MERY SUSANA" }, "geometry": { "type": "Point", "coordinates": [ -79.94378, 0.82637 ] } },
{ "type": "Feature", "properties": { "CI": "401876362", "GENERO": "MUJER", "PROVINCIA": "CARCHI", "PARROQUIA": "SAN JOSÉ", "SECTOR": "RURAL", "PLANIFICAC": "200 BID", "X": -77.83085, "Y": 0.57732, "CANTON": "MONTUFAR", "NOMBRE": "ZUÑIGA RUALES MÓNICA ABIGAIL" }, "geometry": { "type": "Point", "coordinates": [ -77.83085, 0.57732 ] } },
{ "type": "Feature", "properties": { "CI": "401880174", "GENERO": "HOMBRE", "PROVINCIA": "CARCHI", "PARROQUIA": "SAN JOSÉ", "SECTOR": "RURAL", "PLANIFICAC": "200 BID", "X": -77.83215, "Y": 0.56856, "CANTON": "MONTUFAR", "NOMBRE": "QUINTEROS CHAMORRO DANIEL OSWALDO" }, "geometry": { "type": "Point", "coordinates": [ -77.83215, 0.56856 ] } },
{ "type": "Feature", "properties": { "CI": "1102890215", "GENERO": "MUJER", "PROVINCIA": "ZAMORA CHINCHIPE", "PARROQUIA": "ZUMBA", "SECTOR": "RURAL", "PLANIFICAC": "200 BID", "X": -79.17066, "Y": -4.88017, "CANTON": "CHINCHIPE", "NOMBRE": "ABAD CORDERO MARIA CONCEPCION" }, "geometry": { "type": "Point", "coordinates": [ -79.17066, -4.88017 ] } },
{ "type": "Feature", "properties": { "CI": "401956420", "GENERO": "MUJER", "PROVINCIA": "CARCHI", "PARROQUIA": "JUAN MONTALVO", "SECTOR": "RURAL", "PLANIFICAC": "200 BID", "X": -78.08626, "Y": 0.58991, "CANTON": "MIRA", "NOMBRE": "SIMBAÑA LOPEZ KARINA ALEXANDRA" }, "geometry": { "type": "Point", "coordinates": [ -78.08626, 0.58991 ] } },
{ "type": "Feature", "properties": { "CI": "401427372", "GENERO": "MUJER", "PROVINCIA": "CARCHI", "PARROQUIA": "TUFIÑO", "SECTOR": "RURAL", "PLANIFICAC": "200 BID", "X": -77.83917, "Y": 0.8022, "CANTON": "TULCAN", "NOMBRE": "NAZATE ESCOBAR BETTY AMANDA" }, "geometry": { "type": "Point", "coordinates": [ -77.83917, 0.8022 ] } },
{ "type": "Feature", "properties": { "CI": "400353173", "GENERO": "MUJER", "PROVINCIA": "CARCHI", "PARROQUIA": "FERNANDEZ SALVADOR", "SECTOR": "RURAL", "PLANIFICAC": "200 BID", "X": -77.74963, "Y": 0.59357, "CANTON": "MONTUFAR", "NOMBRE": "FIGUEROA FLORES MARIA ELVIA" }, "geometry": { "type": "Point", "coordinates": [ -77.74963, 0.59357 ] } },
{ "type": "Feature", "properties": { "CI": "402065460", "GENERO": "MUJER", "PROVINCIA": "CARCHI", "PARROQUIA": "TUFIÑO", "SECTOR": "RURAL", "PLANIFICAC": "200 BID", "X": -77.86019, "Y": 0.79046, "CANTON": "TULCAN", "NOMBRE": "PUETATE GUEL KAREN NATHALY" }, "geometry": { "type": "Point", "coordinates": [ -77.86019, 0.79046 ] } },
{ "type": "Feature", "properties": { "CI": "400575148", "GENERO": "MUJER", "PROVINCIA": "CARCHI", "PARROQUIA": "JULIO ANDRADE", "SECTOR": "RURAL", "PLANIFICAC": "200 BID", "X": -77.72067, "Y": 0.65028, "CANTON": "TULCAN", "NOMBRE": "YAR MARIA MARIANA DE JESUS" }, "geometry": { "type": "Point", "coordinates": [ -77.72067, 0.65028 ] } },
{ "type": "Feature", "properties": { "CI": "401448147", "GENERO": "MUJER", "PROVINCIA": "CARCHI", "PARROQUIA": "PIOTER", "SECTOR": "RURAL", "PLANIFICAC": "200 BID", "X": -77.78223, "Y": 0.63133, "CANTON": "TULCAN", "NOMBRE": "GUERRA POZO SONIA MAGDALENA" }, "geometry": { "type": "Point", "coordinates": [ -77.78223, 0.63133 ] } },
{ "type": "Feature", "properties": { "CI": "401368568", "GENERO": "MUJER", "PROVINCIA": "CARCHI", "PARROQUIA": "FERNANDEZ SALVADOR", "SECTOR": "RURAL", "PLANIFICAC": "200 BID", "X": -77.7517, "Y": 0.60098, "CANTON": "MONTUFAR", "NOMBRE": "BENAVIDES ERAZO CARMEN MELINA" }, "geometry": { "type": "Point", "coordinates": [ -77.7517, 0.60098 ] } },
{ "type": "Feature", "properties": { "CI": "401472691", "GENERO": "MUJER", "PROVINCIA": "CARCHI", "PARROQUIA": "TUFIÑO", "SECTOR": "RURAL", "PLANIFICAC": "200 BID", "X": -77.84837, "Y": 0.80162, "CANTON": "TULCAN", "NOMBRE": "JURADO TATICUAN JENNY ELIZABETH" }, "geometry": { "type": "Point", "coordinates": [ -77.84837, 0.80162 ] } },
{ "type": "Feature", "properties": { "CI": "401764212", "GENERO": "HOMBRE", "PROVINCIA": "CARCHI", "PARROQUIA": "FERNANDEZ SALVADOR", "SECTOR": "RURAL", "PLANIFICAC": "200 BID", "X": -77.74956, "Y": 0.59373, "CANTON": "MONTUFAR", "NOMBRE": "CHICANGO FIGUEROA SANTIAGO ALBERTO" }, "geometry": { "type": "Point", "coordinates": [ -77.74956, 0.59373 ] } },
{ "type": "Feature", "properties": { "CI": "801064957", "GENERO": "MUJER", "PROVINCIA": "ESMERALDAS", "PARROQUIA": "SÚA (CAB EN LA BOCANA)", "SECTOR": "RURAL", "PLANIFICAC": "200 BID", "X": -79.87794, "Y": 0.85843, "CANTON": "ATACAMES", "NOMBRE": "MARQUEZ GONGORA SEBASTIANA" }, "geometry": { "type": "Point", "coordinates": [ -79.87794, 0.85843 ] } },
{ "type": "Feature", "properties": { "CI": "401729124", "GENERO": "HOMBRE", "PROVINCIA": "CARCHI", "PARROQUIA": "TUFIÑO", "SECTOR": "RURAL", "PLANIFICAC": "200 BID", "X": -77.85408, "Y": 0.80195, "CANTON": "TULCAN", "NOMBRE": "PASPUEL YANASCUAL DIEGO ROMAN" }, "geometry": { "type": "Point", "coordinates": [ -77.85408, 0.80195 ] } },
{ "type": "Feature", "properties": { "CI": "401871876", "GENERO": "HOMBRE", "PROVINCIA": "CARCHI", "PARROQUIA": "FERNANDEZ SALVADOR", "SECTOR": "RURAL", "PLANIFICAC": "200 BID", "X": -77.75326, "Y": 0.57466, "CANTON": "MONTUFAR", "NOMBRE": "ANDRADE PRADO DEIBY JOEL" }, "geometry": { "type": "Point", "coordinates": [ -77.75326, 0.57466 ] } },
{ "type": "Feature", "properties": { "CI": "802663088", "GENERO": "MUJER", "PROVINCIA": "ESMERALDAS", "PARROQUIA": "TONSUPA", "SECTOR": "RURAL", "PLANIFICAC": "200 BID", "X": -79.82077, "Y": 0.87429, "CANTON": "ATACAMES", "NOMBRE": "CARRASCO CHILA CELIA CARMEN" }, "geometry": { "type": "Point", "coordinates": [ -79.82077, 0.87429 ] } },
{ "type": "Feature", "properties": { "CI": "400928511", "GENERO": "MUJER", "PROVINCIA": "CARCHI", "PARROQUIA": "JUAN MONTALVO", "SECTOR": "RURAL", "PLANIFICAC": "200 BID", "X": -78.08822, "Y": 0.58778, "CANTON": "MIRA", "NOMBRE": "LOPEZ BUITRON LIMBANIA MAGOLA" }, "geometry": { "type": "Point", "coordinates": [ -78.08822, 0.58778 ] } },
{ "type": "Feature", "properties": { "CI": "401135546", "GENERO": "MUJER", "PROVINCIA": "CARCHI", "PARROQUIA": "GONZALES SUAREZ", "SECTOR": "RURAL", "PLANIFICAC": "200 BID", "X": -77.70302, "Y": 0.83246, "CANTON": "TULCAN", "NOMBRE": "MANGUA TENGANAN MARIA SOFIA" }, "geometry": { "type": "Point", "coordinates": [ -77.70302, 0.83246 ] } },
{ "type": "Feature", "properties": { "CI": "401916770", "GENERO": "MUJER", "PROVINCIA": "CARCHI", "PARROQUIA": "JULIO ANDRADE", "SECTOR": "RURAL", "PLANIFICAC": "200 BID", "X": -77.72258, "Y": 0.67167, "CANTON": "TULCAN", "NOMBRE": "CALDERON TORO BETTY JACQUELINE" }, "geometry": { "type": "Point", "coordinates": [ -77.72258, 0.67167 ] } },
{ "type": "Feature", "properties": { "CI": "401830864", "GENERO": "MUJER", "PROVINCIA": "CARCHI", "PARROQUIA": "BOLIVAR", "SECTOR": "URBANO", "PLANIFICAC": "365 POR DEFINIR", "X": -77.90818, "Y": 0.50642, "CANTON": "BOLIVAR", "NOMBRE": "MONTENEGRO AYALA ANA PAULA" }, "geometry": { "type": "Point", "coordinates": [ -77.90818, 0.50642 ] } },
{ "type": "Feature", "properties": { "CI": "401105853", "GENERO": "MUJER", "PROVINCIA": "CARCHI", "PARROQUIA": "BOLIVAR", "SECTOR": "URBANO", "PLANIFICAC": "365 POR DEFINIR", "X": -77.90194, "Y": 0.50721, "CANTON": "BOLIVAR", "NOMBRE": "FUENTES MEDINA NELLY BEATRIZ" }, "geometry": { "type": "Point", "coordinates": [ -77.90194, 0.50721 ] } },
{ "type": "Feature", "properties": { "CI": "1004573315", "GENERO": "MUJER", "PROVINCIA": "CARCHI", "PARROQUIA": "LOS ANDES", "SECTOR": "URBANO", "PLANIFICAC": "365 POR DEFINIR", "X": -77.93654, "Y": 0.50372, "CANTON": "BOLIVAR", "NOMBRE": "GUACHI URRESTA ALICIA MERCEDES" }, "geometry": { "type": "Point", "coordinates": [ -77.93654, 0.50372 ] } },
{ "type": "Feature", "properties": { "CI": "401833744", "GENERO": "MUJER", "PROVINCIA": "CARCHI", "PARROQUIA": "LOS ANDES", "SECTOR": "URBANO", "PLANIFICAC": "365 POR DEFINIR", "X": -77.93978, "Y": 0.49599, "CANTON": "BOLIVAR", "NOMBRE": "HERRERA IBUJES ALEJANDRA GARDENIA" }, "geometry": { "type": "Point", "coordinates": [ -77.93978, 0.49599 ] } },
{ "type": "Feature", "properties": { "CI": "401595293", "GENERO": "MUJER", "PROVINCIA": "CARCHI", "PARROQUIA": "BOLIVAR", "SECTOR": "URBANO", "PLANIFICAC": "365 POR DEFINIR", "X": -77.90974, "Y": 0.49929, "CANTON": "BOLIVAR", "NOMBRE": "BRAVO MANTILLA SILVIA NARCIZA" }, "geometry": { "type": "Point", "coordinates": [ -77.90974, 0.49929 ] } },
{ "type": "Feature", "properties": { "CI": "401528401", "GENERO": "MUJER", "PROVINCIA": "CARCHI", "PARROQUIA": "BOLIVAR", "SECTOR": "URBANO", "PLANIFICAC": "365 POR DEFINIR", "X": -77.90218, "Y": 0.49195, "CANTON": "BOLIVAR", "NOMBRE": "ANGULO TERAN GERMANIA ROCIO" }, "geometry": { "type": "Point", "coordinates": [ -77.90218, 0.49195 ] } },
{ "type": "Feature", "properties": { "CI": "401446174", "GENERO": "MUJER", "PROVINCIA": "CARCHI", "PARROQUIA": "EL ANGEL", "SECTOR": "URBANO", "PLANIFICAC": "365 POR DEFINIR", "X": -77.94366, "Y": 0.62427, "CANTON": "ESPEJO", "NOMBRE": "CORAL PAZOS BLANCA JANETH" }, "geometry": { "type": "Point", "coordinates": [ -77.94366, 0.62427 ] } },
{ "type": "Feature", "properties": { "CI": "401040431", "GENERO": "MUJER", "PROVINCIA": "CARCHI", "PARROQUIA": "BOLIVAR", "SECTOR": "URBANO", "PLANIFICAC": "365 POR DEFINIR", "X": -77.90219, "Y": 0.49201, "CANTON": "BOLIVAR", "NOMBRE": "ANGULO TERAN ALICIA JOSEFINA" }, "geometry": { "type": "Point", "coordinates": [ -77.90219, 0.49201 ] } },
{ "type": "Feature", "properties": { "CI": "402127302", "GENERO": "MUJER", "PROVINCIA": "CARCHI", "PARROQUIA": "BOLIVAR", "SECTOR": "URBANO", "PLANIFICAC": "365 POR DEFINIR", "X": -77.90792, "Y": 0.50674, "CANTON": "BOLIVAR", "NOMBRE": "MENA GUACHAGMIRA ANA GABRIELA" }, "geometry": { "type": "Point", "coordinates": [ -77.90792, 0.50674 ] } },
{ "type": "Feature", "properties": { "CI": "401345939", "GENERO": "MUJER", "PROVINCIA": "CARCHI", "PARROQUIA": "BOLIVAR", "SECTOR": "URBANO", "PLANIFICAC": "365 POR DEFINIR", "X": -77.90767, "Y": 0.50052, "CANTON": "BOLIVAR", "NOMBRE": "SEGOVIA ALMEIDA JANNETH ELIANA" }, "geometry": { "type": "Point", "coordinates": [ -77.90767, 0.50052 ] } },
{ "type": "Feature", "properties": { "CI": "401486501", "GENERO": "MUJER", "PROVINCIA": "CARCHI", "PARROQUIA": "GONZALEZ SUAREZ SAN ANDRES", "SECTOR": "URBANO", "PLANIFICAC": "365 POR DEFINIR", "X": -77.81976, "Y": 0.5972, "CANTON": "MONTUFAR", "NOMBRE": "DE LA CRUZ MALTE LIDIA ESPERANZA" }, "geometry": { "type": "Point", "coordinates": [ -77.81976, 0.5972 ] } },
{ "type": "Feature", "properties": { "CI": "401625587", "GENERO": "HOMBRE", "PROVINCIA": "CARCHI", "PARROQUIA": "SAN PEDRO DE HUACA", "SECTOR": "URBANO", "PLANIFICAC": "365 POR DEFINIR", "X": -77.7562, "Y": 0.61184, "CANTON": "SAN PEDRO DE HUACA", "NOMBRE": "ENRIQUEZ ENRIQUEZ LUIS ANDRES" }, "geometry": { "type": "Point", "coordinates": [ -77.7562, 0.61184 ] } },
{ "type": "Feature", "properties": { "CI": "401762075", "GENERO": "MUJER", "PROVINCIA": "CARCHI", "PARROQUIA": "CRISTOBAL COLON", "SECTOR": "URBANO", "PLANIFICAC": "365 POR DEFINIR", "X": -77.81134, "Y": 0.63249, "CANTON": "MONTUFAR", "NOMBRE": "CUMBAL ARCINIEGA SARA MAGALI" }, "geometry": { "type": "Point", "coordinates": [ -77.81134, 0.63249 ] } },
{ "type": "Feature", "properties": { "CI": "401412200", "GENERO": "MUJER", "PROVINCIA": "CARCHI", "PARROQUIA": "EL CHICAL", "SECTOR": "RURAL", "PLANIFICAC": "365 POR DEFINIR", "X": -78.20591, "Y": 0.9555, "CANTON": "TULCAN", "NOMBRE": "CANTINCUZ PASCAL DIGNA PATRICIA" }, "geometry": { "type": "Point", "coordinates": [ -78.20591, 0.9555 ] } },
{ "type": "Feature", "properties": { "CI": "201752193", "GENERO": "HOMBRE", "PROVINCIA": "LOS RIOS", "PARROQUIA": "ZAPOTAL", "SECTOR": "RURAL", "PLANIFICAC": "365 POR DEFINIR", "X": -79.367505, "Y": -1.164259, "CANTON": "VENTANAS", "NOMBRE": "SISA TENELEMA DIOGENES ALCIVAR" }, "geometry": { "type": "Point", "coordinates": [ -79.367504724247084, -1.164259211093398 ] } },
{ "type": "Feature", "properties": { "CI": "401693510", "GENERO": "MUJER", "PROVINCIA": "CARCHI", "PARROQUIA": "TUFIÑO", "SECTOR": "RURAL", "PLANIFICAC": "365 POR DEFINIR", "X": -77.80676, "Y": 0.80947, "CANTON": "TULCAN", "NOMBRE": "ESPINOZA FUERTES AIDA MILENA" }, "geometry": { "type": "Point", "coordinates": [ -77.80676, 0.80947 ] } },
{ "type": "Feature", "properties": { "CI": "450049267", "GENERO": "MUJER", "PROVINCIA": "CARCHI", "PARROQUIA": "TUFIÑO", "SECTOR": "RURAL", "PLANIFICAC": "365 POR DEFINIR", "X": -77.85849, "Y": 0.80072, "CANTON": "TULCAN", "NOMBRE": "NAZATE LÓPEZ ODALIS MELISA" }, "geometry": { "type": "Point", "coordinates": [ -77.85849, 0.80072 ] } },
{ "type": "Feature", "properties": { "CI": "401817457", "GENERO": "HOMBRE", "PROVINCIA": "CARCHI", "PARROQUIA": "MARISCAL SUCRE", "SECTOR": "RURAL", "PLANIFICAC": "365 POR DEFINIR", "X": -77.7319, "Y": 0.59264, "CANTON": "HUACA", "NOMBRE": "NARVAEZ HERMOSO JEFFERSON ANDRES" }, "geometry": { "type": "Point", "coordinates": [ -77.7319, 0.59264 ] } },
{ "type": "Feature", "properties": { "CI": "401854427", "GENERO": "HOMBRE", "PROVINCIA": "CARCHI", "PARROQUIA": "TUFIÑO", "SECTOR": "RURAL", "PLANIFICAC": "365 POR DEFINIR", "X": -77.85695, "Y": 0.80117, "CANTON": "TULCAN", "NOMBRE": "PASPUEZAN CHILES JORGE RAFAEL" }, "geometry": { "type": "Point", "coordinates": [ -77.85695, 0.80117 ] } },
{ "type": "Feature", "properties": { "CI": "401341706", "GENERO": "MUJER", "PROVINCIA": "CARCHI", "PARROQUIA": "EL CARMELO", "SECTOR": "RURAL", "PLANIFICAC": "365 POR DEFINIR", "X": -77.65053, "Y": 0.64507, "CANTON": "TULCAN", "NOMBRE": "HUERA TUCANES JANNETH PATRICIA" }, "geometry": { "type": "Point", "coordinates": [ -77.65053, 0.64507 ] } },
{ "type": "Feature", "properties": { "CI": "401152343", "GENERO": "HOMBRE", "PROVINCIA": "CARCHI", "PARROQUIA": "TUFIÑO", "SECTOR": "RURAL", "PLANIFICAC": "365 POR DEFINIR", "X": -77.85787, "Y": 0.79985, "CANTON": "TULCAN", "NOMBRE": "CHILES VILLARREAL WILSON HERNÁN" }, "geometry": { "type": "Point", "coordinates": [ -77.85787, 0.79985 ] } },
{ "type": "Feature", "properties": { "CI": "401630884", "GENERO": "MUJER", "PROVINCIA": "CARCHI", "PARROQUIA": "GONZALEZ SUAREZ", "SECTOR": "RURAL", "PLANIFICAC": "365 POR DEFINIR", "X": -77.72712, "Y": 0.83611, "CANTON": "TULCAN", "NOMBRE": "GUANCHA ESCOBAR ANDREA CAROLINA" }, "geometry": { "type": "Point", "coordinates": [ -77.72712, 0.83611 ] } },
{ "type": "Feature", "properties": { "CI": "401523170", "GENERO": "MUJER", "PROVINCIA": "CARCHI", "PARROQUIA": "JULIO ANDRADE", "SECTOR": "RURAL", "PLANIFICAC": "365 POR DEFINIR", "X": -77.71414, "Y": 0.66512, "CANTON": "TULCAN", "NOMBRE": "NAZATE CANDO SONIA DEL CARMEN" }, "geometry": { "type": "Point", "coordinates": [ -77.71414, 0.66512 ] } },
{ "type": "Feature", "properties": { "CI": "850024340", "GENERO": "MUJER", "PROVINCIA": "ESMERALDAS", "PARROQUIA": "LA UNION DE QUININDE", "SECTOR": "RURAL", "PLANIFICAC": "365 POR DEFINIR", "X": -79.41077, "Y": 0.22538, "CANTON": "QUININDE", "NOMBRE": "VALENCIA TRUJILLO SASKIA BEATRIZ" }, "geometry": { "type": "Point", "coordinates": [ -79.41077, 0.22538 ] } },
{ "type": "Feature", "properties": { "CI": "918086935", "GENERO": "MUJER", "PROVINCIA": "LOS RIOS", "PARROQUIA": "ZAPOTAL", "SECTOR": "RURAL", "PLANIFICAC": "365 POR DEFINIR", "X": -79.3155, "Y": -1.2154, "CANTON": "VENTANAS", "NOMBRE": "RAMIREZ VACA NELLY ROCIO" }, "geometry": { "type": "Point", "coordinates": [ -79.3155, -1.2154 ] } },
{ "type": "Feature", "properties": { "CI": "201422482", "GENERO": "MUJER", "PROVINCIA": "LOS RIOS", "PARROQUIA": "LOS ANGELES", "SECTOR": "RURAL", "PLANIFICAC": "365 POR DEFINIR", "X": -79.392394, "Y": -1.2967, "CANTON": "VENTANAS", "NOMBRE": "CHERRES GAVILANES CARMEN DORALIZA" }, "geometry": { "type": "Point", "coordinates": [ -79.392394308606583, -1.296700173250638 ] } },
{ "type": "Feature", "properties": { "CI": "450046479", "GENERO": "MUJER", "PROVINCIA": "CARCHI", "PARROQUIA": "EL CARMELO", "SECTOR": "RURAL", "PLANIFICAC": "365 POR DEFINIR", "X": -77.63837, "Y": 0.64735, "CANTON": "TULCAN", "NOMBRE": "BENAVIDES ALMEIDA JOHANA MARIBEL" }, "geometry": { "type": "Point", "coordinates": [ -77.63837, 0.64735 ] } },
{ "type": "Feature", "properties": { "CI": "401773486", "GENERO": "MUJER", "PROVINCIA": "CARCHI", "PARROQUIA": "EL CARMELO", "SECTOR": "RURAL", "PLANIFICAC": "365 POR DEFINIR", "X": -77.59147, "Y": 0.67154, "CANTON": "TULCAN", "NOMBRE": "CORAL NARVAEZ JENIFER SORAIDA" }, "geometry": { "type": "Point", "coordinates": [ -77.59147, 0.67154 ] } },
{ "type": "Feature", "properties": { "CI": "401763552", "GENERO": "HOMBRE", "PROVINCIA": "CARCHI", "PARROQUIA": "LA PAZ", "SECTOR": "RURAL", "PLANIFICAC": "365 POR DEFINIR", "X": -77.84342, "Y": 0.55518, "CANTON": "MONTUFAR", "NOMBRE": "PILLA GUAMIALAMA MARCO LENIN" }, "geometry": { "type": "Point", "coordinates": [ -77.84342, 0.55518 ] } },
{ "type": "Feature", "properties": { "CI": "402112627", "GENERO": "MUJER", "PROVINCIA": "CARCHI", "PARROQUIA": "CRISTOBAL COLON", "SECTOR": "URBANO", "PLANIFICAC": "365 POR DEFINIR", "X": -77.80704, "Y": 0.58902, "CANTON": "MONTUFAR", "NOMBRE": "CEVALLOS CASTILLO DAMARIS BELEN" }, "geometry": { "type": "Point", "coordinates": [ -77.80704, 0.58902 ] } },
{ "type": "Feature", "properties": { "CI": "200970572", "GENERO": "MUJER", "PROVINCIA": "LOS RIOS", "PARROQUIA": "ZAPOTAL", "SECTOR": "RURAL", "PLANIFICAC": "365 POR DEFINIR", "X": -79.376118, "Y": -1.214528, "CANTON": "VENTANAS", "NOMBRE": "URVINA VASCONEZ LUCRECIA LUCIA" }, "geometry": { "type": "Point", "coordinates": [ -79.376118375862703, -1.214527925407166 ] } },
{ "type": "Feature", "properties": { "CI": "400500021", "GENERO": "HOMBRE", "PROVINCIA": "CARCHI", "PARROQUIA": "LA LIBERTAD", "SECTOR": "RURAL", "PLANIFICAC": "365 POR DEFINIR", "X": -77.97176, "Y": 0.67711, "CANTON": "ESPEJO", "NOMBRE": "MANOSALVAS AYALA SEGUNDO LEOVIGILDO" }, "geometry": { "type": "Point", "coordinates": [ -77.97176, 0.67711 ] } },
{ "type": "Feature", "properties": { "CI": "401936174", "GENERO": "MUJER", "PROVINCIA": "CARCHI", "PARROQUIA": "EL CARMELO", "SECTOR": "RURAL", "PLANIFICAC": "365 POR DEFINIR", "X": -77.59145, "Y": 0.67123, "CANTON": "TULCAN", "NOMBRE": "MENESES GUERRERO MEYSSI DAYANA" }, "geometry": { "type": "Point", "coordinates": [ -77.59145, 0.67123 ] } },
{ "type": "Feature", "properties": { "CI": "401782040", "GENERO": "MUJER", "PROVINCIA": "CARCHI", "PARROQUIA": "LA LIBERTAD", "SECTOR": "RURAL", "PLANIFICAC": "365 POR DEFINIR", "X": -77.97351, "Y": 0.66871, "CANTON": "ESPEJO", "NOMBRE": "CANACUAN MUESES ADRIANA VERONICA" }, "geometry": { "type": "Point", "coordinates": [ -77.97351, 0.66871 ] } },
{ "type": "Feature", "properties": { "CI": "401801428", "GENERO": "MUJER", "PROVINCIA": "CARCHI", "PARROQUIA": "EL CARMELO", "SECTOR": "RURAL", "PLANIFICAC": "365 POR DEFINIR", "X": -77.64544, "Y": 0.64333, "CANTON": "TULCAN", "NOMBRE": "PORTILLA REVELO IRALDA MARGARITA" }, "geometry": { "type": "Point", "coordinates": [ -77.64544, 0.64333 ] } },
{ "type": "Feature", "properties": { "CI": "401983937", "GENERO": "MUJER", "PROVINCIA": "CARCHI", "PARROQUIA": "CRISTOBAL COLON", "SECTOR": "URBANO", "PLANIFICAC": "365 POR DEFINIR", "X": -77.81816, "Y": 0.62577, "CANTON": "MONTUFAR", "NOMBRE": "ENRIQUEZ BENAVIDES WENDY ESTEFANIA" }, "geometry": { "type": "Point", "coordinates": [ -77.81816, 0.62577 ] } },
{ "type": "Feature", "properties": { "CI": "401228853", "GENERO": "MUJER", "PROVINCIA": "CARCHI", "PARROQUIA": "URBINA", "SECTOR": "RURAL", "PLANIFICAC": "365 POR DEFINIR", "X": -77.67345, "Y": 0.80412, "CANTON": "TULCAN", "NOMBRE": "GUACALES MORENO MONICA ALEXANDRA" }, "geometry": { "type": "Point", "coordinates": [ -77.67345, 0.80412 ] } },
{ "type": "Feature", "properties": { "CI": "401343579", "GENERO": "MUJER", "PROVINCIA": "CARCHI", "PARROQUIA": "CRISTOBAL COLON", "SECTOR": "URBANO", "PLANIFICAC": "365 POR DEFINIR", "X": -77.81595, "Y": 0.60478, "CANTON": "MONTUFAR", "NOMBRE": "AREVALO TARAPUES ALEXANDRA VERONICA" }, "geometry": { "type": "Point", "coordinates": [ -77.81595, 0.60478 ] } },
{ "type": "Feature", "properties": { "CI": "400555025", "GENERO": "MUJER", "PROVINCIA": "CARCHI", "PARROQUIA": "LA PAZ", "SECTOR": "URBANO", "PLANIFICAC": "365 POR DEFINIR", "X": -77.82152, "Y": 0.49868, "CANTON": "MONTUFAR", "NOMBRE": "CHURTA GLADIS GERMANIA" }, "geometry": { "type": "Point", "coordinates": [ -77.82152, 0.49868 ] } },
{ "type": "Feature", "properties": { "CI": "802827865", "GENERO": "HOMBRE", "PROVINCIA": "ESMERALDAS", "PARROQUIA": "ATACAMES", "SECTOR": "URBANO", "PLANIFICAC": "365 POR DEFINIR", "X": -79.8392, "Y": 0.87043, "CANTON": "ATACAMES", "NOMBRE": "MACIAS CORNEJO LEONARDO PATRICIO" }, "geometry": { "type": "Point", "coordinates": [ -79.8392, 0.87043 ] } },
{ "type": "Feature", "properties": { "CI": "910740232", "GENERO": "HOMBRE", "PROVINCIA": "GUAYAS", "PARROQUIA": "JUAN BAUTISTA AGUIRRE", "SECTOR": "URBANO", "PLANIFICAC": "365 POR DEFINIR", "X": -79.92015, "Y": -1.84705, "CANTON": "DAULE", "NOMBRE": "TOMALA BAJAÑA VICTOR AGUSTIN" }, "geometry": { "type": "Point", "coordinates": [ -79.92015, -1.84705 ] } },
{ "type": "Feature", "properties": { "CI": "401228416", "GENERO": "HOMBRE", "PROVINCIA": "CARCHI", "PARROQUIA": "HUACA", "SECTOR": "URBANO", "PLANIFICAC": "365 POR DEFINIR", "X": -77.70786, "Y": 0.65071, "CANTON": "HUACA", "NOMBRE": "CHAMORRO MARTINEZ RUBEN MARCELO" }, "geometry": { "type": "Point", "coordinates": [ -77.70786, 0.65071 ] } },
{ "type": "Feature", "properties": { "CI": "401834387", "GENERO": "MUJER", "PROVINCIA": "CARCHI", "PARROQUIA": "LOS ANDES", "SECTOR": "RURAL", "PLANIFICAC": "365 POR DEFINIR", "X": -77.95777, "Y": 0.47631, "CANTON": "BOLIVAR", "NOMBRE": "RODRIGUEZ URIBE ESTEFANY MISHELL" }, "geometry": { "type": "Point", "coordinates": [ -77.95777, 0.47631 ] } },
{ "type": "Feature", "properties": { "CI": "1004132070", "GENERO": "MUJER", "PROVINCIA": "CARCHI", "PARROQUIA": "LOS ANDES", "SECTOR": "RURAL", "PLANIFICAC": "365 POR DEFINIR", "X": -77.96004, "Y": 0.54701, "CANTON": "BOLIVAR", "NOMBRE": "POTOSI OLMEDO TANIA ESTEFANIA" }, "geometry": { "type": "Point", "coordinates": [ -77.96004, 0.54701 ] } },
{ "type": "Feature", "properties": { "CI": "401583638", "GENERO": "MUJER", "PROVINCIA": "CARCHI", "PARROQUIA": "CRISTOBAL COLON", "SECTOR": "URBANO", "PLANIFICAC": "365 POR DEFINIR", "X": -77.81713, "Y": 0.61943, "CANTON": "MONTUFAR", "NOMBRE": "HUERA BOLAÑOS FERNANDA MAGALI" }, "geometry": { "type": "Point", "coordinates": [ -77.81713, 0.61943 ] } },
{ "type": "Feature", "properties": { "CI": "401834890", "GENERO": "MUJER", "PROVINCIA": "CARCHI", "PARROQUIA": "LOS ANDES", "SECTOR": "RURAL", "PLANIFICAC": "365 POR DEFINIR", "X": -77.93762, "Y": 0.52227, "CANTON": "BOLIVAR", "NOMBRE": "CADENA TANGUILA FERNANDA ANGELICA" }, "geometry": { "type": "Point", "coordinates": [ -77.93762, 0.52227 ] } },
{ "type": "Feature", "properties": { "CI": "402038541", "GENERO": "MUJER", "PROVINCIA": "CARCHI", "PARROQUIA": "LOS ANDES", "SECTOR": "RURAL", "PLANIFICAC": "365 POR DEFINIR", "X": -77.95725, "Y": 0.47139, "CANTON": "BOLIVAR", "NOMBRE": "DUARTE GUERRERO PAOLA ALEJANDRA" }, "geometry": { "type": "Point", "coordinates": [ -77.95725, 0.47139 ] } },
{ "type": "Feature", "properties": { "CI": "401627419", "GENERO": "MUJER", "PROVINCIA": "CARCHI", "PARROQUIA": "LOS ANDES", "SECTOR": "RURAL", "PLANIFICAC": "365 POR DEFINIR", "X": -77.97607, "Y": 0.47763, "CANTON": "BOLIVAR", "NOMBRE": "NARVAEZ OVIEDO BLANCA MERCEDES" }, "geometry": { "type": "Point", "coordinates": [ -77.97607, 0.47763 ] } },
{ "type": "Feature", "properties": { "CI": "1003836978", "GENERO": "MUJER", "PROVINCIA": "CARCHI", "PARROQUIA": "LOS ANDES", "SECTOR": "RURAL", "PLANIFICAC": "365 POR DEFINIR", "X": -77.93752, "Y": 0.52204, "CANTON": "BOLIVAR", "NOMBRE": "CADENA TANGUILA ANDREA ELIZABETH" }, "geometry": { "type": "Point", "coordinates": [ -77.93752, 0.52204 ] } },
{ "type": "Feature", "properties": { "CI": "401391594", "GENERO": "MUJER", "PROVINCIA": "CARCHI", "PARROQUIA": "SAN JOSÉ", "SECTOR": "RURAL", "PLANIFICAC": "365 POR DEFINIR", "X": -77.88747, "Y": 0.5331, "CANTON": "MONTUFAR", "NOMBRE": "CORAL POZO TATIANA MARIBEL" }, "geometry": { "type": "Point", "coordinates": [ -77.88747, 0.5331 ] } },
{ "type": "Feature", "properties": { "CI": "401941828", "GENERO": "HOMBRE", "PROVINCIA": "CARCHI", "PARROQUIA": "PIARTAL", "SECTOR": "RURAL", "PLANIFICAC": "365 POR DEFINIR", "X": -77.75158, "Y": 0.56972, "CANTON": "MONTUFAR", "NOMBRE": "CHUNES ERAZO SEGUNDO ESTEBAN" }, "geometry": { "type": "Point", "coordinates": [ -77.75158, 0.56972 ] } },
{ "type": "Feature", "properties": { "CI": "401589668", "GENERO": "HOMBRE", "PROVINCIA": "CARCHI", "PARROQUIA": "LOS ANDES", "SECTOR": "RURAL", "PLANIFICAC": "365 POR DEFINIR", "X": -77.94259, "Y": 0.46813, "CANTON": "BOLIVAR", "NOMBRE": "HUERA MUÑOZ EDISON ANDRES" }, "geometry": { "type": "Point", "coordinates": [ -77.94259, 0.46813 ] } },
{ "type": "Feature", "properties": { "CI": "1001655024", "GENERO": "MUJER", "PROVINCIA": "CARCHI", "PARROQUIA": "LOS ANDES", "SECTOR": "RURAL", "PLANIFICAC": "365 POR DEFINIR", "X": -77.96071, "Y": 0.46656, "CANTON": "BOLIVAR", "NOMBRE": "AMAGUAÑA TORRES MARIA FABIOLA" }, "geometry": { "type": "Point", "coordinates": [ -77.96071, 0.46656 ] } },
{ "type": "Feature", "properties": { "CI": "401609169", "GENERO": "MUJER", "PROVINCIA": "CARCHI", "PARROQUIA": null, "SECTOR": null, "PLANIFICAC": "633 PRE FABRICADAS", "X": -77.72586, "Y": 0.80573, "CANTON": null, "NOMBRE": "USUAY FLORES ANA KARINA" }, "geometry": { "type": "Point", "coordinates": [ -77.72586, 0.80573 ] } },
{ "type": "Feature", "properties": { "CI": "802243717", "GENERO": "HOMBRE", "PROVINCIA": "ESMERALDAS", "PARROQUIA": null, "SECTOR": null, "PLANIFICAC": "633 PRE FABRICADAS", "X": -79.65857, "Y": 0.95862, "CANTON": "ESMERALDAS", "NOMBRE": "ALEGRIA PORTOCARRERO JOSE LUIS" }, "geometry": { "type": "Point", "coordinates": [ -79.65857, 0.95862 ] } },
{ "type": "Feature", "properties": { "CI": "602619553", "GENERO": "MUJER", "PROVINCIA": "CHIMBORAZO", "PARROQUIA": null, "SECTOR": null, "PLANIFICAC": "633 PRE FABRICADAS", "X": -78.6262, "Y": -1.60658, "CANTON": "GUANO", "NOMBRE": "COLCHA NARVÁEZ AZUCENA BLANCA" }, "geometry": { "type": "Point", "coordinates": [ -78.6262, -1.60658 ] } },
{ "type": "Feature", "properties": { "CI": "802757757", "GENERO": "MUJER", "PROVINCIA": "ESMERALDAS", "PARROQUIA": null, "SECTOR": null, "PLANIFICAC": "633 PRE FABRICADAS", "X": -79.67961, "Y": 0.90759, "CANTON": "ESMERALDAS", "NOMBRE": "JIMÉNEZ CASTILLO HEIDY NARCISA" }, "geometry": { "type": "Point", "coordinates": [ -79.67961, 0.90759 ] } }
]
}
